url,roles,affected_rows,status,http_status,final_url,content_type,error,checked_at
http://b-daryu.ru/,"official_website,source_url,source_urls",329,OPEN,200,http://b-daryu.ru/,text/html,,2026-09-26
http://dobriy-mir.org/,official_website,"100,101,103,104,105",ACCESS_RESTRICTED,403,http://dobriy-mir.org/,text/html,,2026-09-26
http://kcson38.ru/podrazdeleniya/otdel-srochnogo-sotsialnogo-obsluzhivaniya/,"source_url,source_urls",36,OPEN,200,http://kcson38.ru/podrazdeleniya/otdel-srochnogo-sotsialnogo-obsluzhivaniya/,text/html; charset=UTF-8,,2026-09-26
http://kcsonuzhur.ru/onas/otdelenie-srochnogo-soczialnogo-obsluzhivaniya/,"source_url,source_urls",82,OPEN,200,http://kcsonuzhur.ru/onas/otdelenie-srochnogo-soczialnogo-obsluzhivaniya/,text/html; charset=UTF-8,,2026-09-26
http://pomozhem-detyam.ru/,"official_website,user_action_url",62,OPEN,200,http://pomozhem-detyam.ru/,text/html,,2026-09-26
http://social.diaconia.ru/service/2230,"source_url,source_urls",156,OPEN,200,http://social.diaconia.ru/service/2230,text/html; charset=CP1251,,2026-09-26
http://social.diaconia.ru/service/2420,"source_url,source_urls",357,OPEN,200,http://social.diaconia.ru/service/2420,text/html; charset=CP1251,,2026-09-26
http://social.diaconia.ru/service/7846,"source_url,source_urls",157,OPEN,200,http://social.diaconia.ru/service/7846,text/html; charset=CP1251,,2026-09-26
http://sorm.cso52.ru/index.php/ser-documents/statement/ser/1959,"source_url,source_urls",110,OPEN,200,http://sorm.cso52.ru/index.php/ser-documents/statement/ser/1959,text/html; charset=utf-8,,2026-09-26
http://ssn.cso52.ru/,official_website,111,OPEN,200,http://ssn.cso52.ru/,text/html; charset=utf-8,,2026-09-26
http://ssn.cso52.ru/index.php/ser-social-service/innovations/item-bank,"source_url,source_urls,user_action_url",111,OPEN,200,http://ssn.cso52.ru/index.php/ser-social-service/innovations/item-bank,text/html; charset=utf-8,,2026-09-26
http://www.xn----8sbf4acpgxf7b8c.xn--p1ai/index.php/vsk-social-service/innovations/gosuslugi,"source_url,source_urls",108,OPEN,200,http://www.xn----8sbf4acpgxf7b8c.xn--p1ai/index.php/vsk-social-service/innovations/gosuslugi,text/html; charset=utf-8,,2026-09-26
http://www.xn--80adibwagbybb2aj.xn--p1ai/%D0%BF%D1%80%D0%B0%D0%B2%D0%BE%D1%81%D0%BB%D0%B0%D0%B2%D0%BD%D0%B0%D1%8F-%D1%81%D0%BB%D1%83%D0%B6%D0%B1%D0%B0-%D0%BC%D0%B8%D0%BB%D0%BE%D1%81%D0%B5%D1%80%D0%B4%D0%B8%D0%B5-%D0%B7%D0%B0-2,"source_url,source_urls",188,SERVER_ERROR,503,http://www.xn--80adibwagbybb2aj.xn--p1ai/%D0%BF%D1%80%D0%B0%D0%B2%D0%BE%D1%81%D0%BB%D0%B0%D0%B2%D0%BD%D0%B0%D1%8F-%D1%81%D0%BB%D1%83%D0%B6%D0%B1%D0%B0-%D0%BC%D0%B8%D0%BB%D0%BE%D1%81%D0%B5%D1%80%D0%B4%D0%B8%D0%B5-%D0%B7%D0%B0-2,,,2026-09-26
http://www.xn--80adibwagbybb2aj.xn--p1ai/wp-content/uploads/2023/02/%D0%9A%D0%BE%D0%BB%D0%BE%D0%BA%D0%BE%D0%BB_01_small.pdf,source_urls,188,OPEN,200,http://www.xn--80adibwagbybb2aj.xn--p1ai/wp-content/uploads/2023/02/%D0%9A%D0%BE%D0%BB%D0%BE%D0%BA%D0%BE%D0%BB_01_small.pdf,application/pdf,,2026-09-26
https://12.mchs.gov.ru/uploads/resource/2022-03-22/2022_1647935646513764205.pdf,source_urls,194,OPEN,200,https://12.mchs.gov.ru/uploads/resource/2022-03-22/2022_1647935646513764205.pdf,application/pdf,,2026-09-26
https://29.ru/text/gorod/2025/10/20/76077576/,"source_url,source_urls","7,8",OPEN,200,https://29.ru/text/gorod/2025/10/20/76077576/,text/html,,2026-09-26
https://2gis.ru/izhevsk/branches/70000001006480039,source_urls,329,OPEN,200,https://2gis.ru/izhevsk/branches/70000001006480039,text/html; charset=utf-8,,2026-09-26
https://2gis.ru/naryanmar/search/%D0%9E%D0%B1%D1%89%D0%B5%D1%81%D1%82%D0%B2%D0%B5%D0%BD%D0%BD%D1%8B%D0%B5%20%D0%BE%D1%80%D0%B3%D0%B0%D0%BD%D0%B8%D0%B7%D0%B0%D1%86%D0%B8%D0%B8%2C%20%D0%BF%D1%80%D0%BE%D1%84%D1%81%D0%BE%D1%8E%D0%B7%D1%8B/rubricId/250,source_urls,106,OPEN,200,https://2gis.ru/naryanmar/search/%D0%9E%D0%B1%D1%89%D0%B5%D1%81%D1%82%D0%B2%D0%B5%D0%BD%D0%BD%D1%8B%D0%B5%20%D0%BE%D1%80%D0%B3%D0%B0%D0%BD%D0%B8%D0%B7%D0%B0%D1%86%D0%B8%D0%B8%2C%20%D0%BF%D1%80%D0%BE%D1%84%D1%81%D0%BE%D1%8E%D0%B7%D1%8B/rubricId/250,text/html; charset=utf-8,,2026-09-26
https://2gis.ru/ryazan/firm/70000001060870142,source_urls,237,OPEN,200,https://2gis.ru/ryazan/firm/70000001060870142,text/html; charset=utf-8,,2026-09-26
https://2gis.ru/spb/firm/70000001113049372,"source_url,source_urls",257,OPEN,200,https://2gis.ru/spb/firm/70000001113049372,text/html; charset=utf-8,,2026-09-26
https://2gis.ru/syktyvkar/firm/10133627442615171/tab/inside,source_urls,183,OPEN,200,https://2gis.ru/syktyvkar/firm/10133627442615171/tab/inside,text/html; charset=utf-8,,2026-09-26
https://2gis.ru/togliatti/inside/3096860399024520,source_urls,240,OPEN,200,https://2gis.ru/togliatti/inside/3096860399024520,text/html; charset=utf-8,,2026-09-26
https://2gis.ru/ukhta/search/%D0%91%D0%BB%D0%B0%D0%B3%D0%BE%D1%82%D0%B2%D0%BE%D1%80%D0%B8%D1%82%D0%B5%D0%BB%D1%8C%D0%BD%D1%8B%D0%B5%20%D1%84%D0%BE%D0%BD%D0%B4%D1%8B%20%D0%B8%20%D0%BE%D1%80%D0%B3%D0%B0%D0%BD%D0%B8%D0%B7%D0%B0%D1%86%D0%B8%D0%B8/rubricId/494,source_urls,188,OPEN,200,https://2gis.ru/ukhta/search/%D0%91%D0%BB%D0%B0%D0%B3%D0%BE%D1%82%D0%B2%D0%BE%D1%80%D0%B8%D1%82%D0%B5%D0%BB%D1%8C%D0%BD%D1%8B%D0%B5%20%D1%84%D0%BE%D0%BD%D0%B4%D1%8B%20%D0%B8%20%D0%BE%D1%80%D0%B3%D0%B0%D0%BD%D0%B8%D0%B7%D0%B0%D1%86%D0%B8%D0%B8/rubricId/494,text/html; charset=utf-8,,2026-09-26
https://5-gorsk.ru/articles/21339-dorogoiu-dobra-mobilnaia-brigada-spesit-na-pomoshh,source_urls,303,OPEN,200,https://5-gorsk.ru/articles/21339-dorogoiu-dobra-mobilnaia-brigada-spesit-na-pomoshh,text/html; charset=utf-8,,2026-09-26
https://72.rosguard.gov.ru/news/article/rosgvardejcy-v-den-semi-lyubvi-i-vernosti-okazali-pomoshh-zhitelyam-tyumeni-okazavshimsya-v-slozhnoj-zhiznennoj-situacii,source_urls,327,OPEN,200,https://72.rosguard.gov.ru/news/article/rosgvardejcy-v-den-semi-lyubvi-i-vernosti-okazali-pomoshh-zhitelyam-tyumeni-okazavshimsya-v-slozhnoj-zhiznennoj-situacii,text/html; charset=utf-8,,2026-09-26
https://80.mchs.gov.ru/uploads/resource/2025-01-14/perechni-obektov-zashchity-kotorym-prisvoeny-kategorii-riskov_1736859465685706500.pdf,source_urls,26,OPEN,200,https://80.mchs.gov.ru/uploads/resource/2025-01-14/perechni-obektov-zashchity-kotorym-prisvoeny-kategorii-riskov_1736859465685706500.pdf,application/pdf,,2026-09-26
https://9may.unona.market/,source_urls,257,OPEN,200,https://9may.unona.market/,text/html; charset=UTF-8,,2026-09-26
https://abakan.ru/index.php/chto-proiskhodit/obshchestvo/item/21623-luchshe-chem-zhenshchina-zhenshchine-nikto-ne-pomozhet-kak-v-abakane-rabotaet-krizisnyj-tsentr-s-teplom-zabotoj-i-lyubov-yu,source_urls,217,OPEN,200,https://abakan.ru/index.php/chto-proiskhodit/obshchestvo/item/21623-luchshe-chem-zhenshchina-zhenshchine-nikto-ne-pomozhet-kak-v-abakane-rabotaet-krizisnyj-tsentr-s-teplom-zabotoj-i-lyubov-yu,text/html; charset=utf-8,,2026-09-26
https://achmag.ru/?p=39441,"source_url,source_urls",72,OPEN,200,https://achmag.ru/?p=39441,text/html; charset=UTF-8,,2026-09-26
https://acropolmall.ru/kontakty/,source_urls,51,OPEN,200,https://acropolmall.ru/kontakty/,text/html; charset=UTF-8,,2026-09-26
https://admomsk.gosuslugi.ru/,official_website,127,OPEN,200,https://admomsk.gosuslugi.ru/,text/html; charset=utf-8,,2026-09-26
https://admomsk.ru/web/guest/government/divisions/62/support,"source_url,source_urls,user_action_url",127,OPEN,200,https://admomsk.ru/web/guest/government/divisions/62/support,text/html;charset=UTF-8,,2026-09-26
https://alekseevskiy.tatarstan.ru/index.htm/news/2076484.htm,"source_url,source_urls",204,OPEN,200,https://alekseevskiy.tatarstan.ru/index.htm/news/2076484.htm,text/html; charset=UTF-8,,2026-09-26
https://andrey-perv.cerkov.ru/kontakty/,source_urls,207,OPEN,200,https://andrey-perv.cerkov.ru/kontakty/,text/html; charset=UTF-8,,2026-09-26
https://antispidnn.ru/allnews/tpost/mjo7mdgxh1-beremennim-nizhegorodkam-s-vich-budut-be,source_urls,109,OPEN,200,https://antispidnn.ru/allnews/tpost/mjo7mdgxh1-beremennim-nizhegorodkam-s-vich-budut-be,text/html; charset=UTF-8,,2026-09-26
https://anzhero.ru/news/detail/spisok-predsedateley-nablyudatelnykh-sovetov-komissiy-sozdannykh-dlya-osushchestvleniya-funktsiy-po-,source_urls,60,OPEN,200,https://anzhero.ru/news/detail/spisok-predsedateley-nablyudatelnykh-sovetov-komissiy-sozdannykh-dlya-osushchestvleniya-funktsiy-po-,text/html; charset=UTF-8,,2026-09-26
https://arigus.tv/news/society/174396-blagotvoritelnaya-stolovaya-otkrylas-v-khrame-ulan-ude/,"source_url,source_urls",158,OPEN,200,https://arigus.tv/news/society/174396-blagotvoritelnaya-stolovaya-otkrylas-v-khrame-ulan-ude/,text/html; charset=UTF-8,,2026-09-26
https://asi.org.ru/news/2020/09/30/v-kostrome-zarabotal-tsentr-vydachi-gumanitarnoj-pomoshhi/,"source_url,source_urls",67,OPEN,200,https://asi.org.ru/news/2020/09/30/v-kostrome-zarabotal-tsentr-vydachi-gumanitarnoj-pomoshhi/,text/html; charset=UTF-8,,2026-09-26
https://asi.org.ru/news/2022/09/20/czentr-gumanitarnoj-pomoshhi-semyam-v-trudnoj-situaczii-lepta-otkrylsya-v-volgograde/,source_urls,16,OPEN,200,https://asi.org.ru/news/2022/09/20/czentr-gumanitarnoj-pomoshhi-semyam-v-trudnoj-situaczii-lepta-otkrylsya-v-volgograde/,text/html; charset=UTF-8,,2026-09-26
https://asi.org.ru/report/2026/02/24/fond-miloserdie-peredal-semyam-230-tonn-detskogo-pitaniya/,"source_url,source_urls",90,OPEN,200,https://asi.org.ru/report/2026/02/24/fond-miloserdie-peredal-semyam-230-tonn-detskogo-pitaniya/,text/html; charset=UTF-8,,2026-09-26
https://asi.org.ru/report/2026/09/21/czentr-pomoshhi-vazhnye-veshhi-v-maikope-otmetil-pervuyu-godovshhinu/,"source_url,source_urls,user_action_url",152,OPEN,200,https://asi.org.ru/report/2026/09/21/czentr-pomoshhi-vazhnye-veshhi-v-maikope-otmetil-pervuyu-godovshhinu/,text/html; charset=UTF-8,,2026-09-26
https://bankvl.ru/personal/dobryie-dela/c-miry-po-nitke.html,source_urls,20,TLS_ERROR,,,,"HTTPSConnectionPool(host='bankvl.ru', port=443): Max retries exceeded with url: /personal/dobryie-dela/c-miry-po-nitke.html (Caused by SSLError(SSLCertVerificationError(1, '[SSL: CERTIFICATE_VERIFY_FAILED] certificate verify failed: unable to get loc",2026-09-26
https://base.garant.ru/31736839/,source_urls,264,OPEN,200,https://base.garant.ru/31736839/,text/html; charset=windows-1251,,2026-09-26
https://base.garant.ru/408960257/31de5683116b8d79b08fa2d768e33df6/,source_urls,129,OPEN,200,https://base.garant.ru/408960257/31de5683116b8d79b08fa2d768e33df6/,text/html; charset=windows-1251,,2026-09-26
https://base.garant.ru/409296536/,source_urls,358,OPEN,200,https://base.garant.ru/409296536/,text/html; charset=windows-1251,,2026-09-26
https://base.garant.ru/413738922/,"source_url,source_urls,user_action_url",26,OPEN,200,https://base.garant.ru/413738922/,text/html; charset=windows-1251,,2026-09-26
https://bel.cultreg.ru/places/82/centr-svyatitelya-ioasafa,source_urls,11,OPEN,200,https://bel.cultreg.ru/places/82/centr-svyatitelya-ioasafa,text/html; charset=utf-8,,2026-09-26
https://blago-samara.ru/campaigns/proekt-blagodaru-s/,"source_url,source_urls","238,240,241,242,243,244,245",OPEN,200,https://blago-samara.ru/campaigns/proekt-blagodaru-s/,text/html; charset=UTF-8,,2026-09-26
https://blago-samara.ru/ezhemesyachnyj-vestnik-proekta-blagodaryu-za-iyun-2026-goda/,source_urls,"238,240,241,242,243,244,245",OPEN,200,https://blago-samara.ru/ezhemesyachnyj-vestnik-proekta-blagodaryu-za-iyun-2026-goda/,text/html; charset=UTF-8,,2026-09-26
https://blago-samara.ru/uslugi-i-adresa-kuratorov-sroo-svezhij-veter-pobeditelya-fonda-prezidentskix-grantov/,"source_url,source_urls",240,OPEN,200,https://blago-samara.ru/uslugi-i-adresa-kuratorov-sroo-svezhij-veter-pobeditelya-fonda-prezidentskix-grantov/,text/html; charset=UTF-8,,2026-09-26
https://blagodari.org/,official_website,"88,89",TIMEOUT,,,,"HTTPSConnectionPool(host='blagodari.org', port=443): Read timed out. (read timeout=8)",2026-09-26
https://blagodari.org/%D0%BA%D0%B0%D0%BA-%D0%BF%D0%BE%D0%BB%D1%83%D1%87%D0%B8%D1%82%D1%8C-%D0%BF%D0%BE%D0%BC%D0%BE%D1%89%D1%8C/,"source_urls,user_action_url","88,89",TIMEOUT,,,,"HTTPSConnectionPool(host='blagodari.org', port=443): Read timed out. (read timeout=8)",2026-09-26
https://blagodari.org/%D0%BE-%D0%BD%D0%B0%D1%81/csa_otdushina/,source_urls,88,TIMEOUT,,,,"HTTPSConnectionPool(host='blagodari.org', port=443): Read timed out. (read timeout=8)",2026-09-26
https://buslife74.ru/,official_website,"339,346,347,349",OPEN,200,https://buslife74.ru/,text/html; charset=utf-8,,2026-09-26
https://buslife74.ru/avtobus-zhizni,"source_url,source_urls,user_action_url","346,347,349",OPEN,200,https://buslife74.ru/avtobus-zhizni,text/html; charset=utf-8,,2026-09-26
https://buslife74.ru/dushevnaya-prachechnaya,"source_url,source_urls,user_action_url",339,OPEN,200,https://buslife74.ru/dushevnaya-prachechnaya,text/html; charset=utf-8,,2026-09-26
https://caritasomsk.ru/,official_website,128,OPEN,200,https://caritasomsk.ru/,text/html; charset=UTF-8,,2026-09-26
https://caritasomsk.ru/proyekty/sotsialnaya-stolovaya/,"source_url,source_urls",128,OPEN,200,https://caritasomsk.ru/proyekty/sotsialnaya-stolovaya/,text/html; charset=UTF-8,,2026-09-26
https://caritasomsk.ru/мне-нужна-помощь/,source_urls,128,OPEN,200,https://caritasomsk.ru/%D0%BC%D0%BD%D0%B5-%D0%BD%D1%83%D0%B6%D0%BD%D0%B0-%D0%BF%D0%BE%D0%BC%D0%BE%D1%89%D1%8C/,text/html; charset=UTF-8,,2026-09-26
https://cef.ru/novosti/volontery-cerkvi-proslavleniya-zapustili-besplatnye-strizhki-dlya-bezdomnyx-i-maloimushhix-v-tomske/,source_urls,"308,312,313,315,319,320,322,323,325",OPEN,200,https://cef.ru/novosti/volontery-cerkvi-proslavleniya-zapustili-besplatnye-strizhki-dlya-bezdomnyx-i-maloimushhix-v-tomske/,text/html; charset=UTF-8,,2026-09-26
https://check.tochka.com/company/1024601220445/,source_urls,87,TLS_ERROR,,,,"HTTPSConnectionPool(host='check.tochka.com', port=443): Max retries exceeded with url: /company/1024601220445/ (Caused by SSLError(SSLCertVerificationError(1, '[SSL: CERTIFICATE_VERIFY_FAILED] certificate verify failed: self-signed certificate in cer",2026-09-26
https://check.tochka.com/company/1229300086476/,source_urls,26,TLS_ERROR,,,,"HTTPSConnectionPool(host='check.tochka.com', port=443): Max retries exceeded with url: /company/1229300086476/ (Caused by SSLError(SSLCertVerificationError(1, '[SSL: CERTIFICATE_VERIFY_FAILED] certificate verify failed: self-signed certificate in cer",2026-09-26
https://church-pokrov.ru/,official_website,253,OPEN,200,https://church-pokrov.ru/,text/html; charset=UTF-8,,2026-09-26
https://church-pokrov.ru/zhizn-hrama/sotsialnoe-byuro/,"source_url,source_urls",253,OPEN,200,https://church-pokrov.ru/zhizn-hrama/sotsialnoe-byuro/,text/html; charset=UTF-8,,2026-09-26
https://cityratings.ru/kuda-sdat-nenuzhnye-veshi-v-saranske/,source_urls,198,OPEN,200,https://cityratings.ru/kuda-sdat-nenuzhnye-veshi-v-saranske/,text/html; charset=UTF-8,,2026-09-26
https://civitora.ru/krymskaya-mitropoliya-besplatno-kormit-nuzhdayushchikhsya-po-2026-07-07,source_urls,"189,190,192",OPEN,200,https://civitora.ru/krymskaya-mitropoliya-besplatno-kormit-nuzhdayushchikhsya-po-2026-07-07,text/html; charset=utf-8,,2026-09-26
https://club45841539.orgs.biz/,source_urls,304,OPEN,200,https://club45841539.orgs.biz/,text/html; charset=utf-8,,2026-09-26
https://cpsnv.ru/,official_website,336,OPEN,200,https://cpsnv.ru/,text/html; charset=UTF-8,,2026-09-26
https://cpsnv.ru/help-survive.php,"source_url,source_urls,user_action_url",336,OPEN,200,https://cpsnv.ru/help-survive.php,text/html; charset=UTF-8,,2026-09-26
https://crimea-eparhia.ru/,official_website,"189,190,191,192,290,291,292",OPEN,200,https://crimea-eparhia.ru/,text/html,,2026-09-26
https://crimea-eparhia.ru/161551.html,source_urls,291,OPEN,200,https://crimea-eparhia.ru/161551.html,text/html,,2026-09-26
https://crimea-eparhia.ru/179678.html,"source_url,source_urls","189,190,191,192,290,291,292",OPEN,200,https://crimea-eparhia.ru/179678.html,text/html,,2026-09-26
https://cso-ber.ru/,official_website,74,OPEN,200,https://cso-ber.ru/,text/html; charset=UTF-8,,2026-09-26
https://cso-ber.ru/отделение-срочного-социального-обсл/,"source_url,source_urls",74,OPEN,200,https://cso-ber.ru/%D0%BE%D1%82%D0%B4%D0%B5%D0%BB%D0%B5%D0%BD%D0%B8%D0%B5-%D1%81%D1%80%D0%BE%D1%87%D0%BD%D0%BE%D0%B3%D0%BE-%D1%81%D0%BE%D1%86%D0%B8%D0%B0%D0%BB%D1%8C%D0%BD%D0%BE%D0%B3%D0%BE-%D0%BE%D0%B1%D1%81%D0%BB/,text/html; charset=UTF-8,,2026-09-26
https://cson-09.ru/,official_website,59,OPEN,200,https://cson-09.ru/,text/html; charset=UTF-8,,2026-09-26
https://cson-09.ru/contacts,"source_urls,user_action_url",59,OPEN,200,https://cson-09.ru/contacts,text/html; charset=UTF-8,,2026-09-26
https://cson-09.ru/files/shares/Ustav_RBU_CSON.pdf,source_urls,59,OPEN,200,https://cson-09.ru/files/shares/Ustav_RBU_CSON.pdf,application/pdf,,2026-09-26
https://cson-09.ru/otdelenie-srochnoj-pomoshi-po-cherkesskomu-gorodskomu-okrugu,"source_url,source_urls",59,OPEN,200,https://cson-09.ru/otdelenie-srochnoj-pomoshi-po-cherkesskomu-gorodskomu-okrugu,text/html; charset=UTF-8,,2026-09-26
https://derbent.ru/upload/iblock/a63/a63221361777d63f9dcce2e515798460.pdf,source_urls,159,TLS_ERROR,,,,"HTTPSConnectionPool(host='derbent.ru', port=443): Max retries exceeded with url: /upload/iblock/a63/a63221361777d63f9dcce2e515798460.pdf (Caused by SSLError(SSLCertVerificationError(1, '[SSL: CERTIFICATE_VERIFY_FAILED] certificate verify failed: unab",2026-09-26
https://derbent.spravker.ru/blagotvoritelnye-fondy/chistoe-serdtse-1.htm,source_urls,159,OPEN,200,https://derbent.spravker.ru/blagotvoritelnye-fondy/chistoe-serdtse-1.htm,text/html; charset=utf-8,,2026-09-26
https://detdom19.ucoz.ru/,"official_website,source_url,source_urls",6,OPEN,200,https://detdom19.ucoz.ru/,text/html; charset=UTF-8,,2026-09-26
https://detdom19.ucoz.ru/index/osnovnye_svedenija/0-2,"source_urls,user_action_url",6,OPEN,200,https://detdom19.ucoz.ru/index/osnovnye_svedenija/0-2,text/html; charset=UTF-8,,2026-09-26
https://detdom19.ucoz.ru/index/porjadok_i_uslovija_predostavlenija_socialnykh_uslug/0-81,source_urls,6,OPEN,200,https://detdom19.ucoz.ru/index/informacija_o_predostavlenii_socialnykh_uslug/0-81,text/html; charset=UTF-8,,2026-09-26
https://detdom19.ucoz.ru/index/vidy_socialnykh_uslug/0-80,source_urls,6,OPEN,200,https://detdom19.ucoz.ru/index/vidy_socialnykh_uslug/0-80,text/html; charset=UTF-8,,2026-09-26
https://deti-fond.tomsk.ru/,official_website,"317,318",OPEN,200,https://deti-fond.tomsk.ru/,text/html; charset=UTF-8,,2026-09-26
https://deti-fond.tomsk.ru/about/get_help,"source_url,source_urls","317,318",OPEN,200,https://deti-fond.tomsk.ru/about/get_help,text/html; charset=UTF-8,,2026-09-26
https://deti-fond.tomsk.ru/news,source_urls,318,OPEN,200,https://deti-fond.tomsk.ru/news,text/html; charset=UTF-8,,2026-09-26
https://deti-fond.tomsk.ru/news/obavlenie-izmenilos-vrema-raboty-sklada,source_urls,317,OPEN,200,https://deti-fond.tomsk.ru/news/obavlenie-izmenilos-vrema-raboty-sklada,text/html; charset=UTF-8,,2026-09-26
https://deti-fond.tomsk.ru/news/radostnaa-novost-nas-priut-malenkaa-mama-snova-otkryt,source_urls,318,OPEN,200,https://deti-fond.tomsk.ru/news/radostnaa-novost-nas-priut-malenkaa-mama-snova-otkryt,text/html; charset=UTF-8,,2026-09-26
https://deti-fond.tomsk.ru/services/malenkaa-mama,source_urls,318,OPEN,200,https://deti-fond.tomsk.ru/services/malenkaa-mama,text/html; charset=UTF-8,,2026-09-26
https://deti-fond.tomsk.ru/services/sklad-vesej,"source_url,source_urls",317,OPEN,200,https://deti-fond.tomsk.ru/services/sklad-vesej,text/html; charset=UTF-8,,2026-09-26
https://deti-fond.tomsk.ru/uploads/files/%D0%A4%D0%BE%D0%BD%D0%B4%20%D0%9F%D1%80%D0%B0%D0%B2%D0%BE%20%D0%BD%D0%B0%20%D0%B4%D0%B5%D1%82%D1%81%D1%82%D0%B2%D0%BE%20%D0%BE%D1%82%D1%87%D0%B5%D1%82%202023%20%D0%B3%D0%BE%D0%B4.pdf,source_urls,"317,318",OPEN,200,https://deti-fond.tomsk.ru/uploads/files/%D0%A4%D0%BE%D0%BD%D0%B4%20%D0%9F%D1%80%D0%B0%D0%B2%D0%BE%20%D0%BD%D0%B0%20%D0%B4%D0%B5%D1%82%D1%81%D1%82%D0%B2%D0%BE%20%D0%BE%D1%82%D1%87%D0%B5%D1%82%202023%20%D0%B3%D0%BE%D0%B4.pdf,application/pdf,,2026-09-26
https://deti.gov.ru/Press-Centr/region-news/20661,"source_url,source_urls,user_action_url",186,OPEN,200,https://deti.gov.ru/Press-Centr/region-news/20661,text/html; charset=UTF-8,,2026-09-26
https://deti.gov.ru/Press-Centr/region-news/23473,"source_url,source_urls,user_action_url",217,OPEN,200,https://deti.gov.ru/Press-Centr/region-news/23473,text/html; charset=UTF-8,,2026-09-26
https://diaconia.ru/n/predstavitel-sinodalnogo-otdela-posetila-chistopolskuyu-eparhiyu/,source_urls,204,OPEN,200,https://diaconia.ru/n/predstavitel-sinodalnogo-otdela-posetila-chistopolskuyu-eparhiyu/,text/html; charset=UTF-8,,2026-09-26
https://diaconiafond.ru/,official_website,251,OPEN,200,https://diaconiafond.ru/,text/html; charset=UTF-8,,2026-09-26
https://diaconiafond.ru/proekty/avtobus-miloserdiya/,"source_url,source_urls",251,OPEN,200,https://diaconiafond.ru/proekty/avtobus-miloserdiya/,text/html; charset=UTF-8,,2026-09-26
https://dobro-yar.ru/,official_website,"360,362",TLS_ERROR,,,,"HTTPSConnectionPool(host='dobro-yar.ru', port=443): Max retries exceeded with url: / (Caused by SSLError(SSLCertVerificationError(1, ""[SSL: CERTIFICATE_VERIFY_FAILED] certificate verify failed: Hostname mismatch, certificate is not valid for 'dobro-y",2026-09-26
https://dobro.live/publikacii/v-majkope-sostoyalos-torzhestvennoe-otkrytie-centra-blagotvoritelnoj-pomoshi-vazhnye-veshi,source_urls,152,OPEN,200,https://dobro.live/publikacii/v-majkope-sostoyalos-torzhestvennoe-otkrytie-centra-blagotvoritelnoj-pomoshi-vazhnye-veshi,text/html;charset=utf-8,,2026-09-26
https://dobro.ru/event/11033232,source_urls,263,OPEN,200,https://dobro.ru/event/11033232,text/html; charset=utf-8,,2026-09-26
https://dobro.ru/event/11319381,"source_url,source_urls",263,OPEN,200,https://dobro.ru/event/11319381,text/html; charset=utf-8,,2026-09-26
https://dobro.ru/organizations/10012632/about,source_urls,52,OPEN,200,https://dobro.ru/organizations/10012632/about,text/html; charset=utf-8,,2026-09-26
https://dobro.ru/organizations/10019293/about,"source_url,source_urls",20,OPEN,200,https://dobro.ru/organizations/10019293/about,text/html; charset=utf-8,,2026-09-26
https://dobro.ru/organizations/10021676/about,source_urls,"352,353,354",OPEN,200,https://dobro.ru/organizations/10021676/about,text/html; charset=utf-8,,2026-09-26
https://dobro.ru/organizations/10034779/about,source_urls,160,OPEN,200,https://dobro.ru/organizations/10034779/about,text/html; charset=utf-8,,2026-09-26
https://dobro.ru/organizations/10058615/feed,"official_website,source_url,source_urls","137,145,146,147,148",OPEN,200,https://dobro.ru/organizations/10058615/feed,text/html; charset=utf-8,,2026-09-26
https://dobro.ru/organizations/10089099/about,"source_url,source_urls","360,362",OPEN,200,https://dobro.ru/organizations/10089099/about,text/html; charset=utf-8,,2026-09-26
https://dobro.ru/organizations/152432/about,"source_url,source_urls",113,OPEN,200,https://dobro.ru/organizations/152432/about,text/html; charset=utf-8,,2026-09-26
https://dobro.ru/project/10118658,source_urls,"137,145,146,147,148",OPEN,200,https://dobro.ru/project/10118658,text/html; charset=utf-8,,2026-09-26
https://dobro.ru/project/31088,"source_url,source_urls,user_action_url",89,OPEN,200,https://dobro.ru/project/31088,text/html; charset=utf-8,,2026-09-26
https://dobrodelynn.ru/,official_website,"107,112",OPEN,200,https://dobrodelynn.ru/,text/html; charset=UTF-8,,2026-09-26
https://dobrodelynn.ru/gumcentr,"source_url,source_urls","107,112",OPEN,200,https://dobrodelynn.ru/gumcentr,text/html; charset=UTF-8,,2026-09-26
https://dobrodomik.ru/,official_website,"114,254,255,258",TLS_ERROR,,,,"HTTPSConnectionPool(host='dobrodomik.ru', port=443): Max retries exceeded with url: / (Caused by SSLError(SSLCertVerificationError(1, '[SSL: CERTIFICATE_VERIFY_FAILED] certificate verify failed: unable to get local issuer certificate (_ssl.c:1081)'))",2026-09-26
https://dobrserdce.aln.socinfo.ru/,"official_website,user_action_url",202,OPEN,200,https://dobrserdce.aln.socinfo.ru/,text/html; charset=utf-8,,2026-09-26
https://dobrserdce.aln.socinfo.ru/postavshik,"source_url,source_urls",202,OPEN,200,https://dobrserdce.aln.socinfo.ru/postavshik,text/html; charset=utf-8,,2026-09-26
https://doz9.kmr.socinfo.ru/,official_website,61,OPEN,200,https://doz9.kmr.socinfo.ru/,text/html; charset=utf-8,,2026-09-26
https://drevo-info.ru/news/28060,"source_url,source_urls",224,OPEN,200,https://drevo-info.ru/news/28060,text/html; charset=UTF-8,,2026-09-26
https://dszn.tomsk.gov.ru/documents/front/view/id/1270,source_urls,"309,321",OPEN,200,https://dszn.tomsk.gov.ru/documents/front/view/id/1270,text/html; charset=UTF-8,,2026-09-26
https://dszn.tomsk.gov.ru/opendata/front/getTable/id/66,source_urls,309,OPEN,200,https://dszn.tomsk.gov.ru/opendata/front/getTable/id/66,text/html; charset=UTF-8,,2026-09-26
https://dszn.tomsk.gov.ru/people/front/view/id/798,"source_url,source_urls",309,OPEN,200,https://dszn.tomsk.gov.ru/people/front/view/id/798,text/html; charset=UTF-8,,2026-09-26
https://dszn.tomsk.gov.ru/srochnye-sotsialnye-uslugi,"source_url,source_urls","309,321",OPEN,200,https://dszn.tomsk.gov.ru/srochnye-sotsialnye-uslugi,text/html; charset=UTF-8,,2026-09-26
https://dsznko.ru/news/v-kemerovskom-tsentre-sotsialnoy-adaptatsii-naseleniya-otkryt-filial,source_urls,60,TLS_ERROR,,,,"HTTPSConnectionPool(host='dsznko.ru', port=443): Max retries exceeded with url: /news/v-kemerovskom-tsentre-sotsialnoy-adaptatsii-naseleniya-otkryt-filial (Caused by SSLError(SSLCertVerificationError(1, '[SSL: CERTIFICATE_VERIFY_FAILED] certificate v",2026-09-26
https://edu.dobro.ru/upload/uf/257/25797f8e325c980e78d924b08c904367.pdf,source_urls,336,OPEN,200,https://edu.dobro.ru/upload/uf/257/25797f8e325c980e78d924b08c904367.pdf,application/pdf,,2026-09-26
https://ekaterinburg-eparhia.ru/,official_website,282,OPEN,200,https://ekaterinburg-eparhia.ru/,text/html; charset=UTF-8,,2026-09-26
https://ekaterinburg-eparhia.ru/building/chrames/226/,"official_website,source_url,source_urls",272,OPEN,200,https://ekaterinburg-eparhia.ru/building/chrames/226/,text/html; charset=UTF-8,,2026-09-26
https://ekaterinburg-eparhia.ru/news/2024/11/12/156174/,"source_url,source_urls",282,OPEN,200,https://ekaterinburg-eparhia.ru/news/2024/11/12/156174/,text/html; charset=UTF-8,,2026-09-26
https://ekbmiloserdie.ru/autobus,"official_website,source_url,source_urls",270,OPEN,200,https://ekbmiloserdie.ru/autobus,text/html; charset=utf-8,,2026-09-26
https://elizafond.ru/,"official_website,source_url,source_urls,user_action_url",10,OPEN,200,https://elizafond.ru/,text/html; charset=UTF-8,,2026-09-26
https://eparh33.ru/,"official_website,source_urls",14,OPEN,200,https://eparh33.ru/,text/html; charset=UTF-8,,2026-09-26
https://eparhia-kaluga.ru/news/kaluzhskaja-eparhija-anonsy/12658-materinskij-kovcheg.html,"official_website,source_url,source_urls",55,OPEN,200,https://eparhia-kaluga.ru/news/kaluzhskaja-eparhija-anonsy/12658-materinskij-kovcheg.html,text/html; charset=utf-8,,2026-09-26
https://eparhia-tmb.ru/eparhialnoe-upravlenie/otdel-po-czerkovnoj-blagotvoritelnosti-i-soczialnomu-sluzheniyu/,"official_website,source_url,source_urls",304,OPEN,200,https://eparhia-tmb.ru/eparhialnoe-upravlenie/otdel-po-czerkovnoj-blagotvoritelnosti-i-soczialnomu-sluzheniyu/,text/html; charset=UTF-8,,2026-09-26
https://feedtogether.ru/,"source_url,source_urls",140,OPEN,200,https://feedtogether.ru/,text/html; charset=UTF-8,,2026-09-26
https://fond-detyam.ru/novosti-fonda/18320/,source_urls,202,OPEN,200,https://fond-detyam.ru/novosti-fonda/18320/,text/html; charset=UTF-8,,2026-09-26
https://fond05.ru/,official_website,"159,160",OPEN,200,https://fond05.ru/,text/html; charset=UTF-8,,2026-09-26
https://fond05.ru/projects/93,"source_url,source_urls,user_action_url","159,160",OPEN,200,https://fond05.ru/projects/93,text/html; charset=UTF-8,,2026-09-26
https://fond05.ru/projects/96,source_urls,160,OPEN,200,https://fond05.ru/projects/96,text/html; charset=UTF-8,,2026-09-26
https://fond05.ru/requisites,source_urls,160,OPEN,200,https://fond05.ru/requisites,text/html; charset=UTF-8,,2026-09-26
https://fondkristall.ru/,official_website,219,OPEN,200,https://fondkristall.ru/,text/html; charset=UTF-8,,2026-09-26
https://fondkristall.ru/news/,source_urls,219,OPEN,200,https://fondkristall.ru/news/,text/html; charset=UTF-8,,2026-09-26
https://fondkristall.ru/projects/soczialnaya-stolovaya/,"source_url,source_urls,user_action_url",219,OPEN,200,https://fondkristall.ru/projects/soczialnaya-stolovaya/,text/html; charset=UTF-8,,2026-09-26
https://fondoblaka.com/,official_website,"1,2,3,4,5,153",OPEN,200,https://fondoblaka.com/,text/html; charset=UTF-8,,2026-09-26
https://fondoblaka.com/heart_altay,"source_url,source_urls","1,2,3,4,5",OPEN,200,https://fondoblaka.com/heart_altay,text/html; charset=UTF-8,,2026-09-26
https://fondoblaka.com/programs/compleksprogram,"source_url,source_urls,user_action_url",153,OPEN,200,https://fondoblaka.com/programs/compleksprogram,text/html; charset=UTF-8,,2026-09-26
https://fondserdce.ru/,"official_website,source_urls",24,OPEN,200,https://fondserdce.ru/,text/html; charset=UTF-8,,2026-09-26
https://fondserdce.ru/campaign/pomoshh-pozhilym-lyudyam/,"source_url,source_urls,user_action_url",24,OPEN,200,https://fondserdce.ru/campaign/pomoshh-pozhilym-lyudyam/,text/html; charset=UTF-8,,2026-09-26
https://foodbankrus74.ru/,official_website,340,OPEN,200,https://foodbankrus74.ru/,text/html; charset=UTF-8,,2026-09-26
https://foodbankrus74.ru/kontakty,source_urls,340,OPEN,200,https://foodbankrus74.ru/kontakty,text/html; charset=UTF-8,,2026-09-26
https://foodbankrus74.ru/o-fonde,"source_url,source_urls,user_action_url",340,OPEN,200,https://foodbankrus74.ru/o-fonde,text/html; charset=UTF-8,,2026-09-26
https://foundtesham.ru/,official_website,"161,162",OPEN,200,https://foundtesham.ru/,text/html; charset=UTF-8,,2026-09-26
https://foundtesham.ru/contacts/,"source_urls,user_action_url","161,162",OPEN,200,https://foundtesham.ru/contacts/,text/html; charset=UTF-8,,2026-09-26
https://foundtesham.ru/nemnogo-o-veshhevoj-programme-fonda/,"source_url,source_urls","161,162",OPEN,200,https://foundtesham.ru/nemnogo-o-veshhevoj-programme-fonda/,text/html; charset=UTF-8,,2026-09-26
https://gatchina47.ru/news/23455-segodnja-den-bezdomnogo-cheloveka-podderzhite-teh-kto-pomogaet.html,"source_url,source_urls",88,OPEN,200,https://gatchina47.ru/news/23455-segodnja-den-bezdomnogo-cheloveka-podderzhite-teh-kto-pomogaet.html,text/html; charset=utf-8,,2026-09-26
https://gbusonsel.ru/,official_website,302,TLS_ERROR,,,,"HTTPSConnectionPool(host='gbusonsel.ru', port=443): Max retries exceeded with url: / (Caused by SSLError(SSLCertVerificationError(1, '[SSL: CERTIFICATE_VERIFY_FAILED] certificate verify failed: self-signed certificate in certificate chain (_ssl.c:108",2026-09-26
https://gbusonsel.ru/o-tsentre-158/o-tsentre.html,source_urls,302,TLS_ERROR,,,,"HTTPSConnectionPool(host='gbusonsel.ru', port=443): Max retries exceeded with url: /o-tsentre-158/o-tsentre.html (Caused by SSLError(SSLCertVerificationError(1, '[SSL: CERTIFICATE_VERIFY_FAILED] certificate verify failed: self-signed certificate in c",2026-09-26
https://gbusonsel.ru/struktura-uchrezhdenija-175/polustatsionarnoe-obsluzhivanie/otdelenie-srochnogo-sotsialnogo-obsluzhivanija.html,"source_url,source_urls,user_action_url",302,TLS_ERROR,,,,"HTTPSConnectionPool(host='gbusonsel.ru', port=443): Max retries exceeded with url: /struktura-uchrezhdenija-175/polustatsionarnoe-obsluzhivanie/otdelenie-srochnogo-sotsialnogo-obsluzhivanija.html (Caused by SSLError(SSLCertVerificationError(1, '[SSL:",2026-09-26
https://georgievsk.ru/gazeta-georgievskaya-okruga/2019/%E2%84%9649_19-07-2019.pdf,"source_url,source_urls",296,OPEN,200,https://georgievsk.ru/gazeta-georgievskaya-okruga/2019/%E2%84%9649_19-07-2019.pdf,application/pdf,,2026-09-26
https://georgievsk.ru/gazeta-georgievskaya-okruga/2025/%E2%84%966_14-02-2025.pdf,"source_urls,user_action_url",296,OPEN,200,https://georgievsk.ru/gazeta-georgievskaya-okruga/2025/%E2%84%966_14-02-2025.pdf,application/pdf,,2026-09-26
https://gnkk.ru/articles/podgotovilis-na-otlichno/,source_urls,"72,79",ACCESS_RESTRICTED,403,https://gnkk.ru/articles/podgotovilis-na-otlichno/,text/html,,2026-09-26
https://gorcom36.ru/content/v-voronezhe-otkrylas-blagotvoritelnaya-stolovaya-dlya-odinokikh-pensionerov-i-invalidov/,source_urls,24,OPEN,200,https://gorcom36.ru/content/v-voronezhe-otkrylas-blagotvoritelnaya-stolovaya-dlya-odinokikh-pensionerov-i-invalidov/,text/html; charset=UTF-8,,2026-09-26
https://grushincenter.ru/,official_website,257,OPEN,200,https://grushincenter.ru/,text/html; charset=UTF-8,,2026-09-26
https://gtrkamur.ru/news/2026/02/04/502998,source_urls,6,OPEN,200,https://gtrkamur.ru/news/2026/02/04/502998,text/html; charset=UTF-8,,2026-09-26
https://hayra.ru/,official_website,"352,353,354",OPEN,200,https://hayra.ru/,text/html; charset=UTF-8,,2026-09-26
https://hayra.ru/author/hayra/page/8/,source_urls,"352,353,354",OPEN,200,https://hayra.ru/author/hayra/page/8/,text/html; charset=UTF-8,,2026-09-26
https://hayra.ru/get-help/,"source_urls,user_action_url","352,353,354",OPEN,200,https://hayra.ru/get-help/,text/html; charset=UTF-8,,2026-09-26
https://hayra.ru/kontakty/,"source_url,source_urls","352,353,354",OPEN,200,https://hayra.ru/kontakty/,text/html; charset=UTF-8,,2026-09-26
https://hkmiloserdie.ru/,official_website,334,OPEN,200,https://hkmiloserdie.ru/,text/html; charset=UTF-8,,2026-09-26
https://hkmiloserdie.ru/gumanitarnyj-sklad-v-komsomolske-na-amure/,"source_url,source_urls",334,OPEN,200,https://hkmiloserdie.ru/gumanitarnyj-sklad-v-komsomolske-na-amure/,text/html; charset=UTF-8,,2026-09-26
https://hnir21.cerkov.ru/o-xrame/centr-gumanitarnoj-pomoshhi-pri-xrame/,source_urls,355,OPEN,200,https://hnir21.cerkov.ru/o-xrame/centr-gumanitarnoj-pomoshhi-pri-xrame/,text/html; charset=UTF-8,,2026-09-26
https://homeless.ru/bezdomnyj-v-podezde-chto-delat/,"source_url,source_urls","246,248,250,251,252,256,259",OPEN,200,https://homeless.ru/bezdomnyj-v-podezde-chto-delat/,text/html; charset=utf-8,,2026-09-26
https://homelessperm.ru/edanakolesah,"source_url,source_urls","138,141,143,144",OPEN,200,https://homelessperm.ru/edanakolesah,text/html; charset=UTF-8,,2026-09-26
https://homelessperm.ru/needhelp,"source_url,source_urls","137,139,145,146,147,148",OPEN,200,https://homelessperm.ru/needhelp,text/html; charset=UTF-8,,2026-09-26
https://horoshieludi.com/,"source_url,source_urls","260,261",OPEN,200,https://horoshieludi.com/,text/html; charset=UTF-8,,2026-09-26
https://hram-sergiya.cerkov.ru/dobryj-domik/,"official_website,source_url,source_urls,user_action_url",17,OPEN,200,https://hram-sergiya.cerkov.ru/dobryj-domik/,text/html; charset=UTF-8,,2026-09-26
https://hramiv74.ru/socialservice,"official_website,source_url,source_urls,user_action_url",348,OPEN,200,https://hramiv74.ru/socialservice,text/html; charset=UTF-8,,2026-09-26
https://iap.minsoc08.ru/EE/Offices/GeneralInfo/15,source_urls,164,TLS_ERROR,,,,"HTTPSConnectionPool(host='iap.minsoc08.ru', port=443): Max retries exceeded with url: /EE/Offices/GeneralInfo/15 (Caused by SSLError(SSLCertVerificationError(1, '[SSL: CERTIFICATE_VERIFY_FAILED] certificate verify failed: unable to get local issuer c",2026-09-26
https://iap.minsoc08.ru/SP/Offices/GeneralInfo/8?returnUrl=%2FSP%2FOffices%2FSpProvider,"source_url,source_urls",163,TLS_ERROR,,,,"HTTPSConnectionPool(host='iap.minsoc08.ru', port=443): Max retries exceeded with url: /SP/Offices/GeneralInfo/8?returnUrl=%2FSP%2FOffices%2FSpProvider (Caused by SSLError(SSLCertVerificationError(1, '[SSL: CERTIFICATE_VERIFY_FAILED] certificate verif",2026-09-26
https://kaluga-bomj.ru/,official_website,53,OPEN,200,https://kaluga-bomj.ru/,text/html; charset=UTF-8,,2026-09-26
https://kaluga-bomj.ru/materialno-tehnicheskoe-obespechenie/,"source_url,source_urls",53,OPEN,200,https://kaluga-bomj.ru/materialno-tehnicheskoe-obespechenie/,text/html; charset=UTF-8,,2026-09-26
https://kaluga-bomj.ru/otvety-na-voprosy/,source_urls,53,OPEN,200,https://kaluga-bomj.ru/otvety-na-voprosy/,text/html; charset=UTF-8,,2026-09-26
https://kaluga-bomj.ru/struktura/,source_urls,53,OPEN,200,https://kaluga-bomj.ru/struktura/,text/html; charset=UTF-8,,2026-09-26
https://kamsoccentr.ru/,official_website,57,OPEN,200,https://kamsoccentr.ru/,text/html; charset=UTF-8,,2026-09-26
https://kamsoccentr.ru/news/10095/,"source_url,source_urls",57,OPEN,200,https://kamsoccentr.ru/news/10095/,text/html; charset=UTF-8,,2026-09-26
https://kamsoccentr.ru/services/service_terms/,source_urls,57,OPEN,200,https://kamsoccentr.ru/services/service_terms/,text/html; charset=UTF-8,,2026-09-26
https://kazanmiloserdie.ru/,official_website,"194,205,206,207,208,209,210,211,212,213,214,215",OPEN,200,https://kazanmiloserdie.ru/,text/html; charset=UTF-8,,2026-09-26
https://kazanmiloserdie.ru/news/dashenka-prishla-o-soczialnom-sluzhenii-materi-odinochki-iz-arska/,"source_url,source_urls",205,OPEN,200,https://kazanmiloserdie.ru/news/dashenka-prishla-o-soczialnom-sluzhenii-materi-odinochki-iz-arska/,text/html; charset=UTF-8,,2026-09-26
https://kazanmiloserdie.ru/news/hotite-nachat-pomogat-detyam-rasskazhem-kak-ko-dnyu-zashhity-detej-o-vozmozhnostyah-sluzhby-miloserdie-kazan/,"source_url,source_urls",214,OPEN,200,https://kazanmiloserdie.ru/news/hotite-nachat-pomogat-detyam-rasskazhem-kak-ko-dnyu-zashhity-detej-o-vozmozhnostyah-sluzhby-miloserdie-kazan/,text/html; charset=UTF-8,,2026-09-26
https://kazanmiloserdie.ru/news/produkty-v-pomoshh-chtoby-kormit-nuzhdayushhihsya-raifskoj-trapeze-neobhodimo-popolnit-zapasy/,source_urls,"206,208,209,210,211,212",OPEN,200,https://kazanmiloserdie.ru/news/produkty-v-pomoshh-chtoby-kormit-nuzhdayushhihsya-raifskoj-trapeze-neobhodimo-popolnit-zapasy/,text/html; charset=UTF-8,,2026-09-26
https://kazanmiloserdie.ru/news/vse-resursy-sluzhby-miloserdie-kazan-ko-dnyu-pozhilogo-cheloveka/,"source_url,source_urls",213,OPEN,200,https://kazanmiloserdie.ru/news/vse-resursy-sluzhby-miloserdie-kazan-ko-dnyu-pozhilogo-cheloveka/,text/html; charset=UTF-8,,2026-09-26
https://kazanmiloserdie.ru/projects/czentr-gumanitarnoj-pomoshhi/,"source_url,source_urls","204,205,214,215",OPEN,200,https://kazanmiloserdie.ru/projects/czentr-gumanitarnoj-pomoshhi/,text/html; charset=UTF-8,,2026-09-26
https://kazanmiloserdie.ru/projects/raifskaya-trapeza/,"source_url,source_urls","206,208,209,210,211,212,213",OPEN,200,https://kazanmiloserdie.ru/projects/raifskaya-trapeza/,text/html; charset=UTF-8,,2026-09-26
https://kcmsyktyvkar.rkomi.ru/,official_website,186,OPEN,200,https://kcmsyktyvkar.rkomi.ru/,text/html; charset=UTF-8,,2026-09-26
https://kcsoeao79.ru/,official_website,28,OPEN,200,https://kcsoeao79.ru/,text/html; charset=UTF-8,,2026-09-26
https://kcsoeao79.ru/%D0%BE%D1%82%D0%B4%D0%B5%D0%BB%D0%B5%D0%BD%D0%B8%D1%8F/,"source_url,source_urls,user_action_url",28,OPEN,200,https://kcsoeao79.ru/%D0%BE%D1%82%D0%B4%D0%B5%D0%BB%D0%B5%D0%BD%D0%B8%D1%8F/,text/html; charset=UTF-8,,2026-09-26
https://kcsoeao79.ru/wp-content/uploads/2021/07/%D0%A1%D0%A1%D0%9F.pdf,source_urls,28,OPEN,200,https://kcsoeao79.ru/wp-content/uploads/2021/07/%D0%A1%D0%A1%D0%9F.pdf,application/pdf,,2026-09-26
https://kcson-baksan.ru/index.php/o-nas,"source_url,source_urls",39,OPEN,200,https://kcson-baksan.ru/index.php/o-nas,text/html; charset=utf-8,,2026-09-26
https://kcson-derbety.kalm.socinfo.ru/,"official_website,source_urls,user_action_url",163,OPEN,200,https://kcson-derbety.kalm.socinfo.ru/,text/html; charset=utf-8,,2026-09-26
https://kcson-derbety.kalm.socinfo.ru/veschevoi-fond,source_urls,163,OPEN,200,https://kcson-derbety.kalm.socinfo.ru/veschevoi-fond,text/html; charset=utf-8,,2026-09-26
https://kcson-erm.ru/,official_website,75,OPEN,200,https://kcson-erm.ru/,text/html; charset=UTF-8,,2026-09-26
https://kcson-erm.ru/отделение-срочного-социального-обсл/,"source_url,source_urls",75,OPEN,200,https://kcson-erm.ru/%D0%BE%D1%82%D0%B4%D0%B5%D0%BB%D0%B5%D0%BD%D0%B8%D0%B5-%D1%81%D1%80%D0%BE%D1%87%D0%BD%D0%BE%D0%B3%D0%BE-%D1%81%D0%BE%D1%86%D0%B8%D0%B0%D0%BB%D1%8C%D0%BD%D0%BE%D0%B3%D0%BE-%D0%BE%D0%B1%D1%81%D0%BB/,text/html; charset=UTF-8,,2026-09-26
https://kcson-ilan.ru/,official_website,76,OPEN,200,https://kcson-ilan.ru/,text/html; charset=UTF-8,,2026-09-26
https://kcson-ilan.ru/отделение-срочного-социального-обсл/,"source_url,source_urls",76,OPEN,200,https://kcson-ilan.ru/%D0%BE%D1%82%D0%B4%D0%B5%D0%BB%D0%B5%D0%BD%D0%B8%D0%B5-%D1%81%D1%80%D0%BE%D1%87%D0%BD%D0%BE%D0%B3%D0%BE-%D1%81%D0%BE%D1%86%D0%B8%D0%B0%D0%BB%D1%8C%D0%BD%D0%BE%D0%B3%D0%BE-%D0%BE%D0%B1%D1%81%D0%BB/,text/html; charset=UTF-8,,2026-09-26
https://kcson-orsk.orb.ru/,official_website,129,OPEN,200,https://kcson-orsk.orb.ru/,text/html; charset=UTF-8,,2026-09-26
https://kcson-severck.tom.socinfo.ru/,official_website,309,OPEN,200,https://kcson-severck.tom.socinfo.ru/,text/html; charset=utf-8,,2026-09-26
https://kcson.tom.ru/,official_website,321,OPEN,200,https://kcson.tom.ru/,text/html; charset=UTF-8,,2026-09-26
https://kcson.tom.ru/%D0%B8%D0%BD%D1%84%D0%BE%D1%80%D0%BC%D0%B0%D1%86%D0%B8%D1%8F-%D0%BE%D0%B1-%D1%83%D1%87%D1%80%D0%B5%D0%B6%D0%B4%D0%B5%D0%BD%D0%B8%D0%B8/sample-page/,source_urls,321,OPEN,200,https://kcson.tom.ru/%D0%B8%D0%BD%D1%84%D0%BE%D1%80%D0%BC%D0%B0%D1%86%D0%B8%D1%8F-%D0%BE%D0%B1-%D1%83%D1%87%D1%80%D0%B5%D0%B6%D0%B4%D0%B5%D0%BD%D0%B8%D0%B8/sample-page/,text/html; charset=UTF-8,,2026-09-26
https://kcson38.ru/,official_website,36,TLS_ERROR,,,,"HTTPSConnectionPool(host='kcson38.ru', port=443): Max retries exceeded with url: / (Caused by SSLError(SSLCertVerificationError(1, '[SSL: CERTIFICATE_VERIFY_FAILED] certificate verify failed: self-signed certificate (_ssl.c:1081)')))",2026-09-26
https://kcson38.ru/wp-content/uploads/2026/01/Resursnaya-karta-dlya-grazhdan-s-invalidnostyu-starshe-18-let-2026.pdf,source_urls,36,TLS_ERROR,,,,"HTTPSConnectionPool(host='kcson38.ru', port=443): Max retries exceeded with url: /wp-content/uploads/2026/01/Resursnaya-karta-dlya-grazhdan-s-invalidnostyu-starshe-18-let-2026.pdf (Caused by SSLError(SSLCertVerificationError(1, '[SSL: CERTIFICATE_VER",2026-09-26
https://kcsonkrn.ru/,official_website,77,OPEN,200,https://kcsonkrn.ru/,text/html; charset=UTF-8,,2026-09-26
https://kcsonkrn.ru/struktura/,"source_url,source_urls",77,OPEN,200,https://kcsonkrn.ru/struktura/,text/html; charset=UTF-8,,2026-09-26
https://kcsonprim.ru/news/%D0%9F%D1%83%D1%82%D0%B5%D0%B2%D0%BE%D0%B4%D0%B8%D1%82%D0%B5%D0%BB%D1%8C_%D0%B4%D0%BB%D1%8F_%D0%B1%D0%B5%D0%B7%D0%B4%D0%BE%D0%BC%D0%BD%D1%8B%D1%85_2024-2025.pdf,source_urls,"246,250,252",NOT_FOUND,404,https://kcsonprim.ru/news/%D0%9F%D1%83%D1%82%D0%B5%D0%B2%D0%BE%D0%B4%D0%B8%D1%82%D0%B5%D0%BB%D1%8C_%D0%B4%D0%BB%D1%8F_%D0%B1%D0%B5%D0%B7%D0%B4%D0%BE%D0%BC%D0%BD%D1%8B%D1%85_2024-2025.pdf,text/html; charset=UTF-8,,2026-09-26
https://kcsonprpnz.socpnz.ru/,official_website,136,OPEN,200,https://kcsonprpnz.socpnz.ru/,text/html; charset=UTF-8,,2026-09-26
https://kcsonprpnz.socpnz.ru/category/20/,source_urls,136,OPEN,200,https://kcsonprpnz.socpnz.ru/category/20/,text/html; charset=UTF-8,,2026-09-26
https://kcsonprpnz.socpnz.ru/contacts/,"source_urls,user_action_url",136,OPEN,200,https://kcsonprpnz.socpnz.ru/contacts/,text/html; charset=UTF-8,,2026-09-26
https://kcsonprpnz.socpnz.ru/page/1/,"source_url,source_urls",136,OPEN,200,https://kcsonprpnz.socpnz.ru/page/1/,text/html; charset=UTF-8,,2026-09-26
https://kcsonuzhur.ru/,official_website,82,TLS_ERROR,,,,"HTTPSConnectionPool(host='kcsonuzhur.ru', port=443): Max retries exceeded with url: / (Caused by SSLError(SSLCertVerificationError(1, ""[SSL: CERTIFICATE_VERIFY_FAILED] certificate verify failed: Hostname mismatch, certificate is not valid for 'kcsonu",2026-09-26
https://kcsonuzhur.ru/pfhd/,source_urls,82,TLS_ERROR,,,,"HTTPSConnectionPool(host='kcsonuzhur.ru', port=443): Max retries exceeded with url: /pfhd/ (Caused by SSLError(SSLCertVerificationError(1, ""[SSL: CERTIFICATE_VERIFY_FAILED] certificate verify failed: Hostname mismatch, certificate is not valid for 'k",2026-09-26
https://kcsonzdrpnz.socpnz.ru/,official_website,134,OPEN,200,https://kcsonzdrpnz.socpnz.ru/,text/html; charset=UTF-8,,2026-09-26
https://kcsonzdrpnz.socpnz.ru/category/25/,"source_url,source_urls",134,OPEN,200,https://kcsonzdrpnz.socpnz.ru/category/25/,text/html; charset=UTF-8,,2026-09-26
https://kcsonzdrpnz.socpnz.ru/contacts/,"source_urls,user_action_url",134,OPEN,200,https://kcsonzdrpnz.socpnz.ru/contacts/,text/html; charset=UTF-8,,2026-09-26
https://kcsouyar.ru/,official_website,83,OPEN,200,https://kcsouyar.ru/,text/html; charset=UTF-8,,2026-09-26
https://kcsouyar.ru/виды-социальных-услуг/,"source_url,source_urls",83,OPEN,200,https://kcsouyar.ru/%D0%B2%D0%B8%D0%B4%D1%8B-%D1%81%D0%BE%D1%86%D0%B8%D0%B0%D0%BB%D1%8C%D0%BD%D1%8B%D1%85-%D1%83%D1%81%D0%BB%D1%83%D0%B3/,text/html; charset=UTF-8,,2026-09-26
https://kcsouyar.ru/доступная-среда/,source_urls,83,OPEN,200,https://kcsouyar.ru/%D0%B4%D0%BE%D1%81%D1%82%D1%83%D0%BF%D0%BD%D0%B0%D1%8F-%D1%81%D1%80%D0%B5%D0%B4%D0%B0/,text/html; charset=UTF-8,,2026-09-26
https://kcspsokt.ru/,"official_website,source_urls",135,OPEN,200,https://kcspsokt.ru/,text/html; charset=UTF-8,,2026-09-26
https://kcspsokt.ru/?p=4490,"source_url,source_urls,user_action_url",135,OPEN,200,https://kcspsokt.ru/?p=4490,text/html; charset=UTF-8,,2026-09-26
https://kcspsokt.ru/?p=7847,"source_url,source_urls",132,OPEN,200,https://kcspsokt.ru/?p=7847,text/html; charset=UTF-8,,2026-09-26
https://kcspsokt.ru/?p=8565,source_urls,135,OPEN,200,https://kcspsokt.ru/?p=8565,text/html; charset=UTF-8,,2026-09-26
https://kirov.spravka.city/company/ekoobmen,source_urls,64,OPEN,200,https://kirov.spravka.city/company/ekoobmen,text/html; charset=utf-8,,2026-09-26
https://kirov1.jsprav.ru/blagotvoritelnyie-fondyi/bf-pomozhem-detiam-vmeste-1/,source_urls,62,OPEN,200,https://kirov1.jsprav.ru/blagotvoritelnyie-fondyi/bf-pomozhem-detiam-vmeste-1/,text/html; charset=utf-8,,2026-09-26
https://kolyma-za-zhizn.ru/,"official_website,source_url,source_urls",93,OPEN,200,https://kolyma-za-zhizn.ru/,text/html; charset=UTF-8,,2026-09-26
https://kolyma-za-zhizn.ru/2026/01/page/2/,source_urls,93,OPEN,200,https://kolyma-za-zhizn.ru/2026/01/page/2/,text/html; charset=UTF-8,,2026-09-26
https://kolyma-za-zhizn.ru/about_as/,source_urls,93,OPEN,200,https://kolyma-za-zhizn.ru/about_as/,text/html; charset=UTF-8,,2026-09-26
https://kolyma-za-zhizn.ru/в-рамках-акции-добрый-пакет-семьи-с-де/,source_urls,93,OPEN,200,https://kolyma-za-zhizn.ru/%D0%B2-%D1%80%D0%B0%D0%BC%D0%BA%D0%B0%D1%85-%D0%B0%D0%BA%D1%86%D0%B8%D0%B8-%D0%B4%D0%BE%D0%B1%D1%80%D1%8B%D0%B9-%D0%BF%D0%B0%D0%BA%D0%B5%D1%82-%D1%81%D0%B5%D0%BC%D1%8C%D0%B8-%D1%81-%D0%B4%D0%B5/,text/html; charset=UTF-8,,2026-09-26
https://kolyma-za-zhizn.ru/магаданский-епархиальный-гуманитарн/,source_urls,93,OPEN,200,https://kolyma-za-zhizn.ru/%D0%BC%D0%B0%D0%B3%D0%B0%D0%B4%D0%B0%D0%BD%D1%81%D0%BA%D0%B8%D0%B9-%D0%B5%D0%BF%D0%B0%D1%80%D1%85%D0%B8%D0%B0%D0%BB%D1%8C%D0%BD%D1%8B%D0%B9-%D0%B3%D1%83%D0%BC%D0%B0%D0%BD%D0%B8%D1%82%D0%B0%D1%80%D0%BD/,text/html; charset=UTF-8,,2026-09-26
https://komiinform.ru/news/283155,"source_url,source_urls",183,OPEN,200,https://komiinform.ru/news/283155,text/html; charset=UTF-8,,2026-09-26
https://krasnoyarsk-zeml.ru/wp-content/uploads/2026/02/nkk_010_2026-02-13.pdf,"source_url,source_urls",79,OPEN,200,https://krasnoyarsk-zeml.ru/wp-content/uploads/2026/02/nkk_010_2026-02-13.pdf,application/pdf,,2026-09-26
https://kurganvera.ru/,official_website,85,OPEN,200,https://kurganvera.ru/,text/html; charset=UTF-8,,2026-09-26
https://lestvicza.ru/,official_website,"16,18",OPEN,200,https://lestvicza.ru/,text/html; charset=UTF-8,,2026-09-26
https://lestvicza.ru/strukturniye-podrazdeleniya/,"source_url,source_urls,user_action_url","16,18",OPEN,200,https://lestvicza.ru/strukturniye-podrazdeleniya/,text/html; charset=UTF-8,,2026-09-26
https://lider-voronezh.ru/,official_website,22,OPEN,200,https://lider-voronezh.ru/,text/html; charset=utf-8,,2026-09-26
https://lider-voronezh.ru/program/social/social-dining-room/,"source_urls,user_action_url",22,OPEN,200,https://lider-voronezh.ru/program/social/social-dining-room/,text/html; charset=utf-8,,2026-09-26
https://lider-voronezh.ru/program/social/social-dining-room/socialnaya-stolovaya4/,"source_url,source_urls",22,OPEN,200,https://lider-voronezh.ru/program/social/social-dining-room/socialnaya-stolovaya4/,text/html; charset=utf-8,,2026-09-26
https://liza.fund/,official_website,96,OPEN,200,https://liza.fund/,text/html; charset=UTF-8,,2026-09-26
https://liza.fund/esli-vam-nuzhna-pomoshh/,"source_url,source_urls,user_action_url",96,OPEN,200,https://liza.fund/esli-vam-nuzhna-pomoshh/,text/html; charset=UTF-8,,2026-09-26
https://lobnyablago.ru/hope,"official_website,source_url,source_urls","97,98",OPEN,200,https://lobnyablago.ru/hope,text/html; charset=UTF-8,,2026-09-26
https://m-czn.ru/vacancy/g-syktyvkar/raznorabochij-2625032,source_urls,185,NOT_FOUND,410,https://m-czn.ru/vacancy/g-syktyvkar/raznorabochij-2625032,text/html; charset=UTF-8,,2026-09-26
https://mamaoskol.nko31.ru/o-nas/,"official_website,source_url,source_urls,user_action_url",12,OPEN,200,https://mamaoskol.nko31.ru/o-nas/,text/html; charset=UTF-8,,2026-09-26
https://mari.eparhia.ru/all_newses/anonses/?ID=18084,source_urls,196,OPEN,200,https://mari.eparhia.ru/all_newses/anonses/?ID=18084,text/html,,2026-09-26
https://metr12.ru/telekanal-metr/news/42371-35-tonny-dobra-itogi-pervogo-mesjaca-raboty-gumanitarnogo-centra-krasnogo-kresta-v-marij-jel.html,source_urls,197,OPEN,200,https://metr12.ru/telekanal-metr/news/42371-35-tonny-dobra-itogi-pervogo-mesjaca-raboty-gumanitarnogo-centra-krasnogo-kresta-v-marij-jel.html,text/html; charset=utf-8,,2026-09-26
https://milmedia.ru/skver-miloserdiya-v-kurgane-mesto-spaseniya-dlya-lyudej-okazavshikhsya-v-trudnoj-zhiznennoj-situatsii,"source_url,source_urls,user_action_url",85,OPEN,200,https://milmedia.ru/skver-miloserdiya-v-kurgane-mesto-spaseniya-dlya-lyudej-okazavshikhsya-v-trudnoj-zhiznennoj-situatsii,text/html; charset=utf-8,,2026-09-26
https://miloserdie-na-donu.ru/sitegumhelp/,"source_url,source_urls","220,221,222,223,225,226,227,228,229,230,231,232,233,234,235,236",OPEN,200,https://miloserdie-na-donu.ru/sitegumhelp/,text/html; charset=UTF-8,,2026-09-26
https://miloserdie.nlmk.com/,official_website,90,TIMEOUT,,,,"HTTPSConnectionPool(host='miloserdie.nlmk.com', port=443): Read timed out. (read timeout=8)",2026-09-26
https://miloserdie.nlmk.com/news/gotovimsya-k-shkole-vmeste2026/,source_urls,90,TIMEOUT,,,,"HTTPSConnectionPool(host='miloserdie.nlmk.com', port=443): Read timed out. (read timeout=8)",2026-09-26
https://miloserdie.zabguso.ru/,official_website,"29,30",OPEN,200,https://miloserdie.zabguso.ru/,text/html; charset=UTF-8,,2026-09-26
https://miloserdie.zabguso.ru/главная/отделение-срочного-социального-обсл/,"source_url,source_urls,user_action_url","29,30",OPEN,200,https://miloserdie.zabguso.ru/%D0%B3%D0%BB%D0%B0%D0%B2%D0%BD%D0%B0%D1%8F/%D0%BE%D1%82%D0%B4%D0%B5%D0%BB%D0%B5%D0%BD%D0%B8%D0%B5-%D1%81%D1%80%D0%BE%D1%87%D0%BD%D0%BE%D0%B3%D0%BE-%D1%81%D0%BE%D1%86%D0%B8%D0%B0%D0%BB%D1%8C%D0%BD%D0%BE%D0%B3%D0%BE-%D0%BE%D0%B1%D1%81%D0%BB/,text/html; charset=UTF-8,,2026-09-26
https://miloserdie21.ru/,official_website,355,OPEN,200,https://miloserdie21.ru/,text/html,,2026-09-26
https://miloserdie21.ru/tsentr-gumanitarnoy-pomoshhi-g-cheboksaryi/,"source_url,source_urls,user_action_url",355,OPEN,200,https://miloserdie21.ru/tsentr-gumanitarnoy-pomoshhi-g-cheboksaryi/,text/html,,2026-09-26
https://miloserdiedv.ru/,official_website,335,OPEN,200,https://miloserdiedv.ru/,text/html; charset=UTF-8,,2026-09-26
https://miloserdiedv.ru/category/gumanitarnyj-sklad/,source_urls,335,OPEN,200,https://miloserdiedv.ru/category/gumanitarnyj-sklad/,text/html; charset=UTF-8,,2026-09-26
https://miloserdiedv.ru/o-nas/,"source_url,source_urls",335,OPEN,200,https://miloserdiedv.ru/o-nas/,text/html; charset=UTF-8,,2026-09-26
https://milost-nur.orgs.biz/,"official_website,source_url,source_urls,user_action_url","358,359",OPEN,200,https://milost-nur.orgs.biz/,text/html; charset=utf-8,,2026-09-26
https://mintrud.gov.ru/social/448,source_urls,59,OPEN,200,https://mintrud.gov.ru/social/448,text/html; charset=UTF-8,,2026-09-26
https://mintrudkchr.ru/news/bez-categorii/ministerstvo-truda-i-socialnogo-razvitiya-posetilo-ochag-dobra,source_urls,58,OPEN,200,https://mintrudkchr.ru/news/bez-categorii/ministerstvo-truda-i-socialnogo-razvitiya-posetilo-ochag-dobra,text/html; charset=UTF-8,,2026-09-26
https://mitropolia74.ru/novosti/prikhozhane_khrama_velikomuchenika_i_tselitelya_panteleimona_kormyat_besplatnymi_obedami_nuzhdayushch/,"official_website,source_url,source_urls,user_action_url",350,OPEN,200,https://mitropolia74.ru/novosti/prikhozhane_khrama_velikomuchenika_i_tselitelya_panteleimona_kormyat_besplatnymi_obedami_nuzhdayushch/,text/html; charset=UTF-8,,2026-09-26
https://molodaya-arctica.ru/vacancies/3208,source_urls,"100,101,104,105",OPEN,200,https://molodaya-arctica.ru/vacancies/3208,text/html;charset=utf-8,,2026-09-26
https://mordoviatv.ru/saranskaya-czerkov-uspeniya-presvyatoj-bogorodiczy-sobiraet-gumanitarnuyu-pomoshh/,"source_url,source_urls",199,OPEN,200,https://mordoviatv.ru/saranskaya-czerkov-uspeniya-presvyatoj-bogorodiczy-sobiraet-gumanitarnuyu-pomoshh/,text/html; charset=UTF-8,,2026-09-26
https://morepost.ru/tyumen/event/otkrytie-obnovlionnogo-prostranstva-tiumenskaia-darmarka-pomoshch-riadom-45967,source_urls,328,OPEN,200,https://morepost.ru/tyumen/event/otkrytie-obnovlionnogo-prostranstva-tiumenskaia-darmarka-pomoshch-riadom-45967,text/html; charset=utf-8,,2026-09-26
https://mospat.ru/ru/news/90797/,source_urls,356,OPEN,200,https://mospat.ru/ru/news/90797/,text/html; charset=UTF-8,,2026-09-26
https://moyasemya43.ru/,official_website,65,OPEN,200,https://moyasemya43.ru/,text/html; charset=UTF-8,,2026-09-26
https://moyasemya43.ru/o-czentre-zashhity-materinstva-i-detstva-moya-semya.html,"source_url,source_urls,user_action_url",65,OPEN,200,https://moyasemya43.ru/o-czentre-zashhity-materinstva-i-detstva-moya-semya.html,text/html; charset=UTF-8,,2026-09-26
https://mso.kursk.ru/about/page-87187/,source_urls,87,OPEN,200,https://mso.kursk.ru/about/page-87187/,text/html; charset=utf-8,,2026-09-26
https://murman-mu-2.cerkov.ru/,source_urls,102,OPEN,200,https://murman-mu-2.cerkov.ru/,text/html; charset=UTF-8,,2026-09-26
https://mysyktyvkar.ru/новости/В_Сыктывкаре_открылся_второй_корпус_реабилитационного_центра_для_бездомных_и_нуждающихся,"source_url,source_urls",185,OPEN,200,https://mysyktyvkar.ru/%D0%BD%D0%BE%D0%B2%D0%BE%D1%81%D1%82%D0%B8/%D0%92_%D0%A1%D1%8B%D0%BA%D1%82%D1%8B%D0%B2%D0%BA%D0%B0%D1%80%D0%B5_%D0%BE%D1%82%D0%BA%D1%80%D1%8B%D0%BB%D1%81%D1%8F_%D0%B2%D1%82%D0%BE%D1%80%D0%BE%D0%B9_%D0%BA%D0%BE%D1%80%D0%BF%D1%83%D1%81_%D1%80%D0%B5%D0%B0%D0%B1%D0%B8%D0%BB%D0%B8%D1%82%D0%B0%D1%86%D0%B8%D0%BE%D0%BD%D0%BD%D0%BE%D0%B3%D0%BE_%D1%86%D0%B5%D0%BD%D1%82%D1%80%D0%B0_%D0%B4%D0%BB%D1%8F_%D0%B1%D0%B5%D0%B7%D0%B4%D0%BE%D0%BC%D0%BD%D1%8B%D1%85_%D0%B8_%D0%BD%D1%83%D0%B6%D0%B4%D0%B0%D1%8E%D1%89%D0%B8%D1%85%D1%81%D1%8F,text/html; charset=UTF-8,,2026-09-26
https://novkcson26.ru/,official_website,301,OPEN,200,https://novkcson26.ru/,text/html; charset=UTF-8,,2026-09-26
https://novkcson26.ru/osso.php,"source_url,source_urls,user_action_url",301,OPEN,200,https://novkcson26.ru/osso.php,text/html; charset=UTF-8,,2026-09-26
https://novo-sibirsk.ru/upload/iblock/bcb/q9pf3yaz7erfgw5x3skocvirryrjm4cj/post_5444.pdf,source_urls,"117,118,119,120,121,122,123,124,125,126",OPEN,200,https://novo-sibirsk.ru/upload/iblock/bcb/q9pf3yaz7erfgw5x3skocvirryrjm4cj/post_5444.pdf,application/pdf,,2026-09-26
https://novo-sibirsk.ru/upload/regulations/Справочная%20информация%202.22.pdf,source_urls,119,OPEN,200,https://novo-sibirsk.ru/upload/regulations/%D0%A1%D0%BF%D1%80%D0%B0%D0%B2%D0%BE%D1%87%D0%BD%D0%B0%D1%8F%20%D0%B8%D0%BD%D1%84%D0%BE%D1%80%D0%BC%D0%B0%D1%86%D0%B8%D1%8F%202.22.pdf,application/pdf,,2026-09-26
https://novosel-news.ru/articles/7560-zabota-o-budushchem-reabilitatsiia-detei-v-kraevom-tsentre-orlionok,source_urls,302,OPEN,200,https://novosel-news.ru/articles/7560-zabota-o-budushchem-reabilitatsiia-detei-v-kraevom-tsentre-orlionok,text/html; charset=utf-8,,2026-09-26
https://novosti-murmanskoy-oblasti.ru/murmansk/65946-378-goryachikh-portsiy-i-sladosti-ot-malenkoy-sofii-kak-proshel-yubileynyy-dobryy-obed-v-murmanske,"source_url,source_urls",102,OPEN,200,https://novosti-murmanskoy-oblasti.ru/murmansk/65946-378-goryachikh-portsiy-i-sladosti-ot-malenkoy-sofii-kak-proshel-yubileynyy-dobryy-obed-v-murmanske,text/html; charset=UTF-8,,2026-09-26
https://novvedomosti.ru/news/society/66998/,source_urls,113,OPEN,200,https://novvedomosti.ru/news/society/66998/,text/html; charset=UTF-8,,2026-09-26
https://nvinder.ru/article/vypusk-no-19-21794-ot-21-maya-2026-g/130915-na-bolshih-ekranah-o-bolshoy-probleme,source_urls,106,OPEN,200,https://nvinder.ru/article/vypusk-no-19-21794-ot-21-maya-2026-g/130915-na-bolshih-ekranah-o-bolshoy-probleme,text/html; charset=utf-8,,2026-09-26
https://obusoshucso.ru/,official_website,33,OPEN,200,https://obusoshucso.ru/,text/html; charset=UTF-8,,2026-09-26
https://obusoshucso.ru/%D0%B4%D0%B5%D1%8F%D1%82%D0%B5%D0%BB%D1%8C%D0%BD%D0%BE%D1%81%D1%82%D1%8C-%D1%86%D0%B5%D0%BD%D1%82%D1%80%D0%B0/%D0%BF%D0%B5%D1%80%D0%B5%D1%87%D0%B5%D0%BD%D1%8C-%D1%81%D0%BE%D1%86%D0%B8%D0%B0%D0%BB%D1%8C%D0%BD%D1%8B%D1%85-%D1%83%D1%81%D0%BB%D1%83%D0%B3/,"source_url,source_urls",33,OPEN,200,https://obusoshucso.ru/%D0%B4%D0%B5%D1%8F%D1%82%D0%B5%D0%BB%D1%8C%D0%BD%D0%BE%D1%81%D1%82%D1%8C-%D1%86%D0%B5%D0%BD%D1%82%D1%80%D0%B0/%D0%BF%D0%B5%D1%80%D0%B5%D1%87%D0%B5%D0%BD%D1%8C-%D1%81%D0%BE%D1%86%D0%B8%D0%B0%D0%BB%D1%8C%D0%BD%D1%8B%D1%85-%D1%83%D1%81%D0%BB%D1%83%D0%B3/,text/html; charset=UTF-8,,2026-09-26
https://obusoshucso.ru/%D0%BE%D1%82%D0%B4%D0%B5%D0%BB%D0%B5%D0%BD%D0%B8%D1%8F-%D0%B8-%D1%83%D1%81%D0%BB%D1%83%D0%B3%D0%B8/,source_urls,33,OPEN,200,https://obusoshucso.ru/%D0%BE%D1%82%D0%B4%D0%B5%D0%BB%D0%B5%D0%BD%D0%B8%D1%8F-%D0%B8-%D1%83%D1%81%D0%BB%D1%83%D0%B3%D0%B8/,text/html; charset=UTF-8,,2026-09-26
https://ok.ru/group/66593620951078,"official_website,source_urls,user_action_url",195,OPEN,200,https://ok.ru/group/66593620951078,text/html;charset=UTF-8,,2026-09-26
https://ok.ru/group/70000001053272/topic/157739155403608,"source_url,source_urls",129,OPEN,200,https://ok.ru/group/70000001053272/topic/157739155403608,text/html;charset=UTF-8,,2026-09-26
https://omskzdes.ru/society/84724.html,source_urls,127,OPEN,200,https://omskzdes.ru/society/84724.html,text/html; charset=UTF-8,,2026-09-26
https://oprh.ru/resursnyy-tsentr-nko/news/nuzhna-pomoshch-v-razdache-goryachikh-obedov,source_urls,218,OPEN,200,https://oprh.ru/resursnyy-tsentr-nko/news/nuzhna-pomoshch-v-razdache-goryachikh-obedov,text/html; charset=UTF-8,,2026-09-26
https://oprh.ru/upload/iblock/a34/Kristall.pdf,source_urls,219,NOT_FOUND,404,https://oprh.ru/upload/iblock/a34/Kristall.pdf,text/html; charset=UTF-8,,2026-09-26
https://orel-eparhia.ru/,official_website,131,OPEN,200,https://orel-eparhia.ru/,text/html; charset=utf-8,,2026-09-26
https://orel-eparhia.ru/news/12534,"source_url,source_urls",130,OPEN,200,https://orel-eparhia.ru/news/12534,text/html; charset=utf-8,,2026-09-26
https://orel-eparhia.ru/news/12713,"source_url,source_urls",131,OPEN,200,https://orel-eparhia.ru/news/12713,text/html; charset=utf-8,,2026-09-26
https://orel-eparhia.ru/objects/territory/orel/michaila-archangela?page=1,source_urls,130,OPEN,200,https://orel-eparhia.ru/objects/territory/orel/michaila-archangela?page=1,text/html; charset=utf-8,,2026-09-26
https://orsk.ru/news/111246,source_urls,129,OPEN,200,https://orsk.ru/news/111246,text/html; charset=UTF-8,,2026-09-26
https://p-49.ru/vazhno-znat/centr-socialnoy-pomoschi-seme-i-detyam-primorskogo-rayona-sankt-peterburga-i-krizisnyy,"source_url,source_urls",247,OPEN,200,https://p-49.ru/vazhno-znat/centr-socialnoy-pomoschi-seme-i-detyam-primorskogo-rayona-sankt-peterburga-i-krizisnyy,text/html; charset=UTF-8,,2026-09-26
https://palata09.ru/nko/spisok-nko/,"source_url,source_urls",58,OPEN,200,https://palata09.ru/nko/spisok-nko/,text/html; charset=UTF-8,,2026-09-26
https://patriarchia.ru/article/121853,"source_url,source_urls",216,OPEN,200,https://patriarchia.ru/article/121853,text/html; charset=utf-8,,2026-09-26
https://patriarchia.ru/db/text/5918093.html,source_urls,224,OPEN,200,https://patriarchia.ru/db/text/5918093,text/html; charset=utf-8,,2026-09-26
https://patriarchia.ru/ua/document/119005,source_urls,91,OPEN,200,https://patriarchia.ru/ua/document/119005,text/html; charset=utf-8,,2026-09-26
https://penza.aif.ru/society/v-penze-v-kruglosutochnom-rezhime-zarabotal-punkt-obogreva,source_urls,132,OPEN,200,https://penza.aif.ru/society/v-penze-v-kruglosutochnom-rezhime-zarabotal-punkt-obogreva,text/html; charset=UTF-8,,2026-09-26
https://perm.rbc.ru/perm/freenews/6a916b619a7947670f408541,source_urls,140,OPEN,200,https://perm.rbc.ru/perm/freenews/6a916b619a7947670f408541,text/html; charset=utf-8,,2026-09-26
https://pervomedia.ru/post/eto-ekologichno-eto-pravilno-27176,source_urls,283,OPEN,200,https://pervomedia.ru/post/eto-ekologichno-eto-pravilno-27176,text/html; charset=utf-8,,2026-09-26
https://petrikirche.ru/,official_website,248,OPEN,200,https://petrikirche.ru/,text/html; charset=UTF-8,,2026-09-26
https://pg12.ru/news/100907,"source_url,source_urls",195,OPEN,200,https://pg12.ru/news/100907,text/html; charset=utf-8,,2026-09-26
https://podpokrovom.com/raspisanie-raboty-speczialistov/,"source_url,source_urls",262,OPEN,200,https://podpokrovom.com/raspisanie-raboty-speczialistov/,text/html; charset=UTF-8,,2026-09-26
https://poezd-po-rossii.ru/zhd/station/ezhva,source_urls,184,OPEN,200,https://oneturistpro.ru,text/html,,2026-09-26
https://pomogaemmamam.ru/,official_website,247,TLS_ERROR,,,,"HTTPSConnectionPool(host='pomogaemmamam.ru', port=443): Max retries exceeded with url: / (Caused by SSLError(SSLError(1, '[SSL: TLSV1_ALERT_INTERNAL_ERROR] tlsv1 alert internal error (_ssl.c:1081)')))",2026-09-26
https://postertomsk.ru/kuda-sdat-starye-veschi,source_urls,324,OPEN,200,https://postertomsk.ru/kuda-sdat-starye-veschi,text/html; charset=UTF-8,,2026-09-26
https://pravkonkurs.ru/project/view?id=2501120,source_urls,224,OPEN,200,https://pravkonkurs.ru/project/view?id=2501120,text/html; charset=utf-8,,2026-09-26
https://pravprihod.ru/family/novosti/8749-geografija-miloserdija-avtobus-centra-sv-prav-ioanna-kronshtadtskogo-spb-vyhodit-na-novyj-marshrut.html,source_urls,259,OPEN,200,https://pravprihod.ru/family/novosti/8749-geografija-miloserdija-avtobus-centra-sv-prav-ioanna-kronshtadtskogo-spb-vyhodit-na-novyj-marshrut.html,text/html; charset=utf-8,,2026-09-26
https://pravtyva.ru/,"official_website,source_urls",216,OPEN,200,https://pravtyva.ru/,text/html; charset=UTF-8,,2026-09-26
https://prionego.ru/sites/default/files/gazeta/prionezhje_099543_10-03-2023-dlya-sayta.pdf,"source_url,source_urls","165,166,167,168,169,170,171,172,173,174,175,176,177,178,179,180,181,182",OPEN,200,https://prionego.ru/sites/default/files/gazeta/prionezhje_099543_10-03-2023-dlya-sayta.pdf,application/pdf,,2026-09-26
https://priyut-ulyanovsk.ru/,"official_website,source_url,source_urls","330,331,332,333",OPEN,200,https://priyut-ulyanovsk.ru/,text/html; charset=UTF-8,,2026-09-26
https://prostye-veshchi.ru/,"official_website,source_url,source_urls",13,OPEN,200,https://prostye-veshchi.ru/,text/html; charset=UTF-8,,2026-09-26
https://proza.ru/2026/06/02/905,source_urls,183,OPEN,200,https://proza.ru/2026/06/02/905,text/html; charset=windows-1251,,2026-09-26
https://prvadm.ru/socsfera/podderzhka-nko-1/reestr-svobodnyh-pomeshhenij/,source_urls,283,OPEN,200,https://prvadm.ru/socsfera/podderzhka-nko-1/reestr-svobodnyh-pomeshhenij/,text/html; charset=UTF-8,,2026-09-26
https://pulse19.ru/261028-punkt-pitanija-i-obogreva-v-abakane-otkroetsja-1-dekabrja/,"source_url,source_urls",218,OPEN,200,https://pulse19.ru/261028-punkt-pitanija-i-obogreva-v-abakane-otkroetsja-1-dekabrja/,text/html; charset=UTF-8,,2026-09-26
https://r-19.ru/news/obshchestvo/195226/,source_urls,217,TLS_ERROR,,,,"HTTPSConnectionPool(host='r-19.ru', port=443): Max retries exceeded with url: /news/obshchestvo/195226/ (Caused by SSLError(SSLEOFError(8, '[SSL: UNEXPECTED_EOF_WHILE_READING] EOF occurred in violation of protocol (_ssl.c:1081)')))",2026-09-26
https://radiovera.ru/podderzhka-semej-i-obshheobrazovatelnyh-iniciativ-marija-filina.html,source_urls,18,OPEN,200,https://radiovera.ru/podderzhka-semej-i-obshheobrazovatelnyh-iniciativ-marija-filina.html,text/html; charset=UTF-8,,2026-09-26
https://redcross.ru/,official_website,197,TLS_ERROR,,,,"HTTPSConnectionPool(host='redcross.ru', port=443): Max retries exceeded with url: / (Caused by SSLError(SSLEOFError(8, '[SSL: UNEXPECTED_EOF_WHILE_READING] EOF occurred in violation of protocol (_ssl.c:1081)')))",2026-09-26
https://redcross.ru/news/partnery-rkk/rossiyskiy-krasnyy-krest-i-regionalnye-vlasti-novgorodskoy-oblasti-zapustyat-novye-mery-sotsialnoy-p/,source_urls,113,TLS_ERROR,,,,"HTTPSConnectionPool(host='redcross.ru', port=443): Max retries exceeded with url: /news/partnery-rkk/rossiyskiy-krasnyy-krest-i-regionalnye-vlasti-novgorodskoy-oblasti-zapustyat-novye-mery-sotsialnoy-p/ (Caused by SSLError(SSLEOFError(8, '[SSL: UNEXP",2026-09-26
https://redcross24.ru/,official_website,"73,78,80",OPEN,200,https://redcross24.ru/,text/html; charset=UTF-8,,2026-09-26
https://redcross24.ru/projects/humanitarian-centre/,"source_url,source_urls","73,78,80",OPEN,200,https://redcross24.ru/projects/humanitarian-centre/,text/html; charset=UTF-8,,2026-09-26
https://region29.ru/2024/10/04/66ff959f07d05f69285c5bf2.html,"source_url,source_urls","7,8",OPEN,200,https://region29.ru/2024/10/04/66ff959f07d05f69285c5bf2.html,text/html; charset=UTF-8,,2026-09-26
https://rehabvrn.ru/strannopriimitsa,"official_website,source_url,source_urls,user_action_url",23,OPEN,200,https://rehabvrn.ru/strannopriimitsa,text/html; charset=UTF-8,,2026-09-26
https://riavrn.ru/news/pomosh-blizhnemu-v-voronezhe-otkrylis-kursy-obucheniya-sester-miloserdiya/,source_urls,23,OPEN,200,https://riavrn.ru/news/pomosh-blizhnemu-v-voronezhe-otkrylis-kursy-obucheniya-sester-miloserdiya/,text/html; charset=UTF-8,,2026-09-26
https://rkcso14.ru/,official_website,"200,201",OPEN,200,https://rkcso14.ru/,text/html; charset=UTF-8,,2026-09-26
https://rkcso14.ru/news/sotrudniki-otdela-srochnyh-dopolnitelnyh-uslug-rkczso-proveli-blagotvoritelnuyu-akcziyu-po-obespecheniyu-odezhdoj-lyudej-okazavshihsya-v-slozhnoj-zhiznennoj-situaczii/,source_urls,201,OPEN,200,https://rkcso14.ru/news/sotrudniki-otdela-srochnyh-dopolnitelnyh-uslug-rkczso-proveli-blagotvoritelnuyu-akcziyu-po-obespecheniyu-odezhdoj-lyudej-okazavshihsya-v-slozhnoj-zhiznennoj-situaczii/,text/html; charset=UTF-8,,2026-09-26
https://rkcso14.ru/news/tireh-eto-podderzhka/,source_urls,200,OPEN,200,https://rkcso14.ru/news/tireh-eto-podderzhka/,text/html; charset=UTF-8,,2026-09-26
https://rkcso14.ru/ob-organizatsii/struktura/,"source_url,source_urls",201,OPEN,200,https://rkcso14.ru/ob-organizatsii/struktura/,text/html; charset=UTF-8,,2026-09-26
https://rkcso14.ru/struktura/otdelenie-sotsialnoj-adaptatsii-tireh/,"source_url,source_urls,user_action_url",200,OPEN,200,https://rkcso14.ru/struktura/otdelenie-sotsialnoj-adaptatsii-tireh/,text/html; charset=UTF-8,,2026-09-26
https://rkcso14.ru/wp-content/uploads/2019/07/goryachee-pitanie.pdf,source_urls,200,OPEN,200,https://rkcso14.ru/wp-content/uploads/2019/07/goryachee-pitanie.pdf,application/pdf,,2026-09-26
https://rkcso14.ru/wp-content/uploads/2020/01/godovoj-otchet-za-2025-god.pdf,source_urls,200,OPEN,200,https://rkcso14.ru/wp-content/uploads/2020/01/godovoj-otchet-za-2025-god.pdf,application/pdf,,2026-09-26
https://rkcso14.ru/wp-content/uploads/2022/07/prikaz-17-n.pdf,source_urls,201,OPEN,200,https://rkcso14.ru/wp-content/uploads/2022/07/prikaz-17-n.pdf,application/pdf,,2026-09-26
https://rkcson-kbr.ru/index.php/filialy/filial-po-baksanskomu-rajonu,"source_url,source_urls",40,OPEN,200,https://rkcson-kbr.ru/index.php/filialy/filial-po-baksanskomu-rajonu,text/html; charset=utf-8,,2026-09-26
https://rkcson-kbr.ru/index.php/filialy/filial-po-cherekskomu-rajonu,"source_url,source_urls",42,OPEN,200,https://rkcson-kbr.ru/index.php/filialy/filial-po-cherekskomu-rajonu,text/html; charset=utf-8,,2026-09-26
https://rkcson-kbr.ru/index.php/filialy/filial-po-el-brusskomu-rajonu,"source_url,source_urls",48,OPEN,200,https://rkcson-kbr.ru/index.php/filialy/filial-po-el-brusskomu-rajonu,text/html; charset=utf-8,,2026-09-26
https://rkcson-kbr.ru/index.php/filialy/filial-po-g-o-nal-chik,"source_url,source_urls","44,49",OPEN,200,https://rkcson-kbr.ru/index.php/filialy/filial-po-g-o-nal-chik,text/html; charset=utf-8,,2026-09-26
https://rkcson-kbr.ru/index.php/filialy/filial-po-leskenskomu-rajonu,"source_url,source_urls",38,OPEN,200,https://rkcson-kbr.ru/index.php/filialy/filial-po-leskenskomu-rajonu,text/html; charset=utf-8,,2026-09-26
https://rkcson-kbr.ru/index.php/filialy/filial-po-majskomu-rajonu,"source_url,source_urls",43,OPEN,200,https://rkcson-kbr.ru/index.php/filialy/filial-po-majskomu-rajonu,text/html; charset=utf-8,,2026-09-26
https://rkcson-kbr.ru/index.php/filialy/filial-po-prokhladnenskomu-rajonu,"source_url,source_urls","46,50",OPEN,200,https://rkcson-kbr.ru/index.php/filialy/filial-po-prokhladnenskomu-rajonu,text/html; charset=utf-8,,2026-09-26
https://rkcson-kbr.ru/index.php/filialy/filial-po-terskomu-rajonu,"source_url,source_urls",47,OPEN,200,https://rkcson-kbr.ru/index.php/filialy/filial-po-terskomu-rajonu,text/html; charset=utf-8,,2026-09-26
https://rkcson-kbr.ru/index.php/filialy/filial-po-urvanskomu-rajonu,"source_url,source_urls",45,OPEN,200,https://rkcson-kbr.ru/index.php/filialy/filial-po-urvanskomu-rajonu,text/html; charset=utf-8,,2026-09-26
https://rkcson-kbr.ru/index.php/filialy/filial-po-zol-skomu-rajonu,"source_url,source_urls",41,OPEN,200,https://rkcson-kbr.ru/index.php/filialy/filial-po-zol-skomu-rajonu,text/html; charset=utf-8,,2026-09-26
https://rkcson-kbr.ru/index.php/informatsiya-dlya-grazhdan/chasto-zadavaemye-voprosy,source_urls,"38,39,40,41,42,43,44,45,46,47,48,49,50",OPEN,200,https://rkcson-kbr.ru/index.php/informatsiya-dlya-grazhdan/chasto-zadavaemye-voprosy,text/html; charset=utf-8,,2026-09-26
https://rv-ryazan.ru/umnozhenie-dobra/,source_urls,237,OPEN,200,https://rv-ryazan.ru/umnozhenie-dobra/,text/html,,2026-09-26
https://sakh.online/news/18/2023-07-31/volontery-iz-krasnogo-kresta-razdayut-goryachuyu-edu-na-sahaline-375622,source_urls,263,OPEN,200,https://sakh.online/news/18/2023-07-31/volontery-iz-krasnogo-kresta-razdayut-goryachuyu-edu-na-sahaline-375622,text/html; charset=utf-8,,2026-09-26
https://sakhalin-gov.ru/doc/73613,"source_url,source_urls,user_action_url",264,OPEN,200,https://sakhalin-gov.ru/doc/73613,text/html; charset=utf-8,,2026-09-26
https://salavat-uspeh.ru/?action=view&id=15781&module=articles,"source_url,source_urls",154,OPEN,200,https://salavat-uspeh.ru/?action=view&id=15781&module=articles,text/html; charset=UTF-8,,2026-09-26
https://sarp-kcson.kalm.socinfo.ru/,"official_website,source_urls,user_action_url",164,OPEN,200,https://sarp-kcson.kalm.socinfo.ru/,text/html; charset=utf-8,,2026-09-26
https://sarp-kcson.kalm.socinfo.ru/dtotdjq_ajyl,"source_url,source_urls",164,OPEN,200,https://sarp-kcson.kalm.socinfo.ru/dtotdjq_ajyl,text/html; charset=utf-8,,2026-09-26
https://sdat-veschi.ru/,"source_url,source_urls",276,OPEN,200,https://sdat-veschi.ru/,text/html; charset=utf-8,,2026-09-26
https://sddsochi.ru/,official_website,69,OPEN,200,https://sddsochi.ru/,text/html; charset=utf-8,,2026-09-26
https://sddsochi.ru/index.php/classes/gumanitarnaya-pomoshch-2,"source_url,source_urls",69,OPEN,200,https://sddsochi.ru/index.php/classes/gumanitarnaya-pomoshch-2,text/html; charset=utf-8,,2026-09-26
https://sddsochi.ru/index.php/classes/priyut-dlya-mam-2,source_urls,69,OPEN,200,https://sddsochi.ru/index.php/classes/priyut-dlya-mam-2,text/html; charset=utf-8,,2026-09-26
https://sddsochi.ru/index.php/kontakty,source_urls,69,OPEN,200,https://sddsochi.ru/index.php/kontakty,text/html; charset=utf-8,,2026-09-26
https://semya59.ru/,source_urls,139,OPEN,200,https://semya59.ru/,text/html; charset=UTF-8,,2026-09-26
https://ser.cso52.ru/,"official_website,source_urls",110,TLS_ERROR,,,,"HTTPSConnectionPool(host='ser.cso52.ru', port=443): Max retries exceeded with url: / (Caused by SSLError(SSLCertVerificationError(1, ""[SSL: CERTIFICATE_VERIFY_FAILED] certificate verify failed: Hostname mismatch, certificate is not valid for 'ser.cso",2026-09-26
https://serafimovskiy.cerkov.ru/,official_website,63,OPEN,200,https://serafimovskiy.cerkov.ru/,text/html; charset=UTF-8,,2026-09-26
https://serafimovskiy.cerkov.ru/pomoshh-nuzhdayushhimsya/,"source_url,source_urls,user_action_url",63,OPEN,200,https://serafimovskiy.cerkov.ru/pomoshh-nuzhdayushhimsya/,text/html; charset=UTF-8,,2026-09-26
https://sestry.ru/church/content/contacts/index,source_urls,269,OPEN,200,https://sestry.ru/church/content/contacts/index,text/html;charset=utf-8,,2026-09-26
https://sib-catholic.ru/ordinariy-preobrazhenskoy-eparhii-nachal-advent-2023-s-pastyirskogo-vizita-v-tomsk-foto/,source_urls,316,OPEN,200,https://sib-catholic.ru/ordinariy-preobrazhenskoy-eparhii-nachal-advent-2023-s-pastyirskogo-vizita-v-tomsk-foto/,text/html; charset=UTF-8,,2026-09-26
https://silalyudey.ru/,official_website,"51,52",OPEN,200,https://silalyudey.ru/,text/html; charset=UTF-8,,2026-09-26
https://silalyudey.ru/about/,source_urls,"51,52",OPEN,200,https://silalyudey.ru/about/,text/html; charset=UTF-8,,2026-09-26
https://silalyudey.ru/contacts/,"source_url,source_urls","51,52",OPEN,200,https://silalyudey.ru/contacts/,text/html; charset=UTF-8,,2026-09-26
https://silalyudey.ru/gethelp/,user_action_url,"51,52",OPEN,200,https://silalyudey.ru/gethelp/,text/html; charset=UTF-8,,2026-09-26
https://smolcso.ru/,official_website,293,OPEN,200,https://smolcso.ru/,text/html; charset=utf-8,,2026-09-26
https://smolcso.ru/parts/otdelenie_srochnogo_socialnogo_obsluzhivaniya,"source_url,source_urls",293,OPEN,200,https://smolcso.ru/parts/otdelenie_srochnogo_socialnogo_obsluzhivaniya,text/html; charset=utf-8,,2026-09-26
https://sobor-rosdestva.cerkov.ru/,"official_website,source_urls",224,OPEN,200,https://sobor-rosdestva.cerkov.ru/,text/html; charset=UTF-8,,2026-09-26
https://sobor-uspenie.ru/news/page_007171,source_urls,273,OPEN,200,https://sobor-uspenie.ru/news/page_007171,text/html; charset=utf-8,,2026-09-26
https://sobor-uspenie.ru/page/page_007172?nocache=9uii,source_urls,273,OPEN,200,https://sobor-uspenie.ru/page/page_007172?nocache=9uii,text/html; charset=utf-8,,2026-09-26
https://sobor-uspenie.ru/projects-gumcentr,"source_url,source_urls",273,OPEN,200,https://sobor-uspenie.ru/projects-gumcentr,text/html; charset=utf-8,,2026-09-26
https://soborpenza.cerkov.ru/,official_website,133,OPEN,200,https://soborpenza.cerkov.ru/,text/html; charset=UTF-8,,2026-09-26
https://soborpenza.cerkov.ru/kontakty/,source_urls,133,OPEN,200,https://soborpenza.cerkov.ru/kontakty/,text/html; charset=UTF-8,,2026-09-26
https://soborpenza.cerkov.ru/socialnoe-sluzhenie/,"source_url,source_urls,user_action_url",133,OPEN,200,https://soborpenza.cerkov.ru/socialnoe-sluzhenie/,text/html; charset=UTF-8,,2026-09-26
https://soborvl.ru/,"official_website,source_urls,user_action_url",149,OPEN,200,https://soborvl.ru/,text/html; charset=utf-8,,2026-09-26
https://soborvl.ru/socialnyy-otdel,"source_url,source_urls",149,OPEN,200,https://soborvl.ru/socialnyy-otdel,text/html; charset=utf-8,,2026-09-26
https://soccentrpenza.ru/chasto-zadavaemye-voprosy/,source_urls,132,TLS_ERROR,,,,"HTTPSConnectionPool(host='soccentrpenza.ru', port=443): Max retries exceeded with url: /chasto-zadavaemye-voprosy/ (Caused by SSLError(SSLCertVerificationError(1, '[SSL: CERTIFICATE_VERIFY_FAILED] certificate verify failed: self-signed certificate (_",2026-09-26
https://soccentrpenza.ru/novosti/15-iyulya-2026-goda-proveden-reyd-v-oktyabrskom-rayone-goroda-penzy-v-khode-kotorogo-lits-bez-oprede/,source_urls,132,TLS_ERROR,,,,"HTTPSConnectionPool(host='soccentrpenza.ru', port=443): Max retries exceeded with url: /novosti/15-iyulya-2026-goda-proveden-reyd-v-oktyabrskom-rayone-goroda-penzy-v-khode-kotorogo-lits-bez-oprede/ (Caused by SSLError(SSLCertVerificationError(1, '[SS",2026-09-26
https://soccentrpenza.ru/otdeleniya/otdelenie-srochnoy-sotsialnoy-pomoshchi/,source_urls,132,TLS_ERROR,,,,"HTTPSConnectionPool(host='soccentrpenza.ru', port=443): Max retries exceeded with url: /otdeleniya/otdelenie-srochnoy-sotsialnoy-pomoshchi/ (Caused by SSLError(SSLCertVerificationError(1, '[SSL: CERTIFICATE_VERIFY_FAILED] certificate verify failed: s",2026-09-26
https://social-karelia.ru/2026/07/,source_urls,"165,166,167,168,169,170,171,172,173,174,175,176,177,178,179,180,181,182",CONTENT_UNAVAILABLE,200,https://social-karelia.ru/2026/07/,text/html; charset=UTF-8,,2026-09-26
https://social.diaconia.ru/service/2211,source_urls,158,TLS_ERROR,,,,"HTTPSConnectionPool(host='social.diaconia.ru', port=443): Max retries exceeded with url: /service/2211 (Caused by SSLError(SSLCertVerificationError(1, '[SSL: CERTIFICATE_VERIFY_FAILED] certificate verify failed: unable to get local issuer certificate",2026-09-26
https://social.diaconia.ru/service/4583,source_urls,335,TLS_ERROR,,,,"HTTPSConnectionPool(host='social.diaconia.ru', port=443): Max retries exceeded with url: /service/4583 (Caused by SSLError(SSLCertVerificationError(1, '[SSL: CERTIFICATE_VERIFY_FAILED] certificate verify failed: unable to get local issuer certificate",2026-09-26
https://social.diaconia.ru/service/7845,source_urls,157,TLS_ERROR,,,,"HTTPSConnectionPool(host='social.diaconia.ru', port=443): Max retries exceeded with url: /service/7845 (Caused by SSLError(SSLCertVerificationError(1, '[SSL: CERTIFICATE_VERIFY_FAILED] certificate verify failed: unable to get local issuer certificate",2026-09-26
https://socialnsk.ru/,official_website,"117,118,119,120,121,122,123,124,125,126",OPEN,200,https://socialnsk.ru/,text/html; charset=UTF-8,,2026-09-26
https://socialnsk.ru/services/predostavlenie_produktovykh_naborov/,"source_url,source_urls","117,118,119,120,121,122,123,124,125,126",OPEN,200,https://socialnsk.ru/services/predostavlenie_produktovykh_naborov/,text/html; charset=UTF-8,,2026-09-26
https://socialte.tomsk.ru/,official_website,"310,311,324",OPEN,200,https://socialte.tomsk.ru/,text/html; charset=UTF-8,,2026-09-26
https://socialte.tomsk.ru/%D0%B3%D1%83%D0%BC%D0%B0%D0%BD%D0%B8%D1%82%D0%B0%D1%80%D0%BD%D1%8B%D0%B9-%D1%81%D0%BA%D0%BB%D0%B0%D0%B4/,"source_url,source_urls",324,OPEN,200,https://socialte.tomsk.ru/%D0%B3%D1%83%D0%BC%D0%B0%D0%BD%D0%B8%D1%82%D0%B0%D1%80%D0%BD%D1%8B%D0%B9-%D1%81%D0%BA%D0%BB%D0%B0%D0%B4/,text/html; charset=UTF-8,,2026-09-26
https://socialte.tomsk.ru/%D1%81%D0%BB%D1%83%D0%B6%D0%B5%D0%BD%D0%B8%D0%B5-%D0%BF%D1%80%D0%BE%D0%B5%D0%BA%D1%82%D0%BE%D0%B2-%D0%BF%D0%BE%D0%BF%D0%B5%D1%87%D0%B5%D0%BD%D0%B8%D1%8F-%D0%BE-%D0%B1%D0%B5%D0%B7%D0%B4%D0%BE%D0%BC/,"source_url,source_urls","310,311",OPEN,200,https://socialte.tomsk.ru/%D1%81%D0%BB%D1%83%D0%B6%D0%B5%D0%BD%D0%B8%D0%B5-%D0%BF%D1%80%D0%BE%D0%B5%D0%BA%D1%82%D0%BE%D0%B2-%D0%BF%D0%BE%D0%BF%D0%B5%D1%87%D0%B5%D0%BD%D0%B8%D1%8F-%D0%BE-%D0%B1%D0%B5%D0%B7%D0%B4%D0%BE%D0%BC/,text/html; charset=UTF-8,,2026-09-26
https://socmag.1c-umi.ru/,"official_website,source_url,source_urls",361,OPEN,200,https://socmag.1c-umi.ru/,text/html,,2026-09-26
https://socotdel.ru/info-socotdel/otchety/,source_urls,10,OPEN,200,https://socotdel.ru/info-socotdel/otchety/,text/html; charset=UTF-8,,2026-09-26
https://socpenza.ru/otdeleniya/otdelenie-srochnoy-sotsialnoy-pomoshchi/,source_urls,134,TLS_ERROR,,,,"HTTPSConnectionPool(host='socpenza.ru', port=443): Max retries exceeded with url: /otdeleniya/otdelenie-srochnoy-sotsialnoy-pomoshchi/ (Caused by SSLError(SSLCertVerificationError(1, '[SSL: CERTIFICATE_VERIFY_FAILED] certificate verify failed: self-s",2026-09-26
https://socslujenie74.ru/map,"official_website,source_url,source_urls,user_action_url","338,341,342,343,344,348,351",OPEN,200,https://socslujenie74.ru/map,text/html; charset=UTF-8,,2026-09-26
https://sodeystvie.org/,official_website,9,OPEN,200,https://sodeystvie.org/,text/html; charset=utf-8,,2026-09-26
https://sodeystvie.org/1370-v-centre-sodeystvie-prodolzhaetsya-priem-dokumentov-ot-grazhdan.html,source_urls,9,OPEN,200,https://sodeystvie.org/1370-v-centre-sodeystvie-prodolzhaetsya-priem-dokumentov-ot-grazhdan.html,text/html; charset=utf-8,,2026-09-26
https://sodeystvie.org/kontakty.html,"source_urls,user_action_url",9,OPEN,200,https://sodeystvie.org/kontakty.html,text/html; charset=utf-8,,2026-09-26
https://sodeystvie.org/otdeleniya-mnogoprofilnogo-socialnogo-centra-sodeystvie.html,"source_url,source_urls",9,OPEN,200,https://sodeystvie.org/otdeleniya-mnogoprofilnogo-socialnogo-centra-sodeystvie.html,text/html; charset=utf-8,,2026-09-26
https://soee.ru/database-prihod-projects,source_urls,"265,266,267,268,269,271,274,275,277,278,279,280,281,284,285,286,287,288,289",OPEN,200,https://soee.ru/database-prihod-projects,text/html; charset=utf-8,,2026-09-26
https://soee.ru/news/item_02630,"source_url,source_urls","265,266,267,268,269,270,271,272,274,275,277,278,279,280,281,284,285,286,287,288,289",OPEN,200,https://soee.ru/news/item_02630,text/html; charset=utf-8,,2026-09-26
https://soee.ru/objects/item_02699/gum-tsentrpdf.pdf,"source_url,source_urls","282,283",OPEN,200,https://soee.ru/objects/item_02699/gum-tsentrpdf.pdf,application/pdf,,2026-09-26
https://solncevladoshkah.ru/sbory/aktivnye-sbory-i-programmy/kladovaya-dobra/,"source_url,source_urls","68,70,71,193",OPEN,200,https://solncevladoshkah.ru/sbory/aktivnye-sbory-i-programmy/kladovaya-dobra/,text/html; charset=UTF-8,,2026-09-26
https://sotcpr.aln.socinfo.ru/,"official_website,source_urls",203,OPEN,200,https://sotcpr.aln.socinfo.ru/,text/html; charset=utf-8,,2026-09-26
https://sotcpr.aln.socinfo.ru/mesta,source_urls,203,OPEN,200,https://sotcpr.aln.socinfo.ru/mesta,text/html; charset=utf-8,,2026-09-26
https://sotcpr.aln.socinfo.ru/uslugi,"source_url,source_urls,user_action_url",203,OPEN,200,https://sotcpr.aln.socinfo.ru/uslugi,text/html; charset=utf-8,,2026-09-26
https://sozdom.ru/,official_website,81,OPEN,200,https://sozdom.ru/,text/html; charset=UTF-8,,2026-09-26
https://sozdom.ru/отделение-срочного-социал/,source_urls,81,OPEN,200,https://sozdom.ru/%D0%BE%D1%82%D0%B4%D0%B5%D0%BB%D0%B5%D0%BD%D0%B8%D0%B5-%D1%81%D1%80%D0%BE%D1%87%D0%BD%D0%BE%D0%B3%D0%BE-%D1%81%D0%BE%D1%86%D0%B8%D0%B0%D0%BB/,text/html; charset=UTF-8,,2026-09-26
https://sozdom.ru/перечень-предоставляемых-услуг/,"source_url,source_urls",81,OPEN,200,https://sozdom.ru/%D0%BF%D0%B5%D1%80%D0%B5%D1%87%D0%B5%D0%BD%D1%8C-%D0%BF%D1%80%D0%B5%D0%B4%D0%BE%D1%81%D1%82%D0%B0%D0%B2%D0%BB%D1%8F%D0%B5%D0%BC%D1%8B%D1%85-%D1%83%D1%81%D0%BB%D1%83%D0%B3/,text/html; charset=UTF-8,,2026-09-26
https://ssn.cso52.ru/index.php/ser-social-service/innovations/item-bank,source_urls,110,TLS_ERROR,,,,"HTTPSConnectionPool(host='ssn.cso52.ru', port=443): Max retries exceeded with url: /index.php/ser-social-service/innovations/item-bank (Caused by SSLError(SSLCertVerificationError(1, ""[SSL: CERTIFICATE_VERIFY_FAILED] certificate verify failed: Hostna",2026-09-26
https://starikam.org/,official_website,150,OPEN,200,https://starikam.org/,text/html; charset=UTF-8,,2026-09-26
https://statusdetstva.ru/news77,"source_url,source_urls,user_action_url",64,OPEN,200,https://statusdetstva.ru/news77,text/html; charset=UTF-8,,2026-09-26
https://sterlitamakadm.ru/city/info/news/?ELEMENT_ID=17935,"source_url,source_urls,user_action_url",155,OPEN,200,https://sterlitamakadm.ru/city/info/news/?ELEMENT_ID=17935,text/html; charset=UTF-8,,2026-09-26
https://storage.yandexcloud.net/dobro-static/prod/docs/bb7e6dc8-28c7-a9ca-d7e5-ff92c761936e/Prezentatsia_Fond_2024-2.pdf,"source_url,source_urls","100,101,103,104,105",OPEN,200,https://storage.yandexcloud.net/dobro-static/prod/docs/bb7e6dc8-28c7-a9ca-d7e5-ff92c761936e/Prezentatsia_Fond_2024-2.pdf,application/pdf,,2026-09-26
https://svirskie-ogni.ru/news/volontyery-poryadka/,source_urls,89,OPEN,200,https://svirskie-ogni.ru/news/volontyery-poryadka/,text/html; charset=UTF-8,,2026-09-26
https://synapsenet.ru/organizacii/1021100527690-gbu-rk-rkc,source_urls,186,OPEN,200,https://synapsenet.ru/organizacii/1021100527690-gbu-rk-rkc,text/html; charset=utf-8,,2026-09-26
https://sz226.gov45.ru/,official_website,84,TLS_ERROR,,,,"HTTPSConnectionPool(host='sz226.gov45.ru', port=443): Max retries exceeded with url: / (Caused by SSLError(SSLCertVerificationError(1, '[SSL: CERTIFICATE_VERIFY_FAILED] certificate verify failed: unable to get local issuer certificate (_ssl.c:1081)')",2026-09-26
https://sz226.gov45.ru/company/,"source_url,source_urls,user_action_url",84,TLS_ERROR,,,,"HTTPSConnectionPool(host='sz226.gov45.ru', port=443): Max retries exceeded with url: /company/ (Caused by SSLError(SSLCertVerificationError(1, '[SSL: CERTIFICATE_VERIFY_FAILED] certificate verify failed: unable to get local issuer certificate (_ssl.c",2026-09-26
https://sz226.gov45.ru/informatsiya-o-deyatelnosti/materialno-tekhnicheskoe-obespechenie/,source_urls,84,TLS_ERROR,,,,"HTTPSConnectionPool(host='sz226.gov45.ru', port=443): Max retries exceeded with url: /informatsiya-o-deyatelnosti/materialno-tekhnicheskoe-obespechenie/ (Caused by SSLError(SSLCertVerificationError(1, '[SSL: CERTIFICATE_VERIFY_FAILED] certificate ver",2026-09-26
https://sz226.gov45.ru/otdeleniya/otdelenie-srochnogo-sotsialnogo-obsluzhivaniya-i-sotsialnoy-reabilitatsii/,source_urls,84,TLS_ERROR,,,,"HTTPSConnectionPool(host='sz226.gov45.ru', port=443): Max retries exceeded with url: /otdeleniya/otdelenie-srochnogo-sotsialnogo-obsluzhivaniya-i-sotsialnoy-reabilitatsii/ (Caused by SSLError(SSLCertVerificationError(1, '[SSL: CERTIFICATE_VERIFY_FAIL",2026-09-26
https://t-j.ru/short/obed-darom/,source_urls,94,OPEN,200,https://t-j.ru/cdwuid/mc-probe?o=L3Nob3J0L29iZWQtZGFyb20v,text/html; charset=utf-8,,2026-09-26
https://t.me/s/ast_deti/1520,source_urls,10,OPEN,200,https://t.me/s/ast_deti/1520,text/html; charset=utf-8,,2026-09-26
https://t.me/s/mintrud_15/3480,source_urls,202,OPEN,200,https://t.me/s/mintrud_15/3480,text/html; charset=utf-8,,2026-09-26
https://t.me/s/ochag_dobra/148,source_urls,58,OPEN,200,https://t.me/s/ochag_dobra/148,text/html; charset=utf-8,,2026-09-26
https://t.me/s/strkoroche?before=14505,source_urls,155,OPEN,200,https://t.me/s/strkoroche?before=14505,text/html; charset=utf-8,,2026-09-26
https://t.me/samira_kchr,"official_website,source_urls,user_action_url",58,OPEN,200,https://t.me/samira_kchr,text/html; charset=utf-8,,2026-09-26
https://takiedela.ru/2025/02/teplo-lubyh-razmerov/,source_urls,67,OPEN,200,https://takiedela.ru/2025/02/teplo-lubyh-razmerov/,text/html; charset=UTF-8,,2026-09-26
https://tatmitropolia.ru/newses/kaznews/?id=75812,source_urls,204,TLS_ERROR,,,,[SSL: DECRYPTION_FAILED_OR_BAD_RECORD_MAC] decryption failed or bad record mac (_ssl.c:2711),2026-09-26
https://tatmitropolia.ru/newses/kaznews/?id=76917,source_urls,215,TLS_ERROR,,,,[SSL: DECRYPTION_FAILED_OR_BAD_RECORD_MAC] decryption failed or bad record mac (_ssl.c:2711),2026-09-26
https://td-samara.ru/humanitarian_warehouse,"source_url,source_urls",239,OPEN,200,https://td-samara.ru/humanitarian_warehouse,text/html; charset=UTF-8,,2026-09-26
https://tea-coffee-plus.ru/about_us/,source_urls,292,OPEN,200,https://tea-coffee-plus.ru/about_us/,text/html; charset=utf-8,,2026-09-26
https://tomskeparhia.ru/eparhia/structure/,source_urls,324,TLS_ERROR,,,,[SSL: DECRYPTION_FAILED_OR_BAD_RECORD_MAC] decryption failed or bad record mac (_ssl.c:2711),2026-09-26
https://tooba.com/ru/charities/ru/tesham-respublika-ingushetiya,source_urls,161,OPEN,200,https://tooba.com/ru/charities/ru/tesham-respublika-ingushetiya,text/html; charset=utf-8,,2026-09-26
https://totemka.ru/,official_website,72,TLS_ERROR,,,,"HTTPSConnectionPool(host='totemka.ru', port=443): Max retries exceeded with url: / (Caused by SSLError(SSLEOFError(8, '[SSL: UNEXPECTED_EOF_WHILE_READING] EOF occurred in violation of protocol (_ssl.c:1081)')))",2026-09-26
https://totemka.ru/faqs/,source_urls,79,TLS_ERROR,,,,"HTTPSConnectionPool(host='totemka.ru', port=443): Max retries exceeded with url: /faqs/ (Caused by SSLError(SSLEOFError(8, '[SSL: UNEXPECTED_EOF_WHILE_READING] EOF occurred in violation of protocol (_ssl.c:1081)')))",2026-09-26
https://tula.er.ru/activity/news/v-tule-otkrylos-blagotvoritelnoe-kafe-dlya-pozhilyh-lyudej-dobrodomik,source_urls,326,OPEN,200,https://tula.er.ru/activity/news/v-tule-otkrylos-blagotvoritelnoe-kafe-dlya-pozhilyh-lyudej-dobrodomik,text/html; charset=UTF-8,,2026-09-26
https://tver.aif.ru/society/persona/istorii_padeniya_na_dno_reportazh_iz_nochlezhki_dlya_bezdomnyh,source_urls,306,OPEN,200,https://tver.aif.ru/society/persona/istorii_padeniya_na_dno_reportazh_iz_nochlezhki_dlya_bezdomnyh,text/html; charset=UTF-8,,2026-09-26
https://tver.radiovera.ru/partners/tverskaja-regionalnaja-blagotvoritelnaja-obshhestvennaja-organizacija-gostinica-dlja-bezdomnyh-vo-imja-svjatogo-pravednogo-ioanna-kronshtadskogo,"source_url,source_urls",306,OPEN,200,https://tver.radiovera.ru/partners/tverskaja-regionalnaja-blagotvoritelnaja-obshhestvennaja-organizacija-gostinica-dlja-bezdomnyh-vo-imja-svjatogo-pravednogo-ioanna-kronshtadskogo,text/html; charset=UTF-8,,2026-09-26
https://tvereparhia.ru/news/statistika-soczialnogo-sluzheniya-na-territorii-tverskoj-eparhii-v-period-s-15-fevralya-po-15-marta-2026-goda/,source_urls,306,OPEN,200,https://tvereparhia.ru/news/statistika-soczialnogo-sluzheniya-na-territorii-tverskoj-eparhii-v-period-s-15-fevralya-po-15-marta-2026-goda/,text/html; charset=UTF-8,,2026-09-26
https://tverigrad.ru/publication/v-tveri-besplatno-razdajut-odezhdu-i-obuv/,source_urls,305,OPEN,200,https://tverigrad.ru/publication/v-tveri-besplatno-razdajut-odezhdu-i-obuv/,text/html,,2026-09-26
https://tversocsluzhenie.pravorg.ru/,official_website,"305,306,307",OPEN,200,https://tversocsluzhenie.pravorg.ru/,text/html; charset=UTF-8,,2026-09-26
https://tversocsluzhenie.pravorg.ru/gostinica-dlya-bezdomnyx-lyudej-vo-imya-svyatogo-pravednogo-ioanna-kronshtadtskogo/,source_urls,306,OPEN,200,https://tversocsluzhenie.pravorg.ru/gostinica-dlya-bezdomnyx-lyudej-vo-imya-svyatogo-pravednogo-ioanna-kronshtadtskogo/,text/html; charset=UTF-8,,2026-09-26
https://tversocsluzhenie.pravorg.ru/kormlenie-bezdomnyx/,"source_url,source_urls",307,OPEN,200,https://tversocsluzhenie.pravorg.ru/kormlenie-bezdomnyx/,text/html; charset=UTF-8,,2026-09-26
https://tversocsluzhenie.pravorg.ru/nashi-proekty/,source_urls,"305,307",OPEN,200,https://tversocsluzhenie.pravorg.ru/nashi-proekty/,text/html; charset=UTF-8,,2026-09-26
https://tversocsluzhenie.pravorg.ru/punkt-priema-i-razdachi-veshhej-nuzhdayushhimsya/,"source_url,source_urls",305,OPEN,200,https://tversocsluzhenie.pravorg.ru/punkt-priema-i-razdachi-veshhej-nuzhdayushhimsya/,text/html; charset=UTF-8,,2026-09-26
https://tyrnyauz-kcson.ru/otdelenie-srochnogo-sotsialnogo-obsluzhivaniya/,source_urls,48,OPEN,200,https://tyrnyauz-kcson.ru/otdelenie-srochnogo-sotsialnogo-obsluzhivaniya/,text/html; charset=UTF-8,,2026-09-26
https://urbanplaces.su/ru_respublika-bashkortostan/sterlitamak-gorodskoj-okrug-sterlitamak/card-1682473-s-miru-po-nitke,source_urls,155,NOT_FOUND,404,https://urbanplaces.su/ru_respublika-bashkortostan/sterlitamak-gorodskoj-okrug-sterlitamak/card-1682473-s-miru-po-nitke,text/html; charset=utf-8,,2026-09-26
https://uspeniya-saransk.cerkov.ru/,"official_website,source_urls",199,OPEN,200,https://uspeniya-saransk.cerkov.ru/,text/html; charset=UTF-8,,2026-09-26
https://v-pravda.ru/wp-content/uploads/2025/10/vp-41-web.pdf,source_urls,224,ACCESS_RESTRICTED,403,https://v-pravda.ru/wp-content/uploads/2025/10/vp-41-web.pdf,text/plain; charset=utf-8,,2026-09-26
https://vestidv.ru/news/2025/01/30/94148,source_urls,334,OPEN,200,https://vestidv.ru/news/2025/01/30/94148,text/html; charset=UTF-8,,2026-09-26
https://vfokuse.mail.ru/articles/69615321-navodnenie-v-dagestane-kak-i-chem-mozhno-pomoch-postradavshim-zhitelyam-regiona/,source_urls,159,OPEN,200,https://vfokuse.mail.ru/articles/69615321-navodnenie-v-dagestane-kak-i-chem-mozhno-pomoch-postradavshim-zhitelyam-regiona/,text/html; charset=utf-8,,2026-09-26
https://vk.com/ecoobmen43,official_website,64,OPEN,200,https://m.vk.com/ecoobmen43,text/html; charset=utf-8,,2026-09-26
https://vk.com/fprostr,official_website,155,OPEN,200,https://m.vk.com/public53390622,text/html; charset=utf-8,,2026-09-26
https://vk.com/miloserdieuhta,"official_website,user_action_url",188,OPEN,200,https://m.vk.com/public44199949,text/html; charset=utf-8,,2026-09-26
https://vk.com/redcross83,"official_website,user_action_url",106,OPEN,200,https://m.vk.com/public138006514,text/html; charset=utf-8,,2026-09-26
https://vk.com/sg_komi,"official_website,user_action_url","184,185,187",OPEN,200,https://m.vk.com/sg_komi,text/html; charset=utf-8,,2026-09-26
https://vk.ru/tochka_opory_semiya,official_website,217,OPEN,200,https://m.vk.ru/tochka_opory_semiya,text/html; charset=utf-8,,2026-09-26
https://vlad.aif.ru/society/gumanitarnyy-centr-vladimirskoy-eparhii-otkrylsya-na-novom-meste,"source_url,source_urls",14,OPEN,200,https://vlad.aif.ru/society/gumanitarnyy-centr-vladimirskoy-eparhii-otkrylsya-na-novom-meste,text/html; charset=UTF-8,,2026-09-26
https://vmesterzn.ru/,"official_website,source_url,source_urls",237,OPEN,200,https://vmesterzn.ru/,text/html;charset=UTF-8,,2026-09-26
https://vologda-mitropolia.ru/,official_website,19,OPEN,200,https://vologda-mitropolia.ru/,text/html; charset=UTF-8,,2026-09-26
https://vologda-mitropolia.ru/mitropolija/sestry-miloserdija/,source_urls,19,OPEN,200,https://vologda-mitropolia.ru/mitropolija/sestry-miloserdija/,text/html; charset=UTF-8,,2026-09-26
https://vologda-mitropolia.ru/news/v-vologde-prodolzhaetsja-realizacija-proekta-teplyj-priem/,"source_url,source_urls",19,OPEN,200,https://vologda-mitropolia.ru/news/v-vologde-prodolzhaetsja-realizacija-proekta-teplyj-priem/,text/html; charset=UTF-8,,2026-09-26
https://voznesiserdce.ru/,official_website,151,OPEN,200,https://voznesiserdce.ru/,text/html; charset=UTF-8,,2026-09-26
https://voznesiserdce.ru/news/novosti-fonda/43443/,source_urls,151,OPEN,200,https://voznesiserdce.ru/news/novosti-fonda/43443/,text/html; charset=UTF-8,,2026-09-26
https://voznesiserdce.ru/news/novosti-fonda/43634/,"source_url,source_urls",151,OPEN,200,https://voznesiserdce.ru/news/novosti-fonda/43634/,text/html; charset=UTF-8,,2026-09-26
https://vsk.cso52.ru/,"official_website,source_urls",108,TLS_ERROR,,,,"HTTPSConnectionPool(host='vsk.cso52.ru', port=443): Max retries exceeded with url: / (Caused by SSLError(SSLCertVerificationError(1, ""[SSL: CERTIFICATE_VERIFY_FAILED] certificate verify failed: Hostname mismatch, certificate is not valid for 'vsk.cso",2026-09-26
https://vtoroe-special.ru/2023,source_urls,67,OPEN,200,https://vtoroe-special.ru/2023,text/html; charset=UTF-8,,2026-09-26
https://vtoroe.ru/,official_website,67,OPEN,200,https://vtoroe.ru/,text/html; charset=UTF-8,,2026-09-26
https://vybory.oprh.ru/news/actual/v_abakane_otkrylsya_tsentr_pomoshchi_seme_tochka_opory_semya/,source_urls,217,TLS_ERROR,,,,"HTTPSConnectionPool(host='vybory.oprh.ru', port=443): Max retries exceeded with url: /news/actual/v_abakane_otkrylsya_tsentr_pomoshchi_seme_tochka_opory_semya/ (Caused by SSLError(SSLCertVerificationError(1, ""[SSL: CERTIFICATE_VERIFY_FAILED] certific",2026-09-26
https://www.belovo42.ru/pressa/2026/04/30/34947-obespechenie-bezopasnosti-naseleniya-kuzbassa.html,"source_url,source_urls","60,61",OPEN,200,https://www.belovo42.ru/pressa/2026/04/30/34947-obespechenie-bezopasnosti-naseleniya-kuzbassa.html,text/html; charset=utf-8,,2026-09-26
https://www.bfstep.ru/,"official_website,source_urls",109,OPEN,200,https://www.bfstep.ru/,text/html; charset=UTF-8,,2026-09-26
https://www.bfstep.ru/second_hand,"source_url,source_urls",109,OPEN,200,https://www.bfstep.ru/second_hand,text/html; charset=UTF-8,,2026-09-26
https://www.bizkontakte.com/%D0%B6-%D0%B4-%D0%BF%D0%BB%D0%B0%D1%82%D1%84%D0%BE%D1%80%D0%BC%D0%B0-%D1%8D%D0%B6%D0%B2%D0%B0,source_urls,184,ACCESS_RESTRICTED,403,https://www.bizkontakte.com/%D0%B6-%D0%B4-%D0%BF%D0%BB%D0%B0%D1%82%D1%84%D0%BE%D1%80%D0%BC%D0%B0-%D1%8D%D0%B6%D0%B2%D0%B0,text/html; charset=UTF-8,,2026-09-26
https://www.bnkomi.ru/data/news/175590/,source_urls,187,OPEN,200,https://www.bnkomi.ru/data/news/175590/,text/html; charset=UTF-8,,2026-09-26
https://www.bnkomi.ru/data/news/179185/,source_urls,"184,187",OPEN,200,https://www.bnkomi.ru/data/news/179185/,text/html; charset=UTF-8,,2026-09-26
https://www.bnkomi.ru/data/news/192573/,source_urls,186,OPEN,200,https://www.bnkomi.ru/data/news/192573/,text/html; charset=UTF-8,,2026-09-26
https://www.bnkomi.ru/data/news/curdate/13-07-2025,source_urls,183,OPEN,200,https://www.bnkomi.ru/data/news/curdate/13-07-2025,text/html; charset=UTF-8,,2026-09-26
https://www.dobroveschi.ru/,"official_website,source_url,source_urls",99,OPEN,200,https://www.dobroveschi.ru/,text/html; charset=UTF-8,,2026-09-26
https://www.elkras.ru/arhiv/arhiv_novostei/2025god/oktyabr/prezentaciyagorodskihblagotvoritelnyhproektovvpetrikirhe.jdx,source_urls,248,OPEN,200,https://www.elkras.ru/arhiv/arhiv_novostei/2025god/oktyabr/prezentaciyagorodskihblagotvoritelnyhproektovvpetrikirhe.jdx,text/html;charset=UTF-8,,2026-09-26
https://www.fctotem.ru/rabota-blagotvoritelnogo-proekta-totemka-stala-sistemnoj/,source_urls,72,TLS_ERROR,,,,"HTTPSConnectionPool(host='www.fctotem.ru', port=443): Max retries exceeded with url: /rabota-blagotvoritelnogo-proekta-totemka-stala-sistemnoj/ (Caused by SSLError(SSLEOFError(8, '[SSL: UNEXPECTED_EOF_WHILE_READING] EOF occurred in violation of proto",2026-09-26
https://www.gg12.ru/v-joshkar-ole-otkrylsya-gumanitarnyj-czentr-rossijskogo-krasnogo-kresta/,"source_url,source_urls,user_action_url",197,OPEN,200,https://www.gg12.ru/v-joshkar-ole-otkrylsya-gumanitarnyj-czentr-rossijskogo-krasnogo-kresta/,text/html; charset=UTF-8,,2026-09-26
https://www.gov.spb.ru/gov/terr/reg_kalinin/socialnaya-zashita-naseleniya/okazanie-pomoshi-licam-ostavshimsya-bez-krova/,"source_url,source_urls",259,OPEN,200,https://www.gov.spb.ru/gov/terr/reg_kalinin/socialnaya-zashita-naseleniya/okazanie-pomoshi-licam-ostavshimsya-bez-krova/,text/html; charset=utf-8,,2026-09-26
https://www.gtrkoka.ru/news/2026/02/02/v-rjazani-otkryt-besplatnyj-veshhevoj-centr-fonda-my-vmeste.html,source_urls,237,OPEN,200,https://www.gtrkoka.ru/news/2026/02/02/v-rjazani-otkryt-besplatnyj-veshhevoj-centr-fonda-my-vmeste.html,text/html; charset=UTF-8,,2026-09-26
https://www.hramkazanskoi.ru/news/cgp_sar.html,"source_url,source_urls",198,OPEN,200,https://www.hramkazanskoi.ru/news/cgp_sar.html,text/html; charset=UTF-8,,2026-09-26
https://www.kalinnsk.ru/industry/social-service/,source_urls,119,OPEN,200,https://www.kalinnsk.ru/industry/social-service/,text/html; charset=UTF-8,,2026-09-26
https://www.kaluga-gov.ru/obshchestvo/komissiya-po-delam-nesovershennoletnikh/,source_urls,55,OPEN,200,https://www.kaluga-gov.ru/obshchestvo/komissiya-po-delam-nesovershennoletnikh/,text/html; charset=UTF-8,,2026-09-26
https://www.kcson.pyatigorsk.ru/,official_website,303,TLS_ERROR,,,,"HTTPSConnectionPool(host='www.kcson.pyatigorsk.ru', port=443): Max retries exceeded with url: / (Caused by SSLError(SSLCertVerificationError(1, '[SSL: CERTIFICATE_VERIFY_FAILED] certificate verify failed: self-signed certificate in certificate chain ",2026-09-26
https://www.kcson.pyatigorsk.ru/index.php/kontakty,source_urls,303,TLS_ERROR,,,,"HTTPSConnectionPool(host='www.kcson.pyatigorsk.ru', port=443): Max retries exceeded with url: /index.php/kontakty (Caused by SSLError(SSLCertVerificationError(1, '[SSL: CERTIFICATE_VERIFY_FAILED] certificate verify failed: self-signed certificate in ",2026-09-26
https://www.kcson.pyatigorsk.ru/index.php/o-nas/struktura-organizatsii/otdelenie-srochnogo-sotsialnogo-obsluzhivaniya,"source_url,source_urls,user_action_url",303,TLS_ERROR,,,,"HTTPSConnectionPool(host='www.kcson.pyatigorsk.ru', port=443): Max retries exceeded with url: /index.php/o-nas/struktura-organizatsii/otdelenie-srochnogo-sotsialnogo-obsluzhivaniya (Caused by SSLError(SSLCertVerificationError(1, '[SSL: CERTIFICATE_VE",2026-09-26
https://www.kcsonokt.ru/,official_website,66,OPEN,200,https://www.kcsonokt.ru/,text/html; charset=UTF-8,,2026-09-26
https://www.kcsonokt.ru/%D0%BE-%D0%BD%D0%B0%D1%81/%D1%81%D1%82%D1%80%D1%83%D0%BA%D1%82%D1%83%D1%80%D0%B0-%D1%86%D0%B5%D0%BD%D1%82%D1%80%D0%B0/%D0%BE%D1%82%D0%B4%D0%B5%D0%BB%D0%B5%D0%BD%D0%B8%D0%B5-%D1%81%D1%80%D0%BE%D1%87%D0%BD%D0%BE%D0%B3%D0%BE-%D1%81%D0%BE%D1%86%D0%B8%D0%B0%D0%BB%D1%8C%D0%BD%D0%BE%D0%B3%D0%BE-%D0%BE%D0%B1%D1%81%D0%BB/,"source_url,source_urls",66,OPEN,200,https://www.kcsonokt.ru/%D0%BE-%D0%BD%D0%B0%D1%81/%D1%81%D1%82%D1%80%D1%83%D0%BA%D1%82%D1%83%D1%80%D0%B0-%D1%86%D0%B5%D0%BD%D1%82%D1%80%D0%B0/%D0%BE%D1%82%D0%B4%D0%B5%D0%BB%D0%B5%D0%BD%D0%B8%D0%B5-%D1%81%D1%80%D0%BE%D1%87%D0%BD%D0%BE%D0%B3%D0%BE-%D1%81%D0%BE%D1%86%D0%B8%D0%B0%D0%BB%D1%8C%D0%BD%D0%BE%D0%B3%D0%BE-%D0%BE%D0%B1%D1%81%D0%BB/,text/html; charset=UTF-8,,2026-09-26
https://www.kinoafisha.info/russia/sevastopol/cinema/8327207/,source_urls,290,OPEN,200,https://www.kinoafisha.info/russia/sevastopol/cinema/8327207/,text/html; charset=UTF-8,,2026-09-26
https://www.kinsoc.ru/,official_website,32,OPEN,200,https://www.kinsoc.ru/,text/html; charset=windows-1251,,2026-09-26
https://www.kinsoc.ru/struktura-uchrezhdeniya/otdelenie-srochnogo-sotsialnogo-obsluzhivaniya/,"source_url,source_urls",32,OPEN,200,https://www.kinsoc.ru/struktura-uchrezhdeniya/otdelenie-srochnogo-sotsialnogo-obsluzhivaniya/,text/html; charset=windows-1251,,2026-09-26
https://www.ksz-nk.ru/deyatelnost/uchrezhdeniya-sotsialnoj-zashchity-g-novokuznetska/munitsipalnye-kazennye-uchrezhdeniya-mku-g-novokuznetska,"source_url,source_urls",61,OPEN,200,https://www.ksz-nk.ru/deyatelnost/uchrezhdeniya-sotsialnoj-zashchity-g-novokuznetska/munitsipalnye-kazennye-uchrezhdeniya-mku-g-novokuznetska,text/html; charset=utf-8,,2026-09-26
https://www.mari-eparhia.ru/churches/eparhii_volzhskoi/volzhsk/?ID=5258,source_urls,194,OPEN,200,https://www.mari-eparhia.ru/churches/eparhii_volzhskoi/volzhsk/?ID=5258,text/html,,2026-09-26
https://www.marimedia.ru/news/yola/item/206680/,source_urls,197,OPEN,200,https://www.marimedia.ru/news/yola/item/206680/,text/html; charset=UTF-8,,2026-09-26
https://www.miloserdie.ru/news/v-moskve-prodolzhaetsya-sbor-kancztovarov-dlya-detej-bezhenczev-i-maloobespechennyh-semej/,source_urls,95,OPEN,200,https://www.miloserdie.ru/news/v-moskve-prodolzhaetsya-sbor-kancztovarov-dlya-detej-bezhenczev-i-maloobespechennyh-semej/,text/html; charset=UTF-8,,2026-09-26
https://www.mrckb.ru/patients/zhizn-kazhdogo-iz-nas-nepovtorima.html,source_urls,"198,199",OPEN,200,https://www.mrckb.ru/patients/zhizn-kazhdogo-iz-nas-nepovtorima.html,text/html; charset=UTF-8,,2026-09-26
https://www.nalog.gov.ru/html/sites/www.rn21.nalog.ru/press/psh13.pdf,source_urls,356,OPEN,200,https://www.nalog.gov.ru/html/sites/www.rn21.nalog.ru/press/psh13.pdf,application/pdf,,2026-09-26
https://www.nko49.ru/nko-oblasti/blagotvoritelnye-nko/avtonomnaja-nekommercheskaja-organizacija-kolyma-za-zhizn-ano-kolyma-za-zhizn/,source_urls,93,OPEN,200,https://www.nko49.ru/nko-oblasti/blagotvoritelnye-nko/avtonomnaja-nekommercheskaja-organizacija-kolyma-za-zhizn-ano-kolyma-za-zhizn/,text/html; charset=UTF-8,,2026-09-26
https://www.novden.ru/,official_website,"54,56",OPEN,200,https://www.novden.ru/,text/html; charset=UTF-8,,2026-09-26
https://www.novden.ru/contact/,"source_url,source_urls","54,56",OPEN,200,https://www.novden.ru/contact/,text/html; charset=UTF-8,,2026-09-26
https://www.novden.ru/programm/save-the-family/,source_urls,"54,56",OPEN,200,https://www.novden.ru/programm/save-the-family/,text/html; charset=UTF-8,,2026-09-26
https://www.pravperm.ru/czentr-gumanitarnoj-pomoshhi-svetlicza/,"source_url,source_urls",142,OPEN,200,https://www.pravperm.ru/czentr-gumanitarnoj-pomoshhi-svetlicza/,text/html; charset=UTF-8,,2026-09-26
https://www.press-release.ru/branches/org/__03_09_2026_13_56/,"source_url,source_urls,user_action_url",328,OPEN,200,https://www.press-release.ru/branches/org/__03_09_2026_13_56/,text/html; charset=UTF-8,,2026-09-26
https://www.press-release.ru/branches/org/__11_09_2026_10_07/,source_urls,328,OPEN,200,https://www.press-release.ru/branches/org/__11_09_2026_10_07/,text/html; charset=UTF-8,,2026-09-26
https://www.proslavlenie.ru/ministration/nakormi-golodnogo,"official_website,source_url,source_urls","308,312,313,315,319,320,322,323,325",OPEN,200,https://www.proslavlenie.ru/ministration/nakormi-golodnogo,text/html; charset=UTF-8,,2026-09-26
https://www.raifa.ru/publications/?ID=3645,"source_url,source_urls","194,207",OPEN,200,https://www.raifa.ru/publications/?ID=3645,text/html,,2026-09-26
https://www.riatomsk.ru/article/20230311/tomichi-mogut-pomochj-s-otkritiem-kompjyuternogo-klassa-dlya-molodih-mam/,source_urls,317,OPEN,200,https://www.riatomsk.ru/article/20230311/tomichi-mogut-pomochj-s-otkritiem-kompjyuternogo-klassa-dlya-molodih-mam/,text/html; charset=UTF-8,,2026-09-26
https://www.riatomsk.ru/article/20260116/bezdomnie-pomosch-tomsk,source_urls,314,OPEN,200,https://www.riatomsk.ru/article/20260116/bezdomnie-pomosch-tomsk,text/html; charset=UTF-8,,2026-09-26
https://www.riatomsk.ru/article/20260329/kuda-priiti-za-goryachim-obedom-nuzhdayuschimsya-tomicham,"source_url,source_urls","308,310,311,312,313,314,315,316,319,320,322,323,325",OPEN,200,https://www.riatomsk.ru/article/20260329/kuda-priiti-za-goryachim-obedom-nuzhdayuschimsya-tomicham,text/html; charset=UTF-8,,2026-09-26
https://www.rkk65.ru/,official_website,263,TLS_ERROR,,,,"HTTPSConnectionPool(host='sakhalin.redcross.ru', port=443): Max retries exceeded with url: / (Caused by SSLError(SSLEOFError(8, '[SSL: UNEXPECTED_EOF_WHILE_READING] EOF occurred in violation of protocol (_ssl.c:1081)')))",2026-09-26
https://www.sobor-pokrova.ru/,"official_website,user_action_url",356,OPEN,200,https://www.sobor-pokrova.ru/,text/html; charset=utf-8,,2026-09-26
https://www.sobor-pokrova.ru/info.aspx?id=17988&type=news,"source_url,source_urls",356,OPEN,200,https://www.sobor-pokrova.ru/info.aspx?id=17988&type=news,text/html; charset=utf-8,,2026-09-26
https://www.sovetsky-kcson.ru/,"official_website,source_urls,user_action_url",297,TLS_ERROR,,,,"HTTPSConnectionPool(host='www.sovetsky-kcson.ru', port=443): Max retries exceeded with url: / (Caused by SSLError(SSLCertVerificationError(1, '[SSL: CERTIFICATE_VERIFY_FAILED] certificate verify failed: self-signed certificate in certificate chain (_",2026-09-26
https://www.spasiboshop.org/,"official_website,source_url,source_urls",249,OPEN,200,https://www.spasiboshop.org/,text/html; charset=UTF-8,,2026-09-26
https://www.spaso-preobr-sobor.ru/news/tpost/ohuu0tpp21-blagotvoritelnaya-stolovaya-na-krupskoi?amp=true,source_urls,256,OPEN,200,https://www.spaso-preobr-sobor.ru/news/tpost/ohuu0tpp21-blagotvoritelnaya-stolovaya-na-krupskoi?amp=true,text/html; charset=UTF-8,,2026-09-26
https://www.spaso-preobr-sobor.ru/social,"official_website,source_url,source_urls","256,259",OPEN,200,https://www.spaso-preobr-sobor.ru/social,text/html; charset=UTF-8,,2026-09-26
https://www.spriut.ru/,official_website,94,OPEN,200,https://www.spriut.ru/,text/html; charset=UTF-8,,2026-09-26
https://www.spriut.ru/питание-бездомных/,"source_url,source_urls,user_action_url",94,OPEN,200,https://www.spriut.ru/%D0%BF%D0%B8%D1%82%D0%B0%D0%BD%D0%B8%D0%B5-%D0%B1%D0%B5%D0%B7%D0%B4%D0%BE%D0%BC%D0%BD%D1%8B%D1%85/,text/html; charset=UTF-8,,2026-09-26
https://www.vluki.ru/news/2022/05/17/539627.html,"source_url,source_urls",150,OPEN,200,https://vluki.ru/news/536247,text/html; charset=utf-8,,2026-09-26
https://www.vluki.ru/news/2026/06/22/575263.html,source_urls,150,OPEN,200,https://vluki.ru/news/570554,text/html; charset=utf-8,,2026-09-26
https://www.vn-eparhia.ru/,official_website,115,OPEN,200,https://www.vn-eparhia.ru/,text/html; charset=utf-8,,2026-09-26
https://www.vn-eparhia.ru/novosti-eparkhii/17239-tsentr-pomoshchi-miloserdie-podarit-detyam-odezhdu-shkolnuyu-formu-i-obuv.html,"source_url,source_urls",115,OPEN,200,https://www.vn-eparhia.ru/novosti-eparkhii/17239-tsentr-pomoshchi-miloserdie-podarit-detyam-odezhdu-shkolnuyu-formu-i-obuv.html,text/html; charset=utf-8,,2026-09-26
https://www.vn-eparhia.ru/novosti-eparkhii/18503-%D0%B4%D0%BE%D0%B1%D1%80%D0%BE%D0%B2%D0%BE%D0%BB%D1%8C%D1%86%D1%8B-%C2%AB%D0%BC%D0%B8%D0%BB%D0%BE%D1%81%D0%B5%D1%80%D0%B4%D0%B8%D0%B5-%D0%B2%D0%B5%D0%BB%D0%B8%D0%BA%D0%B8%D0%B9-%D0%BD%D0%BE%D0%B2%D0%B3%D0%BE%D1%80%D0%BE%D0%B4%C2%BB-%D0%B8%D1%89%D1%83%D1%82-%D0%B8%D0%BD%D0%B8%D1%86%D0%B8%D0%B0%D1%82%D0%B8%D0%B2%D0%BD%D1%8B%D1%85-%D0%BB%D1%8E%D0%B4%D0%B5%D0%B9-%D0%B4%D0%BB%D1%8F-%D0%BE%D1%82%D0%BA%D1%80%D1%8B%D1%82%D0%B8%D1%8F-%D0%B2%D0%B5%D1%89%D0%B5%D0%B2%D1%8B%D1%85-%D1%81%D0%BA%D0%BB%D0%B0%D0%B4%D0%BE%D0%B2-%D0%B2-%D1%80%D0%B0%D0%B9%D0%BE%D0%BD%D0%B0%D1%85.html,source_urls,115,OPEN,200,https://www.vn-eparhia.ru/novosti-eparkhii/18503-%D0%B4%D0%BE%D0%B1%D1%80%D0%BE%D0%B2%D0%BE%D0%BB%D1%8C%D1%86%D1%8B-%C2%AB%D0%BC%D0%B8%D0%BB%D0%BE%D1%81%D0%B5%D1%80%D0%B4%D0%B8%D0%B5-%D0%B2%D0%B5%D0%BB%D0%B8%D0%BA%D0%B8%D0%B9-%D0%BD%D0%BE%D0%B2%D0%B3%D0%BE%D1%80%D0%BE%D0%B4%C2%BB-%D0%B8%D1%89%D1%83%D1%82-%D0%B8%D0%BD%D0%B8%D1%86%D0%B8%D0%B0%D1%82%D0%B8%D0%B2%D0%BD%D1%8B%D1%85-%D0%BB%D1%8E%D0%B4%D0%B5%D0%B9-%D0%B4%D0%BB%D1%8F-%D0%BE%D1%82%D0%BA%D1%80%D1%8B%D1%82%D0%B8%D1%8F-%D0%B2%D0%B5%D1%89%D0%B5%D0%B2%D1%8B%D1%85-%D1%81%D0%BA%D0%BB%D0%B0%D0%B4%D0%BE%D0%B2-%D0%B2-%D1%80%D0%B0%D0%B9%D0%BE%D0%BD%D0%B0%D1%85.html,text/html; charset=utf-8,,2026-09-26
https://www.volgadmin.ru/d/districts/sovetadm/newsdistrict/i2883,source_urls,18,OPEN,200,https://www.volgadmin.ru/d/districts/sovetadm/newsdistrict/i2883,text/html; charset=utf-8,,2026-09-26
https://xn-----6kcacffajsbdznt9cafhgb6a2anfdcb.xn--p1ai/projects/h961q4ypwh0o3pt8ishjzuei?orgName=%D0%9D%D0%B0%D0%BA%D0%BE%D1%80%D0%BC%D0%B8+%D0%B1%D0%BB%D0%B8%D0%B6%D0%BD%D0%B5%D0%B3%D0%BE,source_urls,130,OPEN,200,https://xn-----6kcacffajsbdznt9cafhgb6a2anfdcb.xn--p1ai/projects/h961q4ypwh0o3pt8ishjzuei?orgName=%D0%9D%D0%B0%D0%BA%D0%BE%D1%80%D0%BC%D0%B8+%D0%B1%D0%BB%D0%B8%D0%B6%D0%BD%D0%B5%D0%B3%D0%BE,text/html; charset=utf-8,,2026-09-26
https://xn----7sbaa5bregjedpro7d6d.xn--p1ai/wp-content/uploads/2025/11/%D0%9F%D0%B0%D0%BD%D0%BE%D1%80%D0%B0%D0%BC%D0%B0-%D1%81%D1%82%D0%BE%D0%BB%D0%B8%D1%86%D1%8B.pdf,"source_url,source_urls","184,185,187",OPEN,200,https://xn----7sbaa5bregjedpro7d6d.xn--p1ai/wp-content/uploads/2025/11/%D0%9F%D0%B0%D0%BD%D0%BE%D1%80%D0%B0%D0%BC%D0%B0-%D1%81%D1%82%D0%BE%D0%BB%D0%B8%D1%86%D1%8B.pdf,application/pdf,,2026-09-26
https://xn----7sbaijeyieddc3ahig0aogf8h.xn--p1ai/,"official_website,user_action_url",294,OPEN,200,https://xn----7sbaijeyieddc3ahig0aogf8h.xn--p1ai/,text/html; charset=UTF-8,,2026-09-26
https://xn----7sbaijeyieddc3ahig0aogf8h.xn--p1ai/?p=15425,"source_url,source_urls",294,OPEN,200,https://xn----7sbaijeyieddc3ahig0aogf8h.xn--p1ai/?p=15425,text/html; charset=UTF-8,,2026-09-26
https://xn----7sbaijeyieddc3ahig0aogf8h.xn--p1ai/?p=26553,source_urls,294,OPEN,200,https://xn----7sbaijeyieddc3ahig0aogf8h.xn--p1ai/?p=26553,text/html; charset=UTF-8,,2026-09-26
https://xn----7sbhwjb3brd.xn--p1ai/news/murmanskaya-oblast-arktika-16/sobachi-priyuty-v-regione-mogut-poluchit-podderzhku?page=316,source_urls,103,TLS_ERROR,,,,"HTTPSConnectionPool(host='xn----7sbhwjb3brd.xn--p1ai', port=443): Max retries exceeded with url: /news/murmanskaya-oblast-arktika-16/sobachi-priyuty-v-regione-mogut-poluchit-podderzhku?page=316 (Caused by SSLError(SSLCertVerificationError(1, '[SSL: C",2026-09-26
https://xn----ctbjmfedybhydfh0e.xn--p1ai/index.php/deyatelnost/osnovnye-pokazateli-tsentra,source_urls,297,TLS_ERROR,,,,"HTTPSConnectionPool(host='xn----ctbjmfedybhydfh0e.xn--p1ai', port=443): Max retries exceeded with url: /index.php/deyatelnost/osnovnye-pokazateli-tsentra (Caused by SSLError(SSLCertVerificationError(1, '[SSL: CERTIFICATE_VERIFY_FAILED] certificate ve",2026-09-26
https://xn----ctbjmfedybhydfh0e.xn--p1ai/index.php/example-pages/telefony,source_urls,297,TLS_ERROR,,,,"HTTPSConnectionPool(host='xn----ctbjmfedybhydfh0e.xn--p1ai', port=443): Max retries exceeded with url: /index.php/example-pages/telefony (Caused by SSLError(SSLCertVerificationError(1, '[SSL: CERTIFICATE_VERIFY_FAILED] certificate verify failed: self",2026-09-26
https://xn----ctbkmfeufkqddgq0p.xn--p1ai/,official_website,130,OPEN,200,https://xn----ctbkmfeufkqddgq0p.xn--p1ai/,text/html,,2026-09-26
https://xn----ftbfadiiibghuggib8afn9f.xn--p1ai/index.php/struktura/otdelenie-srochnogo-sotsialnogo-obsluzhivaniya,"source_url,source_urls",87,OPEN,200,https://xn----ftbfadiiibghuggib8afn9f.xn--p1ai/index.php/struktura/otdelenie-srochnogo-sotsialnogo-obsluzhivaniya,text/html; charset=utf-8,,2026-09-26
https://xn----jtbamfbdarfbj2bilsn3a.xn--p1ai/,official_website,300,OPEN,200,https://xn----jtbamfbdarfbj2bilsn3a.xn--p1ai/,text/html; charset=UTF-8,,2026-09-26
https://xn----jtbamfbdarfbj2bilsn3a.xn--p1ai/otdelenie-srochnogo-sotcial-nogo-obsluzhivaniya.html,"source_url,source_urls,user_action_url",300,OPEN,200,https://xn----jtbamfbdarfbj2bilsn3a.xn--p1ai/otdelenie-srochnogo-sotcial-nogo-obsluzhivaniya.html,text/html; charset=UTF-8,,2026-09-26
https://xn----otbdcavqeeep8b.xn--p1ai/?p=15132,"source_url,source_urls",297,OPEN,200,https://xn----otbdcavqeeep8b.xn--p1ai/?p=15132,text/html; charset=UTF-8,,2026-09-26
https://xn---72-qddb6beykh5b6eub.xn--p1ai/%D0%B2%D0%BE%D0%BF%D1%80%D0%BE%D1%81-%D0%BE%D1%82%D0%B2%D0%B5%D1%82/,source_urls,327,OPEN,200,https://xn---72-qddb6beykh5b6eub.xn--p1ai/%D0%B2%D0%BE%D0%BF%D1%80%D0%BE%D1%81-%D0%BE%D1%82%D0%B2%D0%B5%D1%82/,text/html; charset=UTF-8,,2026-09-26
https://xn--72-7lctqm.xn--p1ai/,official_website,327,OPEN,200,https://xn--72-7lctqm.xn--p1ai/,text/html; charset=UTF-8,,2026-09-26
https://xn--72-7lctqm.xn--p1ai/poluchit-odezhdu-i-obuv/,"source_url,source_urls",327,OPEN,200,https://xn--72-7lctqm.xn--p1ai/poluchit-odezhdu-i-obuv/,text/html; charset=UTF-8,,2026-09-26
https://xn--80a0acly.xn--p1ai/,official_website,298,OPEN,200,https://xn--80a0acly.xn--p1ai/,text/html; charset=utf-8,,2026-09-26
https://xn--80a0acly.xn--p1ai/index.php?Itemid=144&id=97&option=com_content&view=article,"source_url,source_urls",298,OPEN,200,https://xn--80a0acly.xn--p1ai/index.php?Itemid=144&id=97&option=com_content&view=article,text/html; charset=utf-8,,2026-09-26
https://xn--80a0acly.xn--p1ai/index.php?Itemid=335&id=2&option=com_content&view=article,"source_urls,user_action_url",298,OPEN,200,https://xn--80a0acly.xn--p1ai/index.php?Itemid=335&id=2&option=com_content&view=article,text/html; charset=utf-8,,2026-09-26
https://xn--80aaefcdea6dgffjv9c.xn--p1ai/,official_website,21,OPEN,200,https://xn--80aaefcdea6dgffjv9c.xn--p1ai/,text/html; charset=utf-8,,2026-09-26
https://xn--80aaefcdea6dgffjv9c.xn--p1ai/nuzhna-pomoshch,source_urls,21,OPEN,200,https://xn--80aaefcdea6dgffjv9c.xn--p1ai/nuzhna-pomoshch,text/html; charset=utf-8,,2026-09-26
https://xn--80aaefcdea6dgffjv9c.xn--p1ai/proekty/proekt-blagotvoritelnyj-sklad,"source_url,source_urls",21,OPEN,200,https://xn--80aaefcdea6dgffjv9c.xn--p1ai/proekty/proekt-blagotvoritelnyj-sklad,text/html; charset=utf-8,,2026-09-26
https://xn--80afcdbalict6afooklqi5o.xn--p1ai/public/application/item?id=28c13ce4-4285-4b3c-90b0-e15a26bcaa8e,source_urls,23,OPEN,200,https://xn--80afcdbalict6afooklqi5o.xn--p1ai/public/application/item?id=28c13ce4-4285-4b3c-90b0-e15a26bcaa8e,text/html; charset=utf-8,,2026-09-26
https://xn--80afcdbalict6afooklqi5o.xn--p1ai/public/application/item?id=5daaaaa3-e911-467e-b6c7-f9dbdae46ce0,source_urls,85,OPEN,200,https://xn--80afcdbalict6afooklqi5o.xn--p1ai/public/application/item?id=5daaaaa3-e911-467e-b6c7-f9dbdae46ce0,text/html; charset=utf-8,,2026-09-26
https://xn--80afcdbalict6afooklqi5o.xn--p1ai/public/application/item?id=706115b8-eea2-4ccf-8933-074e4fe9964f,source_urls,102,OPEN,200,https://xn--80afcdbalict6afooklqi5o.xn--p1ai/public/application/item?id=706115b8-eea2-4ccf-8933-074e4fe9964f,text/html; charset=utf-8,,2026-09-26
https://xn--80afcdbalict6afooklqi5o.xn--p1ai/public/application/item?id=c709b3dd-885e-4bc8-a506-7a2e48b8f4d5,"source_url,source_urls",62,OPEN,200,https://xn--80afcdbalict6afooklqi5o.xn--p1ai/public/application/item?id=c709b3dd-885e-4bc8-a506-7a2e48b8f4d5,text/html; charset=utf-8,,2026-09-26
https://xn--80afcdbalict6afooklqi5o.xn--p1ai/public/application/item?id=f5183382-2cf2-4275-a4d8-2cec84fef8cb,source_urls,192,OPEN,200,https://xn--80afcdbalict6afooklqi5o.xn--p1ai/public/application/item?id=f5183382-2cf2-4275-a4d8-2cec84fef8cb,text/html; charset=utf-8,,2026-09-26
https://xn--80aicbmacvfcytgm.xn--p1ai/,"official_website,source_url,source_urls,user_action_url",196,OPEN,200,https://xn--80aicbmacvfcytgm.xn--p1ai/,text/html; charset=UTF-8,,2026-09-26
https://xn--90abhdb1bnbg7frc.xn--p1ai/,official_website,"25,27,31,91,92,337",OPEN,200,https://xn--90abhdb1bnbg7frc.xn--p1ai/,text/html; charset=UTF-8,,2026-09-26
https://xn--90abhdb1bnbg7frc.xn--p1ai/branch/czentr-pomoshhi-v-berdyanske/,"source_url,source_urls",31,OPEN,200,https://xn--90abhdb1bnbg7frc.xn--p1ai/branch/czentr-pomoshhi-v-berdyanske/,text/html; charset=UTF-8,,2026-09-26
https://xn--90abhdb1bnbg7frc.xn--p1ai/branch/czentr-pomoshhi-v-doneczke/,"source_url,source_urls",25,OPEN,200,https://xn--90abhdb1bnbg7frc.xn--p1ai/branch/czentr-pomoshhi-v-doneczke/,text/html; charset=UTF-8,,2026-09-26
https://xn--90abhdb1bnbg7frc.xn--p1ai/branch/czentr-pomoshhi-v-severodoneczke/,"source_url,source_urls",92,OPEN,200,https://xn--90abhdb1bnbg7frc.xn--p1ai/branch/czentr-pomoshhi-v-severodoneczke/,text/html; charset=UTF-8,,2026-09-26
https://xn--90abhdb1bnbg7frc.xn--p1ai/branch/czentr-pomoshhi-v-skadovske/,"source_url,source_urls",337,OPEN,200,https://xn--90abhdb1bnbg7frc.xn--p1ai/branch/czentr-pomoshhi-v-skadovske/,text/html; charset=UTF-8,,2026-09-26
https://xn--90abhdb1bnbg7frc.xn--p1ai/branch/czentr-v-lisichanske/,"source_url,source_urls",91,OPEN,200,https://xn--90abhdb1bnbg7frc.xn--p1ai/branch/czentr-v-lisichanske/,text/html; charset=UTF-8,,2026-09-26
https://xn--90abhdb1bnbg7frc.xn--p1ai/branch/mariupol/,"source_url,source_urls",27,OPEN,200,https://xn--90abhdb1bnbg7frc.xn--p1ai/branch/mariupol/,text/html; charset=UTF-8,,2026-09-26
https://xn--90abhdb1bnbg7frc.xn--p1ai/help-types/,source_urls,"11,25,27,31,86,91,92,95,337",OPEN,200,https://xn--90abhdb1bnbg7frc.xn--p1ai/help-types/,text/html; charset=UTF-8,,2026-09-26
https://xn--90abhdb1bnbg7frc.xn--p1ai/necessary/,source_urls,"25,27,31,91,92,337",OPEN,200,https://xn--90abhdb1bnbg7frc.xn--p1ai/necessary/,text/html; charset=UTF-8,,2026-09-26
https://xn--90afbqkklbbr.xn--p1ai/,"official_website,source_url,source_urls","15,35,37,116,326,345",OPEN,200,https://xn--90afbqkklbbr.xn--p1ai/,text/html; charset=UTF-8,,2026-09-26
https://xn--90afbqkklbbr.xn--p1ai/branches/sankt-peterburg/,"source_url,source_urls","254,255,258",OPEN,200,https://xn--90afbqkklbbr.xn--p1ai/branches/sankt-peterburg/,text/html; charset=UTF-8,,2026-09-26
https://xn--90afbqkklbbr.xn--p1ai/branches/velikij-novgorod/,"source_url,source_urls",114,OPEN,200,https://xn--90afbqkklbbr.xn--p1ai/branches/velikij-novgorod/,text/html; charset=UTF-8,,2026-09-26
https://xn--90asjdo3a.xn--p1ai/,official_website,295,OPEN,200,https://xn--90asjdo3a.xn--p1ai/,text/html; charset=UTF-8,,2026-09-26
https://xn--90asjdo3a.xn--p1ai/o-tsentre/,"source_url,source_urls,user_action_url",295,OPEN,200,https://xn--90asjdo3a.xn--p1ai/o-tsentre/,text/html; charset=UTF-8,,2026-09-26
https://xn--d1aacb9ahglh7c.xn--p1ai/,"official_website,source_url,source_urls",34,OPEN,200,https://xn--d1aacb9ahglh7c.xn--p1ai/,text/html; charset=utf-8,,2026-09-26
https://xn--j1aaidmgm.xn--80aaaj6begwu4gyb.xn--p1ai/public/application/item?id=7d653aff-cd6e-424c-8a8f-cece2a766160,source_urls,359,OPEN,200,https://xn--j1aaidmgm.xn--80aaaj6begwu4gyb.xn--p1ai/public/application/item?id=7d653aff-cd6e-424c-8a8f-cece2a766160,text/html; charset=utf-8,,2026-09-26
https://xn--j1aarei.xn--90abhdb1bnbg7frc.xn--p1ai/,official_website,"11,86,95",OPEN,200,https://xn--j1aarei.xn--90abhdb1bnbg7frc.xn--p1ai/,text/html; charset=UTF-8,,2026-09-26
https://xn--j1aarei.xn--90abhdb1bnbg7frc.xn--p1ai/branch/czentr-pomoshhi-v-kurske/,"source_url,source_urls",86,OPEN,200,https://xn--j1aarei.xn--90abhdb1bnbg7frc.xn--p1ai/branch/czentr-pomoshhi-v-kurske/,text/html; charset=UTF-8,,2026-09-26
https://xn--j1aarei.xn--90abhdb1bnbg7frc.xn--p1ai/branch/moskova/,"source_url,source_urls",95,OPEN,200,https://xn--j1aarei.xn--90abhdb1bnbg7frc.xn--p1ai/branch/moskova/,text/html; charset=UTF-8,,2026-09-26
https://xn--j1aarei.xn--90abhdb1bnbg7frc.xn--p1ai/news/pri-sodejstvii-patriarshej-gumanitarnoj-missii-v-grajvorone-otkryt-speczialnyj-punkt-pomoshhi/,"source_url,source_urls",11,OPEN,200,https://xn--j1aarei.xn--90abhdb1bnbg7frc.xn--p1ai/news/pri-sodejstvii-patriarshej-gumanitarnoj-missii-v-grajvorone-otkryt-speczialnyj-punkt-pomoshhi/,text/html; charset=UTF-8,,2026-09-26
https://xn--j1abhdo3a.xn--p1ai/,"official_website,source_urls",299,OPEN,200,https://xn--j1abhdo3a.xn--p1ai/,text/html; charset=UTF-8,,2026-09-26
https://xn--j1abhdo3a.xn--p1ai/publ/otdelenie_srochnogo_socialnogo_obsluzhivanija/1-1-0-4,"source_url,source_urls,user_action_url",299,OPEN,200,https://xn--j1abhdo3a.xn--p1ai/publ/otdelenie_srochnogo_socialnogo_obsluzhivanija/1-1-0-4,text/html; charset=UTF-8,,2026-09-26
https://yalta-official.ru/info/news/Besplatnoe-goryachee-pitanie-nuzhdayushchimsya-teper-organizovano-u-sten-TSentra-sotsobsluzhivaniya-/,source_urls,192,OPEN,200,https://yalta-official.ru/info/news/Besplatnoe-goryachee-pitanie-nuzhdayushchimsya-teper-organizovano-u-sten-TSentra-sotsobsluzhivaniya-/,text/html; charset=UTF-8,,2026-09-26
https://yandex.com/maps/org/blago_dari/26341184685/,source_urls,88,OPEN,200,https://yandex.com/maps/org/blago_dari/26341184685/,text/html; charset=utf-8,,2026-09-26
https://yandex.com/maps/org/dobrodomik_tula/90301316843/,source_urls,326,OPEN,200,https://yandex.com/maps/org/dobrodomik_tula/90301316843/,text/html; charset=utf-8,,2026-09-26
https://yandex.com/maps/org/grushinskiy_gumanitarny_tsentr/128070675952/,source_urls,257,OPEN,200,https://yandex.com/maps/org/grushinskiy_gumanitarny_tsentr/128070675952/,text/html; charset=utf-8,,2026-09-26
https://zabtt.zabedu.ru/realizacija-mer/,source_urls,"29,30",OPEN,200,https://zabtt.zabedu.ru/realizacija-mer/,text/html; charset=UTF-8,,2026-09-26
https://zvplus.ru/gazeta2023/17.pdf,"source_url,source_urls",106,OPEN,200,https://zvplus.ru/gazeta2023/17.pdf,application/pdf,,2026-09-26
https://кцсон-железногорский.рф/,official_website,87,OPEN,200,https://xn----ftbfadiiibghuggib8afn9f.xn--p1ai/,text/html; charset=utf-8,,2026-09-26
