region,city,organization_name,branch_name,organization_type,state_status,address,phone,additional_phone,email,official_website,source_url,source_urls,food_hot_meal,food_package,shelter_overnight,shelter_temporary,clothes,shoes,shower,laundry,hygiene_items,warming_center,medical_help,social_worker,legal_help,urgent_social_services,services_raw_text,target_group,documents_required,passport_required,local_registration_required,appointment_required,referral_required,cost,working_hours,food_hours,shelter_checkin_hours,user_action_url,verified_at,verification_status,number_of_places,check_in_time,maximum_stay,gender_restrictions,sobriety_requirement,documents_for_admission,availability_information_available,can_arrive_today,primary_link_status,primary_http_status,primary_final_url,address_in_primary_source,address_in_any_source,address_evidence_url,any_evidence_link_open,current_source_evidence,physical_visit_today_status,walk_in_today_web_confirmed,audit_note,audit_checked_at
Алтайский край,Луговое,Благотворительный фонд «Облака»,Проект «Сердце Алтая» — пункт бесплатной выдачи вещей (Луговое),пункт выдачи вещей,НКО,"с. Луговое, ул. Центральная, 77",+7 (906) 196-31-88,UNVERIFIED,UNVERIFIED,https://fondoblaka.com/,https://fondoblaka.com/heart_altay,https://fondoblaka.com/heart_altay,UNVERIFIED,UNVERIFIED,UNVERIFIED,UNVERIFIED,RESTRICTIONS,UNVERIFIED,UNVERIFIED,UNVERIFIED,UNVERIFIED,UNVERIFIED,UNVERIFIED,UNVERIFIED,UNVERIFIED,UNVERIFIED,"Официальная страница фонда прямо называет адрес пунктом бесплатной выдачи вещей: помощь одеждой и другими вещами нуждающимся семьям и людям в трудной жизненной ситуации. Продукты и средства гигиены фонд предоставляет по возможности, регулярная выдача именно по каждому адресу не подтверждена. Примечание: Адрес включён в действующий перечень пяти бесплатных пунктов выдачи на сайте фонда; режим конкретного пункта не опубликован, перед визитом звонить куратору.","Малоимущие многодетные и неполные семьи, погорельцы, беженцы, одинокие пенсионеры, другие люди в трудной жизненной ситуации; доступны также жителям соседних деревень.",UNVERIFIED,UNVERIFIED,UNVERIFIED,UNVERIFIED,UNVERIFIED,Бесплатная выдача вещей.,UNVERIFIED,UNVERIFIED,UNVERIFIED,UNVERIFIED,2026-09-25,VERIFIED_CURRENT_PRIMARY,UNVERIFIED,UNVERIFIED,UNVERIFIED,UNVERIFIED,UNVERIFIED,UNVERIFIED,UNVERIFIED,UNVERIFIED,OPEN,200,https://fondoblaka.com/heart_altay,LOOSE_REVIEW,LOOSE_REVIEW,https://fondoblaka.com/heart_altay,YES,CURRENT_LOCATION_AND_SERVICE_REPORTED,UNVERIFIED_NO_LIVE_CHECK,UNVERIFIED,"Web sources cannot confirm a place, supplies, admission, or walk-in access today; contact the point before travel.",2026-09-26
Алтайский край,Новороманово,Благотворительный фонд «Облака»,Проект «Сердце Алтая» — пункт бесплатной выдачи вещей (Новороманово),пункт выдачи вещей,НКО,"с. Новороманово, ул. Коммунистическая, 23",+7 (983) 100-41-62,UNVERIFIED,UNVERIFIED,https://fondoblaka.com/,https://fondoblaka.com/heart_altay,https://fondoblaka.com/heart_altay,UNVERIFIED,UNVERIFIED,UNVERIFIED,UNVERIFIED,RESTRICTIONS,UNVERIFIED,UNVERIFIED,UNVERIFIED,UNVERIFIED,UNVERIFIED,UNVERIFIED,UNVERIFIED,UNVERIFIED,UNVERIFIED,"Официальная страница фонда прямо называет адрес пунктом бесплатной выдачи вещей: помощь одеждой и другими вещами нуждающимся семьям и людям в трудной жизненной ситуации. Продукты и средства гигиены фонд предоставляет по возможности, регулярная выдача именно по каждому адресу не подтверждена. Примечание: Адрес включён в действующий перечень пяти бесплатных пунктов выдачи на сайте фонда; режим конкретного пункта не опубликован, перед визитом звонить куратору.","Малоимущие многодетные и неполные семьи, погорельцы, беженцы, одинокие пенсионеры, другие люди в трудной жизненной ситуации; доступны также жителям соседних деревень.",UNVERIFIED,UNVERIFIED,UNVERIFIED,UNVERIFIED,UNVERIFIED,Бесплатная выдача вещей.,UNVERIFIED,UNVERIFIED,UNVERIFIED,UNVERIFIED,2026-09-25,VERIFIED_CURRENT_PRIMARY,UNVERIFIED,UNVERIFIED,UNVERIFIED,UNVERIFIED,UNVERIFIED,UNVERIFIED,UNVERIFIED,UNVERIFIED,OPEN,200,https://fondoblaka.com/heart_altay,EXACT_NORMALIZED,EXACT_NORMALIZED,https://fondoblaka.com/heart_altay,YES,CURRENT_LOCATION_AND_SERVICE_REPORTED,UNVERIFIED_NO_LIVE_CHECK,UNVERIFIED,"Web sources cannot confirm a place, supplies, admission, or walk-in access today; contact the point before travel.",2026-09-26
Алтайский край,Старый Тогул,Благотворительный фонд «Облака»,Проект «Сердце Алтая» — пункт бесплатной выдачи вещей (Старый Тогул),пункт выдачи вещей,НКО,"с. Старый Тогул, ул. Центральная, 2",+7 (923) 718-82-53,UNVERIFIED,UNVERIFIED,https://fondoblaka.com/,https://fondoblaka.com/heart_altay,https://fondoblaka.com/heart_altay,UNVERIFIED,UNVERIFIED,UNVERIFIED,UNVERIFIED,RESTRICTIONS,UNVERIFIED,UNVERIFIED,UNVERIFIED,UNVERIFIED,UNVERIFIED,UNVERIFIED,UNVERIFIED,UNVERIFIED,UNVERIFIED,"Официальная страница фонда прямо называет адрес пунктом бесплатной выдачи вещей: помощь одеждой и другими вещами нуждающимся семьям и людям в трудной жизненной ситуации. Продукты и средства гигиены фонд предоставляет по возможности, регулярная выдача именно по каждому адресу не подтверждена. Примечание: Адрес включён в действующий перечень пяти бесплатных пунктов выдачи на сайте фонда; режим конкретного пункта не опубликован, перед визитом звонить куратору.","Малоимущие многодетные и неполные семьи, погорельцы, беженцы, одинокие пенсионеры, другие люди в трудной жизненной ситуации; доступны также жителям соседних деревень.",UNVERIFIED,UNVERIFIED,UNVERIFIED,UNVERIFIED,UNVERIFIED,Бесплатная выдача вещей.,UNVERIFIED,UNVERIFIED,UNVERIFIED,UNVERIFIED,2026-09-25,VERIFIED_CURRENT_PRIMARY,UNVERIFIED,UNVERIFIED,UNVERIFIED,UNVERIFIED,UNVERIFIED,UNVERIFIED,UNVERIFIED,UNVERIFIED,OPEN,200,https://fondoblaka.com/heart_altay,LOOSE_REVIEW,LOOSE_REVIEW,https://fondoblaka.com/heart_altay,YES,CURRENT_LOCATION_AND_SERVICE_REPORTED,UNVERIFIED_NO_LIVE_CHECK,UNVERIFIED,"Web sources cannot confirm a place, supplies, admission, or walk-in access today; contact the point before travel.",2026-09-26
Алтайский край,Тальменка,Благотворительный фонд «Облака»,Проект «Сердце Алтая» — пункт бесплатной выдачи вещей (Тальменка),пункт выдачи вещей,НКО,"р.п. Тальменка, ул. Вокзальная, 30",+7 (983) 555-26-14,UNVERIFIED,UNVERIFIED,https://fondoblaka.com/,https://fondoblaka.com/heart_altay,https://fondoblaka.com/heart_altay,UNVERIFIED,UNVERIFIED,UNVERIFIED,UNVERIFIED,RESTRICTIONS,UNVERIFIED,UNVERIFIED,UNVERIFIED,UNVERIFIED,UNVERIFIED,UNVERIFIED,UNVERIFIED,UNVERIFIED,UNVERIFIED,"Официальная страница фонда прямо называет адрес пунктом бесплатной выдачи вещей: помощь одеждой и другими вещами нуждающимся семьям и людям в трудной жизненной ситуации. Продукты и средства гигиены фонд предоставляет по возможности, регулярная выдача именно по каждому адресу не подтверждена. Примечание: Адрес включён в действующий перечень пяти бесплатных пунктов выдачи на сайте фонда; режим конкретного пункта не опубликован, перед визитом звонить куратору.","Малоимущие многодетные и неполные семьи, погорельцы, беженцы, одинокие пенсионеры, другие люди в трудной жизненной ситуации; доступны также жителям соседних деревень.",UNVERIFIED,UNVERIFIED,UNVERIFIED,UNVERIFIED,UNVERIFIED,Бесплатная выдача вещей.,UNVERIFIED,UNVERIFIED,UNVERIFIED,UNVERIFIED,2026-09-25,VERIFIED_CURRENT_PRIMARY,UNVERIFIED,UNVERIFIED,UNVERIFIED,UNVERIFIED,UNVERIFIED,UNVERIFIED,UNVERIFIED,UNVERIFIED,OPEN,200,https://fondoblaka.com/heart_altay,LOOSE_REVIEW,LOOSE_REVIEW,https://fondoblaka.com/heart_altay,YES,CURRENT_LOCATION_AND_SERVICE_REPORTED,UNVERIFIED_NO_LIVE_CHECK,UNVERIFIED,"Web sources cannot confirm a place, supplies, admission, or walk-in access today; contact the point before travel.",2026-09-26
Алтайский край,Усть-Чарышская Пристань,Благотворительный фонд «Облака»,Проект «Сердце Алтая» — пункт бесплатной выдачи вещей (Усть-Чарышская Пристань),пункт выдачи вещей,НКО,"с. Усть-Чарышская Пристань, ул. 1 Мая, 15",+7 (960) 937-18-41,UNVERIFIED,UNVERIFIED,https://fondoblaka.com/,https://fondoblaka.com/heart_altay,https://fondoblaka.com/heart_altay,UNVERIFIED,UNVERIFIED,UNVERIFIED,UNVERIFIED,RESTRICTIONS,UNVERIFIED,UNVERIFIED,UNVERIFIED,UNVERIFIED,UNVERIFIED,UNVERIFIED,UNVERIFIED,UNVERIFIED,UNVERIFIED,"Официальная страница фонда прямо называет адрес пунктом бесплатной выдачи вещей: помощь одеждой и другими вещами нуждающимся семьям и людям в трудной жизненной ситуации. Продукты и средства гигиены фонд предоставляет по возможности, регулярная выдача именно по каждому адресу не подтверждена. Примечание: Адрес включён в действующий перечень пяти бесплатных пунктов выдачи на сайте фонда; режим конкретного пункта не опубликован, перед визитом звонить куратору.","Малоимущие многодетные и неполные семьи, погорельцы, беженцы, одинокие пенсионеры, другие люди в трудной жизненной ситуации; доступны также жителям соседних деревень.",UNVERIFIED,UNVERIFIED,UNVERIFIED,UNVERIFIED,UNVERIFIED,Бесплатная выдача вещей.,UNVERIFIED,UNVERIFIED,UNVERIFIED,UNVERIFIED,2026-09-25,VERIFIED_CURRENT_PRIMARY,UNVERIFIED,UNVERIFIED,UNVERIFIED,UNVERIFIED,UNVERIFIED,UNVERIFIED,UNVERIFIED,UNVERIFIED,OPEN,200,https://fondoblaka.com/heart_altay,LOOSE_REVIEW,LOOSE_REVIEW,https://fondoblaka.com/heart_altay,YES,CURRENT_LOCATION_AND_SERVICE_REPORTED,UNVERIFIED_NO_LIVE_CHECK,UNVERIFIED,"Web sources cannot confirm a place, supplies, admission, or walk-in access today; contact the point before travel.",2026-09-26
Амурская область,с. Семиозёрка,"ГАУ АО «Семиозерский кризисный центр для женщин с детьми, находящихся в трудной жизненной ситуации»",,кризисный центр с временным проживанием,государственная,"Ивановский муниципальный округ, с. Семиозёрка, ул. Кирова, 41А",+7 (41649) 20-5-33,+7 (41649) 20-7-37,detdom19@mail.ru,https://detdom19.ucoz.ru/,https://detdom19.ucoz.ru/,https://detdom19.ucoz.ru/; https://detdom19.ucoz.ru/index/osnovnye_svedenija/0-2; https://detdom19.ucoz.ru/index/vidy_socialnykh_uslug/0-80; https://detdom19.ucoz.ru/index/porjadok_i_uslovija_predostavlenija_socialnykh_uslug/0-81; https://gtrkamur.ru/news/2026/02/04/502998,NO,UNVERIFIED,UNVERIFIED,RESTRICTIONS,UNVERIFIED,UNVERIFIED,UNVERIFIED,UNVERIFIED,UNVERIFIED,UNVERIFIED,RESTRICTIONS,RESTRICTIONS,RESTRICTIONS,UNVERIFIED,"Официальный сайт учреждения сообщает об открытии в октябре 2025 года, бесплатном социальном обслуживании и очном адресе на ул. Кирова, 41А. В перечне услуг прямо указаны жилые помещения, постельные принадлежности, первичный медосмотр, помощь с документами и юридическими вопросами. Репортаж ГТРК Амур 04.02.2026 подтверждает фактическое бесплатное проживание матерей с детьми, вместимость девять семей и срок обычно до трёх месяцев. Продукты проживающие покупают сами; бесплатное питание не заявлено.","Женщины с детьми и беременные женщины в кризисной ситуации, в том числе без жилья и средств, пострадавшие от насилия или выпускницы организаций для детей-сирот",UNVERIFIED,UNVERIFIED,UNVERIFIED,UNVERIFIED,UNVERIFIED,Бесплатно для подходящих получательниц; продукты питания приобретают сами,Учреждение круглосуточно; прием граждан понедельник–пятница 08:00–16:00,NO,UNVERIFIED,https://detdom19.ucoz.ru/index/osnovnye_svedenija/0-2,2026-09-25,VERIFIED_CURRENT_PRIMARY,9 семей,UNVERIFIED,Обычно до 3 месяцев; возможны исключения,Женщины с детьми и беременные женщины,UNVERIFIED,UNVERIFIED,YES: https://detdom19.ucoz.ru/index/kolichestvo_svobodnykh_mest/0-103 (последняя найденная дата 01.08.2026),UNVERIFIED,OPEN,200,https://detdom19.ucoz.ru/,EXACT_NORMALIZED,EXACT_NORMALIZED,https://detdom19.ucoz.ru/,YES,CURRENT_LOCATION_AND_SERVICE_REPORTED,UNVERIFIED_NO_LIVE_CHECK,UNVERIFIED,"Web sources cannot confirm a place, supplies, admission, or walk-in access today; contact the point before travel.",2026-09-26
Архангельская область,Северодвинск,АНО «Добрый город»,«Накорми голодного» — точка на Лесной,еженедельный пункт раздачи горячего питания,НКО,"ул. Лесная, 40, за продуктовым магазином",+7 (911) 582-88-34,UNVERIFIED,UNVERIFIED,UNVERIFIED,https://29.ru/text/gorod/2025/10/20/76077576/,https://29.ru/text/gorod/2025/10/20/76077576/; https://region29.ru/2024/10/04/66ff959f07d05f69285c5bf2.html,YES,UNVERIFIED,UNVERIFIED,UNVERIFIED,UNVERIFIED,UNVERIFIED,UNVERIFIED,UNVERIFIED,UNVERIFIED,UNVERIFIED,UNVERIFIED,UNVERIFIED,UNVERIFIED,UNVERIFIED,"Каждую среду волонтёры бесплатно раздают горячий суп и чай на постоянной площадке за продуктовым магазином по ул. Лесной, 40. 29.ru посетил раздачу в октябре 2025; администрация Северодвинска в сообщении 2024 указывала начало в 18:00.","Бездомные и другие люди, нуждающиеся в бесплатном питании.",UNVERIFIED,UNVERIFIED,UNVERIFIED,UNVERIFIED,UNVERIFIED,Бесплатно,"Среда, начало около 18:00 (режим 2024; операция подтверждена в октябре 2025)",Среда с 18:00 (режим 2024; уточнять по телефону),UNVERIFIED,UNVERIFIED,2026-09-25,CURRENT_OPERATION_CONFIRMED_SERVICES_OLDER,UNVERIFIED,UNVERIFIED,UNVERIFIED,UNVERIFIED,UNVERIFIED,UNVERIFIED,UNVERIFIED,UNVERIFIED,OPEN,200,https://29.ru/text/gorod/2025/10/20/76077576/,NOT_IN_PRIMARY_TEXT,NOT_IN_PRIMARY_TEXT,https://29.ru/text/gorod/2025/10/20/76077576/,YES,CURRENT_OPERATION_SERVICE_DETAILS_OLDER,UNVERIFIED_NO_LIVE_CHECK,UNVERIFIED,"Web sources cannot confirm a place, supplies, admission, or walk-in access today; contact the point before travel.",2026-09-26
Архангельская область,Северодвинск,АНО «Добрый город»,«Накорми голодного» — точка на Яграх,еженедельный пункт раздачи горячего питания,НКО,"ул. Мира, 14, остров Ягры",+7 (911) 582-88-34,UNVERIFIED,UNVERIFIED,UNVERIFIED,https://region29.ru/2024/10/04/66ff959f07d05f69285c5bf2.html,https://region29.ru/2024/10/04/66ff959f07d05f69285c5bf2.html; https://29.ru/text/gorod/2025/10/20/76077576/,YES,UNVERIFIED,UNVERIFIED,UNVERIFIED,UNVERIFIED,UNVERIFIED,UNVERIFIED,UNVERIFIED,UNVERIFIED,UNVERIFIED,UNVERIFIED,UNVERIFIED,UNVERIFIED,UNVERIFIED,"АНО «Добрый город» бесплатно раздаёт горячий ужин нуждающимся каждую среду на второй стационарной точке в Северодвинске, ул. Мира, 14 (Ягры). В 2024 администрация сообщала начало в 18:30; журналисты подтвердили работу второй точки в октябре 2025.",Бездомные и другие нуждающиеся.,UNVERIFIED,UNVERIFIED,UNVERIFIED,UNVERIFIED,UNVERIFIED,Бесплатно,"Среда, начало около 18:30 (режим 2024; операция подтверждена в 2025)",Среда с 18:30 (уточнять по телефону),UNVERIFIED,UNVERIFIED,2026-09-25,CURRENT_OPERATION_CONFIRMED_SERVICES_OLDER,UNVERIFIED,UNVERIFIED,UNVERIFIED,UNVERIFIED,UNVERIFIED,UNVERIFIED,UNVERIFIED,UNVERIFIED,OPEN,200,https://region29.ru/2024/10/04/66ff959f07d05f69285c5bf2.html,LOOSE_REVIEW,LOOSE_REVIEW,https://region29.ru/2024/10/04/66ff959f07d05f69285c5bf2.html,YES,CURRENT_OPERATION_SERVICE_DETAILS_OLDER,UNVERIFIED_NO_LIVE_CHECK,UNVERIFIED,"Web sources cannot confirm a place, supplies, admission, or walk-in access today; contact the point before travel.",2026-09-26
Астраханская область,Астрахань,ГАУ АО «Многопрофильный социальный центр „Содействие“»,Отделение первичного приёма и социальной помощи,отделение срочной государственной социальной помощи,государственная,"ул. Богдана Хмельницкого, 2, корп. 3",+7 (8512) 37-20-35,+7 (8512) 35-17-82; +7 (8512) 37-22-26,msc-sodeystvie@msrt.astrobl.ru,https://sodeystvie.org/,https://sodeystvie.org/otdeleniya-mnogoprofilnogo-socialnogo-centra-sodeystvie.html,https://sodeystvie.org/otdeleniya-mnogoprofilnogo-socialnogo-centra-sodeystvie.html; https://sodeystvie.org/kontakty.html; https://sodeystvie.org/1370-v-centre-sodeystvie-prodolzhaetsya-priem-dokumentov-ot-grazhdan.html,UNVERIFIED,RESTRICTIONS,UNVERIFIED,UNVERIFIED,UNVERIFIED,UNVERIFIED,UNVERIFIED,UNVERIFIED,RESTRICTIONS,UNVERIFIED,UNVERIFIED,UNVERIFIED,UNVERIFIED,RESTRICTIONS,"Официальный сайт действующего отделения прямо указывает очную выдачу наборов натуральной помощи по этому адресу Пн–Чт 09:00–17:00. По опубликованному изменению, действующему с 01.07.2026, заявитель выбирает ОДИН набор: продукты питания ИЛИ средства санитарии и гигиены. Нужны заявление и документы; решение о предоставлении помощи принимается после проверки. Не обещать выдачу в день первого визита.",Нуждающиеся в поддержке семьи и одиноко проживающие граждане Астраханской области; условия нуждаемости проверяются учреждением,"YES: заявление, копия удостоверения личности и документы по обстоятельствам","UNVERIFIED: требуется удостоверение личности, паспорт как единственный документ не назван",UNVERIFIED: при отсутствии сведений о регистрации можно представить документы о проживании в области,UNVERIFIED,UNVERIFIED,Государственная натуральная помощь нуждающимся; платеж с получателя в опубликованном порядке не указан,"Выдача наборов и приём документов: Пн–Чт 09:00–17:00, перерыв 12:00–13:00",UNVERIFIED,UNVERIFIED,https://sodeystvie.org/kontakty.html,2026-09-25,VERIFIED_CURRENT_PRIMARY,UNVERIFIED,UNVERIFIED,UNVERIFIED,UNVERIFIED,UNVERIFIED,Заявление; копия удостоверения личности; при отсутствии регистрации — подтверждение проживания в Астраханской области; иные документы по семейной ситуации и доходам,UNVERIFIED,UNVERIFIED,OPEN,200,https://sodeystvie.org/otdeleniya-mnogoprofilnogo-socialnogo-centra-sodeystvie.html,LOOSE_REVIEW,LOOSE_REVIEW,https://sodeystvie.org/otdeleniya-mnogoprofilnogo-socialnogo-centra-sodeystvie.html,YES,CURRENT_LOCATION_AND_SERVICE_REPORTED,UNVERIFIED_NO_LIVE_CHECK,UNVERIFIED,"Web sources cannot confirm a place, supplies, admission, or walk-in access today; contact the point before travel.",2026-09-26
Астраханская область,Астрахань,Благотворительный фонд «Елизаветинский»,Кризисный центр «Дом для мамы» и гуманитарный пункт при епархиальном социальном отделе,благотворительный кризисный приют и пункт выдачи гуманитарной помощи,религиозная НКО,"ул. Коммунистическая, 38А / пер. Березовского, 13А",+7 (961) 812-28-72,+7 (961) 812-28-73,info@elizafond.ru,https://elizafond.ru/,https://elizafond.ru/,https://elizafond.ru/; https://t.me/s/ast_deti/1520; https://socotdel.ru/info-socotdel/otchety/,UNVERIFIED,RESTRICTIONS,UNVERIFIED,RESTRICTIONS,RESTRICTIONS,RESTRICTIONS,UNVERIFIED,UNVERIFIED,RESTRICTIONS,UNVERIFIED,UNVERIFIED,UNVERIFIED,RESTRICTIONS,RESTRICTIONS,"Официальный сайт фонда содержит публикацию от 07.07.2026 о выходе подопечной из работающего приюта и указывает этот адрес и телефон дежурного администратора. Региональный детский правозащитник подтверждает временное проживание с полным обеспечением для женщин с детьми, а также выдачу продуктовых наборов, детских одежды и обуви, гигиены внешним подопечным. Епархиальный отчёт уточняет: гуманитарный пункт на ул. Коммунистической, 38А; приют на том же объекте с входом через пер. Березовского, 13А, 2 этаж. Это один физический адрес, не две строки.",Беременные женщины; матери с детьми без жилья; малоимущие и многодетные семьи с детьми в кризисе,UNVERIFIED,UNVERIFIED,UNVERIFIED,UNVERIFIED,UNVERIFIED,"Гуманитарная выдача благотворительная; плата за проживание не опубликована, заявлено полное обеспечение",Гуманитарный пункт: Вт–Сб 09:00–17:00 по епархиальному отчёту; часы приюта для обращений уточнять у дежурного администратора,UNVERIFIED,UNVERIFIED,https://elizafond.ru/,2026-09-25,CURRENT_OPERATION_CONFIRMED_SERVICES_OLDER,UNVERIFIED,UNVERIFIED,UNVERIFIED,Проживание только для беременных женщин и матерей с детьми,UNVERIFIED,UNVERIFIED,UNVERIFIED,UNVERIFIED,OPEN,200,https://elizafond.ru/,EXACT_NORMALIZED,EXACT_NORMALIZED,https://elizafond.ru/,YES,CURRENT_OPERATION_SERVICE_DETAILS_OLDER,UNVERIFIED_NO_LIVE_CHECK,UNVERIFIED,"Web sources cannot confirm a place, supplies, admission, or walk-in access today; contact the point before travel.",2026-09-26
Белгородская область,Грайворон,Патриаршая гуманитарная миссия,Пункт помощи «Комната добра» при Духовно-просветительском центре святителя Иоасафа,пункт выдачи предметов первой необходимости,религиозная НКО,"ул. Ленина, 35А",+7 (47261) 3-50-15,UNVERIFIED,duh_zentr@mail.ru,https://xn--j1aarei.xn--90abhdb1bnbg7frc.xn--p1ai/,https://xn--j1aarei.xn--90abhdb1bnbg7frc.xn--p1ai/news/pri-sodejstvii-patriarshej-gumanitarnoj-missii-v-grajvorone-otkryt-speczialnyj-punkt-pomoshhi/,https://xn--j1aarei.xn--90abhdb1bnbg7frc.xn--p1ai/news/pri-sodejstvii-patriarshej-gumanitarnoj-missii-v-grajvorone-otkryt-speczialnyj-punkt-pomoshhi/; https://bel.cultreg.ru/places/82/centr-svyatitelya-ioasafa; https://xn--90abhdb1bnbg7frc.xn--p1ai/help-types/,UNVERIFIED,UNVERIFIED,UNVERIFIED,UNVERIFIED,UNVERIFIED,UNVERIFIED,UNVERIFIED,UNVERIFIED,UNVERIFIED,UNVERIFIED,UNVERIFIED,UNVERIFIED,UNVERIFIED,RESTRICTIONS,"Все нуждающиеся местные жители могут получить необходимые вещи, разогреть еду, выпить горячего чая, зарядить телефон. Примечание: Новость миссии указывает точное название принимающего центра; его адрес подтверждён отдельно региональным культурным порталом. Тип выдаваемых вещей не детализирован, одежда и продукты не отмечены.","Местные жители, пострадавшие от обстрелов и перебоев электричества",UNVERIFIED,UNVERIFIED,UNVERIFIED,UNVERIFIED,UNVERIFIED,Безвозмездно для пострадавших (официальная страница видов помощи миссии).,UNVERIFIED,UNVERIFIED,UNVERIFIED,UNVERIFIED,2026-09-25,PARTIAL_CURRENT_LOCATION_CROSSCHECKED,UNVERIFIED,UNVERIFIED,UNVERIFIED,UNVERIFIED,UNVERIFIED,UNVERIFIED,UNVERIFIED,UNVERIFIED,OPEN,200,https://xn--j1aarei.xn--90abhdb1bnbg7frc.xn--p1ai/news/pri-sodejstvii-patriarshej-gumanitarnoj-missii-v-grajvorone-otkryt-speczialnyj-punkt-pomoshhi/,NOT_IN_PRIMARY_TEXT,LOOSE_REVIEW,https://bel.cultreg.ru/places/82/centr-svyatitelya-ioasafa,YES,PARTIAL_CURRENT_REPORT,UNVERIFIED_NO_LIVE_CHECK,UNVERIFIED,"Web sources cannot confirm a place, supplies, admission, or walk-in access today; contact the point before travel.",2026-09-26
Белгородская область,Старый Оскол,Местная общественная организация «Святое Белогорье против детского рака»,Гуманитарный центр,гуманитарный центр,НКО,"мкр. Рудничный, 13",+7 (4725) 441-020,UNVERIFIED,UNVERIFIED,https://mamaoskol.nko31.ru/o-nas/,https://mamaoskol.nko31.ru/o-nas/,https://mamaoskol.nko31.ru/o-nas/,UNVERIFIED,UNVERIFIED,UNVERIFIED,UNVERIFIED,RESTRICTIONS,RESTRICTIONS,UNVERIFIED,UNVERIFIED,RESTRICTIONS,UNVERIFIED,UNVERIFIED,UNVERIFIED,UNVERIFIED,UNVERIFIED,"Региональный портал НКО указывает гуманитарный центр по адресу мкр. Рудничный, 13 и сообщает о помощи одеждой, обувью, предметами первой необходимости и ухода. Организация включена в реестр поставщиков услуги обеспечения одеждой и обувью. Наличие конкретных вещей и критерии выдачи необходимо уточнить заранее.",люди и семьи в трудной жизненной ситуации; точные критерии выдачи необходимо уточнить,UNVERIFIED,UNVERIFIED,UNVERIFIED,UNVERIFIED,UNVERIFIED,благотворительная помощь; бесплатность каждой позиции перед визитом уточнить,режим офиса Пн–Пт 09:00–18:00; режим гуманитарного центра уточнить,UNVERIFIED,UNVERIFIED,https://mamaoskol.nko31.ru/o-nas/,2026-09-26,VERIFIED_CURRENT_REGIONAL_NGO_PORTAL,UNVERIFIED,UNVERIFIED,UNVERIFIED,UNVERIFIED,UNVERIFIED,UNVERIFIED,UNVERIFIED,UNVERIFIED,OPEN,200,https://mamaoskol.nko31.ru/o-nas/,LOOSE_REVIEW,LOOSE_REVIEW,https://mamaoskol.nko31.ru/o-nas/,YES,CURRENT_LOCATION_AND_SERVICE_REPORTED,UNVERIFIED_NO_LIVE_CHECK,UNVERIFIED,"Web sources cannot confirm a place, supplies, admission, or walk-in access today; contact the point before travel.",2026-09-26
Брянская область,Новозыбков,АНО «Простые вещи»,Социальный склад,гуманитарный склад; пункт выдачи вещей,НКО,"ул. Коммунистическая, 22",8 (961) 003-53-35,+7 (903) 868-91-14,ano.pv32@yandex.ru,https://prostye-veshchi.ru/,https://prostye-veshchi.ru/,https://prostye-veshchi.ru/,UNVERIFIED,UNVERIFIED,UNVERIFIED,UNVERIFIED,YES,YES,UNVERIFIED,UNVERIFIED,YES,UNVERIFIED,UNVERIFIED,UNVERIFIED,UNVERIFIED,UNVERIFIED,"Можно прийти и совершенно бесплатно взять нужные вещи: взрослую и детскую одежду, обувь, посуду, памперсы.","Люди, нуждающиеся в вещевой помощи",UNVERIFIED,UNVERIFIED,UNVERIFIED,UNVERIFIED,UNVERIFIED,Бесплатно,"Выдача вт, чт 10:00–16:00",UNVERIFIED,UNVERIFIED,UNVERIFIED,2026-09-25,VERIFIED_CURRENT_PRIMARY,UNVERIFIED,UNVERIFIED,UNVERIFIED,UNVERIFIED,UNVERIFIED,UNVERIFIED,UNVERIFIED,UNVERIFIED,OPEN,200,https://prostye-veshchi.ru/,LOOSE_REVIEW,LOOSE_REVIEW,https://prostye-veshchi.ru/,YES,CURRENT_LOCATION_AND_SERVICE_REPORTED,UNVERIFIED_NO_LIVE_CHECK,UNVERIFIED,"Web sources cannot confirm a place, supplies, admission, or walk-in access today; contact the point before travel.",2026-09-26
Владимирская область,Владимир,Владимирская епархия,Гуманитарный центр в Богородице-Рождественском монастыре,гуманитарный центр; пункт бесплатного питания,религиозная,"ул. Большая Московская, 68а",+7 (4922) 37-73-46,+7 (4922) 42-12-16,UNVERIFIED,https://eparh33.ru/,https://vlad.aif.ru/society/gumanitarnyy-centr-vladimirskoy-eparhii-otkrylsya-na-novom-meste,https://vlad.aif.ru/society/gumanitarnyy-centr-vladimirskoy-eparhii-otkrylsya-na-novom-meste; https://eparh33.ru/,RESTRICTIONS,UNVERIFIED,UNVERIFIED,UNVERIFIED,UNVERIFIED,UNVERIFIED,UNVERIFIED,UNVERIFIED,UNVERIFIED,UNVERIFIED,UNVERIFIED,UNVERIFIED,UNVERIFIED,RESTRICTIONS,"Гуманитарный центр переехал в марте 2026 года на Большую Московскую, 68а. В новом помещении принимают и выдают гуманитарную помощь семьям в трудной ситуации и бездомным; каждую пятницу в 12:00 здесь кормят нуждающихся. Примечание: Адрес и услуги описаны в свежем региональном СМИ. Телефоны — общие контакты епархии, не прямой номер центра. Конкретный состав выдаваемых вещей не подтверждён; одежда не проставлена.","Нуждающиеся, бездомные, многодетные семьи и семьи в трудной жизненной ситуации.",UNVERIFIED,UNVERIFIED,UNVERIFIED,UNVERIFIED,UNVERIFIED,Благотворительная помощь и питание бесплатно,UNVERIFIED,Пятница 12:00,UNVERIFIED,UNVERIFIED,2026-09-25,PARTIAL_CURRENT,UNVERIFIED,UNVERIFIED,UNVERIFIED,UNVERIFIED,UNVERIFIED,UNVERIFIED,UNVERIFIED,UNVERIFIED,OPEN,200,https://vlad.aif.ru/society/gumanitarnyy-centr-vladimirskoy-eparhii-otkrylsya-na-novom-meste,LOOSE_REVIEW,LOOSE_REVIEW,https://vlad.aif.ru/society/gumanitarnyy-centr-vladimirskoy-eparhii-otkrylsya-na-novom-meste,YES,PARTIAL_CURRENT_REPORT,UNVERIFIED_NO_LIVE_CHECK,UNVERIFIED,"Web sources cannot confirm a place, supplies, admission, or walk-in access today; contact the point before travel.",2026-09-26
Волгоградская область,Волгоград,Благотворительный фонд «Добродомик»,Благотворительное кафе «Добродомик» — Волгоград,благотворительное кафе,НКО,"ул. Дзержинского, 17Б",UNVERIFIED,UNVERIFIED,UNVERIFIED,https://xn--90afbqkklbbr.xn--p1ai/,https://xn--90afbqkklbbr.xn--p1ai/,https://xn--90afbqkklbbr.xn--p1ai/,RESTRICTIONS,UNVERIFIED,UNVERIFIED,UNVERIFIED,UNVERIFIED,UNVERIFIED,UNVERIFIED,UNVERIFIED,UNVERIFIED,UNVERIFIED,UNVERIFIED,UNVERIFIED,UNVERIFIED,UNVERIFIED,Бесплатный горячий обед для пожилых людей; адрес и время работы опубликованы фондом.,пожилые люди,UNVERIFIED,UNVERIFIED,UNVERIFIED,UNVERIFIED,UNVERIFIED,бесплатно,12:00–16:00,12:00–16:00,UNVERIFIED,UNVERIFIED,2026-09-25,VERIFIED_CURRENT_PRIMARY,UNVERIFIED,UNVERIFIED,UNVERIFIED,UNVERIFIED,UNVERIFIED,UNVERIFIED,UNVERIFIED,UNVERIFIED,OPEN,200,https://xn--90afbqkklbbr.xn--p1ai/,EXACT_NORMALIZED,EXACT_NORMALIZED,https://xn--90afbqkklbbr.xn--p1ai/,YES,CURRENT_LOCATION_AND_SERVICE_REPORTED,UNVERIFIED_NO_LIVE_CHECK,UNVERIFIED,"Web sources cannot confirm a place, supplies, admission, or walk-in access today; contact the point before travel.",2026-09-26
Волгоградская область,Волгоград,ВРОО «Православный семейный центр „Лествица“»,Центр гуманитарной помощи «Лепта»,центр гуманитарной помощи,НКО,"ул. Пражская, 8",+7 (939) 862-20-38,UNVERIFIED,UNVERIFIED,https://lestvicza.ru/,https://lestvicza.ru/strukturniye-podrazdeleniya/,https://lestvicza.ru/strukturniye-podrazdeleniya/; https://asi.org.ru/news/2022/09/20/czentr-gumanitarnoj-pomoshhi-semyam-v-trudnoj-situaczii-lepta-otkrylsya-v-volgograde/,UNVERIFIED,RESTRICTIONS,UNVERIFIED,UNVERIFIED,RESTRICTIONS,UNVERIFIED,UNVERIFIED,UNVERIFIED,RESTRICTIONS,UNVERIFIED,UNVERIFIED,UNVERIFIED,UNVERIFIED,UNVERIFIED,"Действующий центр гуманитарной помощи нуждающимся семьям; при открытии прямо подтверждена выдача вещей, продуктов и средств гигиены. Примечание: Нынешняя собственная страница подтверждает работу центра и адрес; конкретный набор вещей, еды и гигиены подробно перечислен в источнике 2022 года.","семьи в трудной жизненной ситуации, беженцы и переселенцы с детьми, другие нуждающиеся",UNVERIFIED,UNVERIFIED,UNVERIFIED,UNVERIFIED,UNVERIFIED,благотворительная бесплатная помощь,UNVERIFIED,UNVERIFIED,UNVERIFIED,https://lestvicza.ru/strukturniye-podrazdeleniya/,2026-09-25,CURRENT_OPERATION_CONFIRMED_SERVICES_OLDER,UNVERIFIED,UNVERIFIED,UNVERIFIED,UNVERIFIED,UNVERIFIED,UNVERIFIED,UNVERIFIED,UNVERIFIED,OPEN,200,https://lestvicza.ru/strukturniye-podrazdeleniya/,LOOSE_REVIEW,LOOSE_REVIEW,https://lestvicza.ru/strukturniye-podrazdeleniya/,YES,CURRENT_OPERATION_SERVICE_DETAILS_OLDER,UNVERIFIED_NO_LIVE_CHECK,UNVERIFIED,"Web sources cannot confirm a place, supplies, admission, or walk-in access today; contact the point before travel.",2026-09-26
Волгоградская область,Волгоград,Храм Сергия Радонежского,Социальный вагончик «Добрый домик»,церковный пункт выдачи одежды,религиозная,"ул. Ткачева, 1 (позади храма)",UNVERIFIED,UNVERIFIED,UNVERIFIED,https://hram-sergiya.cerkov.ru/dobryj-domik/,https://hram-sergiya.cerkov.ru/dobryj-domik/,https://hram-sergiya.cerkov.ru/dobryj-domik/,UNVERIFIED,UNVERIFIED,UNVERIFIED,UNVERIFIED,YES,YES,UNVERIFIED,UNVERIFIED,UNVERIFIED,UNVERIFIED,UNVERIFIED,UNVERIFIED,UNVERIFIED,UNVERIFIED,"Нуждающиеся могут выбрать одежду и обувь в социальном вагончике; 03.09.2026 храм сообщил о приостановке приёма пожертвований, но выдача продолжается.","беженцы, малоимущие, бездомные и другие нуждающиеся",UNVERIFIED,UNVERIFIED,UNVERIFIED,NO,UNVERIFIED,бесплатно,"Пн и Чт 09:00–17:00, перерыв 13:00–13:30",UNVERIFIED,UNVERIFIED,https://hram-sergiya.cerkov.ru/dobryj-domik/,2026-09-25,VERIFIED_CURRENT_PRIMARY,UNVERIFIED,UNVERIFIED,UNVERIFIED,UNVERIFIED,UNVERIFIED,UNVERIFIED,UNVERIFIED,UNVERIFIED,OPEN,200,https://hram-sergiya.cerkov.ru/dobryj-domik/,LOOSE_REVIEW,LOOSE_REVIEW,https://hram-sergiya.cerkov.ru/dobryj-domik/,YES,CURRENT_LOCATION_AND_SERVICE_REPORTED,UNVERIFIED_NO_LIVE_CHECK,UNVERIFIED,"Web sources cannot confirm a place, supplies, admission, or walk-in access today; contact the point before travel.",2026-09-26
Волгоградская область,Волгоград,ВРОО «Православный семейный центр „Лествица“»,Кризисный центр для мам «Покров» и социальная гостиница,кризисный центр с проживанием и вещевой помощью,НКО,"ул. им. Толбухина, 38",+7 (905) 483-98-78,+7 (902) 098-10-27,UNVERIFIED,https://lestvicza.ru/,https://lestvicza.ru/strukturniye-podrazdeleniya/,https://lestvicza.ru/strukturniye-podrazdeleniya/; https://www.volgadmin.ru/d/districts/sovetadm/newsdistrict/i2883; https://radiovera.ru/podderzhka-semej-i-obshheobrazovatelnyh-iniciativ-marija-filina.html,UNVERIFIED,RESTRICTIONS,UNVERIFIED,RESTRICTIONS,RESTRICTIONS,RESTRICTIONS,UNVERIFIED,UNVERIFIED,UNVERIFIED,UNVERIFIED,UNVERIFIED,UNVERIFIED,RESTRICTIONS,UNVERIFIED,"Социальная гостиница для беременных женщин и мам с маленькими детьми; продуктовая, вещевая и правовая помощь, гуманитарный склад одежды и обуви. Примечание: Бесплатность проживания подтверждена интервью руководителя; актуальную доступность мест и порядок заселения нужно уточнять.","беременные женщины, матери с детьми, женщины в трудной жизненной ситуации и при насилии",UNVERIFIED,UNVERIFIED,UNVERIFIED,UNVERIFIED,UNVERIFIED,бесплатно для принятых в проект,UNVERIFIED,UNVERIFIED,UNVERIFIED,https://lestvicza.ru/strukturniye-podrazdeleniya/,2026-09-25,VERIFIED_CURRENT_PRIMARY,UNVERIFIED,UNVERIFIED,До полугода и дольше по индивидуальному решению (интервью 2023),женщины; в гостинице беременные и матери с детьми,UNVERIFIED,UNVERIFIED,UNVERIFIED,UNVERIFIED,OPEN,200,https://lestvicza.ru/strukturniye-podrazdeleniya/,LOOSE_REVIEW,LOOSE_REVIEW,https://lestvicza.ru/strukturniye-podrazdeleniya/,YES,CURRENT_LOCATION_AND_SERVICE_REPORTED,UNVERIFIED_NO_LIVE_CHECK,UNVERIFIED,"Web sources cannot confirm a place, supplies, admission, or walk-in access today; contact the point before travel.",2026-09-26
Вологодская область,Вологда,Вологодская епархия,Проект «Тёплый приём» при храме апостола Андрея Первозванного,еженедельный пункт бесплатных горячих обедов,религиозная,"ул. Набережная 6-й Армии, 205, территория храма апостола Андрея Первозванного",UNVERIFIED,UNVERIFIED,UNVERIFIED,https://vologda-mitropolia.ru/,https://vologda-mitropolia.ru/news/v-vologde-prodolzhaetsja-realizacija-proekta-teplyj-priem/,https://vologda-mitropolia.ru/news/v-vologde-prodolzhaetsja-realizacija-proekta-teplyj-priem/; https://vologda-mitropolia.ru/mitropolija/sestry-miloserdija/,YES,UNVERIFIED,UNVERIFIED,UNVERIFIED,UNVERIFIED,UNVERIFIED,UNVERIFIED,UNVERIFIED,UNVERIFIED,UNVERIFIED,UNVERIFIED,UNVERIFIED,UNVERIFIED,UNVERIFIED,Епархиальный проект каждое воскресенье в 12:00 предоставляет бесплатные горячие обеды людям в трудной жизненной ситуации на территории Андреевского храма. Примечание: Точный адрес и время — официальная публикация декабря 2024; действующая страница сестричества 2026 подтверждает организацию бесплатных обедов при том же Андреевском храме.,"Все нуждающиеся, люди в трудной жизненной ситуации.",UNVERIFIED,UNVERIFIED,UNVERIFIED,UNVERIFIED,UNVERIFIED,Бесплатно,Воскресенье 12:00,Воскресенье 12:00,UNVERIFIED,UNVERIFIED,2026-09-25,CURRENT_OPERATION_CONFIRMED_SERVICES_OLDER,UNVERIFIED,UNVERIFIED,UNVERIFIED,UNVERIFIED,UNVERIFIED,UNVERIFIED,UNVERIFIED,UNVERIFIED,OPEN,200,https://vologda-mitropolia.ru/news/v-vologde-prodolzhaetsja-realizacija-proekta-teplyj-priem/,LOOSE_REVIEW,LOOSE_REVIEW,https://vologda-mitropolia.ru/news/v-vologde-prodolzhaetsja-realizacija-proekta-teplyj-priem/,YES,CURRENT_OPERATION_SERVICE_DETAILS_OLDER,UNVERIFIED_NO_LIVE_CHECK,UNVERIFIED,"Web sources cannot confirm a place, supplies, admission, or walk-in access today; contact the point before travel.",2026-09-26
Вологодская область,Вологда,АНО «С миру по нитке»,Гуманитарный склад и «Дом для мам»,гуманитарный склад; кризисный приют,НКО,"ул. Петрозаводская, 10",+7 (911) 529-60-96,UNVERIFIED,UNVERIFIED,UNVERIFIED,https://dobro.ru/organizations/10019293/about,https://dobro.ru/organizations/10019293/about; https://bankvl.ru/personal/dobryie-dela/c-miry-po-nitke.html,UNVERIFIED,UNVERIFIED,UNVERIFIED,RESTRICTIONS,RESTRICTIONS,RESTRICTIONS,UNVERIFIED,UNVERIFIED,RESTRICTIONS,UNVERIFIED,UNVERIFIED,UNVERIFIED,UNVERIFIED,UNVERIFIED,"Гуманитарный склад: бесплатная детская и взрослая одежда, обувь, средства гигиены и ухода за детьми. При организации действует кризисный «Дом для мам». Примечание: Предварительная запись нужна для получения гуманитарной помощи; условия заселения в «Дом для мам» уточнять по телефону.","Малоимущие и многодетные семьи, кризисные беременные, матери с детьми, люди в трудной жизненной ситуации",UNVERIFIED,UNVERIFIED,UNVERIFIED,YES,UNVERIFIED,Все услуги предоставляются бесплатно,"пн–чт, сб 10:00–14:00",UNVERIFIED,UNVERIFIED,UNVERIFIED,2026-09-25,PARTIAL_CURRENT,UNVERIFIED,UNVERIFIED,UNVERIFIED,UNVERIFIED,UNVERIFIED,UNVERIFIED,UNVERIFIED,UNVERIFIED,OPEN,200,https://dobro.ru/organizations/10019293/about,LOOSE_REVIEW,LOOSE_REVIEW,https://dobro.ru/organizations/10019293/about,YES,PARTIAL_CURRENT_REPORT,UNVERIFIED_NO_LIVE_CHECK,UNVERIFIED,"Web sources cannot confirm a place, supplies, admission, or walk-in access today; contact the point before travel.",2026-09-26
Вологодская область,Вологда,Благотворительный фонд «Времена года»,Благотворительный вещевой склад,гуманитарный вещевой склад,НКО,"ул. Поселковая, 4, кв. 24",+7 (921) 716-39-93,UNVERIFIED,vg.region35@gmail.com,https://xn--80aaefcdea6dgffjv9c.xn--p1ai/,https://xn--80aaefcdea6dgffjv9c.xn--p1ai/proekty/proekt-blagotvoritelnyj-sklad,https://xn--80aaefcdea6dgffjv9c.xn--p1ai/proekty/proekt-blagotvoritelnyj-sklad; https://xn--80aaefcdea6dgffjv9c.xn--p1ai/nuzhna-pomoshch,UNVERIFIED,UNVERIFIED,UNVERIFIED,UNVERIFIED,RESTRICTIONS,RESTRICTIONS,UNVERIFIED,UNVERIFIED,UNVERIFIED,UNVERIFIED,UNVERIFIED,UNVERIFIED,UNVERIFIED,UNVERIFIED,"Благотворительный склад принимает вещи и выдаёт их нуждающимся. Для получения одежды и обуви требуется предварительная запись к куратору и документ о финансовом положении семьи. Официальная страница прямо указывает адрес склада на Поселковой, 4, кв. 24. Примечание: Не путать со служебным/офисным адресом фонда ул. Мира, 38 в футере сайта: склад и выдача прямо указаны на ул. Поселковая, 4, кв. 24.","Малоимущие, люди с инвалидностью, выпускники опеки и иные люди в тяжёлой жизненной ситуации.",RESTRICTIONS,UNVERIFIED,UNVERIFIED,RESTRICTIONS,UNVERIFIED,Бесплатная благотворительная выдача,По предварительной записи,UNVERIFIED,UNVERIFIED,UNVERIFIED,2026-09-25,VERIFIED_CURRENT_PRIMARY,UNVERIFIED,UNVERIFIED,UNVERIFIED,UNVERIFIED,UNVERIFIED,"Справка о доходах, получении пособия по безработице, инвалидности или иной документ о финансовом положении семьи.",UNVERIFIED,UNVERIFIED,OPEN,200,https://xn--80aaefcdea6dgffjv9c.xn--p1ai/proekty/proekt-blagotvoritelnyj-sklad,LOOSE_REVIEW,LOOSE_REVIEW,https://xn--80aaefcdea6dgffjv9c.xn--p1ai/proekty/proekt-blagotvoritelnyj-sklad,YES,CURRENT_LOCATION_AND_SERVICE_REPORTED,UNVERIFIED_NO_LIVE_CHECK,UNVERIFIED,"Web sources cannot confirm a place, supplies, admission, or walk-in access today; contact the point before travel.",2026-09-26
Воронежская область,Воронеж,Воронежская региональная общественная организация «Гражданское собрание Лидер»,Социальная столовая,бесплатная социальная столовая,НКО,"ул. Кольцовская, 23",+7 (473) 239-37-00,+7 (473) 239-37-37,UNVERIFIED,https://lider-voronezh.ru/,https://lider-voronezh.ru/program/social/social-dining-room/socialnaya-stolovaya4/,https://lider-voronezh.ru/program/social/social-dining-room/socialnaya-stolovaya4/; https://lider-voronezh.ru/program/social/social-dining-room/,RESTRICTIONS,UNVERIFIED,UNVERIFIED,UNVERIFIED,UNVERIFIED,UNVERIFIED,UNVERIFIED,NO,UNVERIFIED,UNVERIFIED,UNVERIFIED,UNVERIFIED,UNVERIFIED,UNVERIFIED,"Страница организатора подтверждает бесплатные обеды на Кольцовской, 23 для пенсионеров и малоимущих и условия посещения: пенсионное свидетельство или удостоверение инвалидности, анкета; последние точные часы в материале 2023 года — пн/ср/пт 13:00–15:00. Прачечная на этой точке платная (15 рублей), поэтому не считается бесплатной услугой. На странице программы есть обновление 2024 года, подтверждение работы именно в сентябре 2026 не найдено.","Пенсионеры, люди с инвалидностью и малоимущие посетители по условиям организатора.",Пенсионное свидетельство или удостоверение инвалидности; анкета.,UNVERIFIED,UNVERIFIED,UNVERIFIED,UNVERIFIED,Горячий обед бесплатно; прачечная платная.,"Пн, ср, пт 13:00–15:00 по материалу 2023 года; актуальность UNVERIFIED.","Пн, ср, пт 13:00–15:00 по материалу 2023 года; актуальность UNVERIFIED.",UNVERIFIED,https://lider-voronezh.ru/program/social/social-dining-room/,2026-09-25,PARTIAL_OLD_SOURCE,UNVERIFIED,UNVERIFIED,UNVERIFIED,UNVERIFIED,UNVERIFIED,UNVERIFIED,UNVERIFIED,UNVERIFIED,OPEN,200,https://lider-voronezh.ru/program/social/social-dining-room/socialnaya-stolovaya4/,EXACT_NORMALIZED,EXACT_NORMALIZED,https://lider-voronezh.ru/program/social/social-dining-room/socialnaya-stolovaya4/,YES,OLD_SOURCE_ONLY,UNVERIFIED_NO_LIVE_CHECK,UNVERIFIED,"Web sources cannot confirm a place, supplies, admission, or walk-in access today; contact the point before travel.",2026-09-26
Воронежская область,Воронеж,Благотворительный фонд святителя Антония Смирницкого,Социальный приют «Странноприимица»,низкопороговый социальный приют,НКО / религиозный проект,"ул. Куйбышева, 15/1; вход со стороны ул. Братской, 11",+7 (900) 928-14-88,UNVERIFIED,otdeldobra@mail.ru,https://rehabvrn.ru/strannopriimitsa,https://rehabvrn.ru/strannopriimitsa,https://rehabvrn.ru/strannopriimitsa; https://riavrn.ru/news/pomosh-blizhnemu-v-voronezhe-otkrylis-kursy-obucheniya-sester-miloserdiya/; https://xn--80afcdbalict6afooklqi5o.xn--p1ai/public/application/item?id=28c13ce4-4285-4b3c-90b0-e15a26bcaa8e,RESTRICTIONS,UNVERIFIED,RESTRICTIONS,RESTRICTIONS,RESTRICTIONS,UNVERIFIED,RESTRICTIONS,UNVERIFIED,RESTRICTIONS,UNVERIFIED,RESTRICTIONS,YES,UNVERIFIED,RESTRICTIONS,"Официальная страница приюта подтверждает ночлег, горячее питание, душ, дезинфекцию, одежду и помощь социального работника; благотворительный проект указывает, что помощь оказывается безвозмездно. Центр предупреждает о заполнении мест и приеме только по предварительному согласованию. Официальный сайт указывает ул. Куйбышева, 15, а публикация 2025 года уточняет корпус 15/1; вход с Братской, 11.","Люди, оказавшиеся на улице без средств к существованию; отдельно старики и инвалиды.",UNVERIFIED,UNVERIFIED,UNVERIFIED,YES: при наличии свободных мест и по предварительному согласованию.,UNVERIFIED,Безвозмездно по описанию проекта фонда.,"Обращение 24/7 по официальной странице, заселение по согласованию.",UNVERIFIED,UNVERIFIED,https://rehabvrn.ru/strannopriimitsa,2026-09-25,CURRENT_OPERATION_CONFIRMED_SERVICES_OLDER,20 мест оперативного размещения; 8 мест паллиативного отделения,UNVERIFIED,UNVERIFIED,UNVERIFIED,UNVERIFIED,UNVERIFIED,UNVERIFIED,UNVERIFIED,OPEN,200,https://rehabvrn.ru/strannopriimitsa,LOOSE_REVIEW,LOOSE_REVIEW,https://rehabvrn.ru/strannopriimitsa,YES,CURRENT_OPERATION_SERVICE_DETAILS_OLDER,UNVERIFIED_NO_LIVE_CHECK,UNVERIFIED,"Web sources cannot confirm a place, supplies, admission, or walk-in access today; contact the point before travel.",2026-09-26
Воронежская область,Воронеж,Благотворительный фонд «Чистое сердце»,Благотворительная столовая «Точка помощи»,бесплатная социальная столовая,НКО,"ул. Острогожская, 51",+7 (473) 228-77-72,+7 (903) 858-77-72,info@fond777.ru,https://fondserdce.ru/,https://fondserdce.ru/campaign/pomoshh-pozhilym-lyudyam/,https://fondserdce.ru/campaign/pomoshh-pozhilym-lyudyam/; https://fondserdce.ru/; https://gorcom36.ru/content/v-voronezhe-otkrylas-blagotvoritelnaya-stolovaya-dlya-odinokikh-pensionerov-i-invalidov/,RESTRICTIONS,UNVERIFIED,UNVERIFIED,UNVERIFIED,UNVERIFIED,UNVERIFIED,UNVERIFIED,UNVERIFIED,UNVERIFIED,UNVERIFIED,UNVERIFIED,UNVERIFIED,UNVERIFIED,UNVERIFIED,"Фонд на действующей странице пишет о бесплатных горячих обедах для инвалидов и одиноких пожилых и сообщает о работе благотворительной столовой в 2026 году; официальный сайт фонда и публикация об открытии указывают адрес Острогожская, 51. В 2024 году сообщался режим ср/чт 13:00–15:00, актуальный режим в 2026 году не подтверждён.","Одинокие пожилые люди и люди с инвалидностью, нуждающиеся в помощи.",UNVERIFIED,UNVERIFIED,UNVERIFIED,UNVERIFIED,UNVERIFIED,Бесплатный горячий обед для целевой группы.,UNVERIFIED; ранее сообщалось ср/чт 13:00–15:00.,UNVERIFIED; ранее сообщалось ср/чт 13:00–15:00.,UNVERIFIED,https://fondserdce.ru/campaign/pomoshh-pozhilym-lyudyam/,2026-09-25,CURRENT_OPERATION_CONFIRMED_SERVICES_OLDER,UNVERIFIED,UNVERIFIED,UNVERIFIED,UNVERIFIED,UNVERIFIED,UNVERIFIED,UNVERIFIED,UNVERIFIED,OPEN,200,https://fondserdce.ru/campaign/pomoshh-pozhilym-lyudyam/,LOOSE_REVIEW,EXACT_NORMALIZED,https://gorcom36.ru/content/v-voronezhe-otkrylas-blagotvoritelnaya-stolovaya-dlya-odinokikh-pensionerov-i-invalidov/,YES,CURRENT_OPERATION_SERVICE_DETAILS_OLDER,UNVERIFIED_NO_LIVE_CHECK,UNVERIFIED,"Web sources cannot confirm a place, supplies, admission, or walk-in access today; contact the point before travel.",2026-09-26
Донецкая Народная Республика,Донецк,Патриаршая гуманитарная миссия,Центр помощи в Донецк,гуманитарный центр,религиозная благотворительная организация,"просп. Дзержинского, 12",+7 (949) 445-82-47,UNVERIFIED,UNVERIFIED,https://xn--90abhdb1bnbg7frc.xn--p1ai/,https://xn--90abhdb1bnbg7frc.xn--p1ai/branch/czentr-pomoshhi-v-doneczke/,https://xn--90abhdb1bnbg7frc.xn--p1ai/branch/czentr-pomoshhi-v-doneczke/; https://xn--90abhdb1bnbg7frc.xn--p1ai/necessary/; https://xn--90abhdb1bnbg7frc.xn--p1ai/help-types/,UNVERIFIED,UNVERIFIED,UNVERIFIED,UNVERIFIED,UNVERIFIED,UNVERIFIED,UNVERIFIED,UNVERIFIED,UNVERIFIED,UNVERIFIED,UNVERIFIED,UNVERIFIED,UNVERIFIED,YES,Центр принимает обращения и выдаёт гуманитарную помощь пострадавшим.,"пострадавшие мирные жители, беженцы, нуждающиеся семьи",UNVERIFIED,UNVERIFIED,UNVERIFIED,UNVERIFIED,UNVERIFIED,Безвозмездно для пострадавших (официальная страница видов помощи миссии).,Пн–Сб 09:00–15:00,UNVERIFIED,UNVERIFIED,UNVERIFIED,2026-09-25,PARTIAL_CURRENT,UNVERIFIED,UNVERIFIED,UNVERIFIED,UNVERIFIED,UNVERIFIED,UNVERIFIED,UNVERIFIED,UNVERIFIED,OPEN,200,https://xn--90abhdb1bnbg7frc.xn--p1ai/branch/czentr-pomoshhi-v-doneczke/,LOOSE_REVIEW,LOOSE_REVIEW,https://xn--90abhdb1bnbg7frc.xn--p1ai/branch/czentr-pomoshhi-v-doneczke/,YES,PARTIAL_CURRENT_REPORT,UNVERIFIED_NO_LIVE_CHECK,UNVERIFIED,"Web sources cannot confirm a place, supplies, admission, or walk-in access today; contact the point before travel.",2026-09-26
Донецкая Народная Республика,Донецк,МБУ «Донецкий приют для временного проживания и реабилитации лиц без определённого места жительства»,Приют временного проживания,муниципальный приют,муниципальная,"ул. Румянцева, 1; старый справочник указывает дом 1А",UNVERIFIED,UNVERIFIED,UNVERIFIED,UNVERIFIED,https://base.garant.ru/413738922/,https://base.garant.ru/413738922/; https://80.mchs.gov.ru/uploads/resource/2025-01-14/perechni-obektov-zashchity-kotorym-prisvoeny-kategorii-riskov_1736859465685706500.pdf; https://check.tochka.com/company/1229300086476/,UNVERIFIED,UNVERIFIED,UNVERIFIED,RESTRICTIONS,UNVERIFIED,UNVERIFIED,UNVERIFIED,UNVERIFIED,UNVERIFIED,UNVERIFIED,UNVERIFIED,UNVERIFIED,UNVERIFIED,UNVERIFIED,"Муниципальный план на 2026 год подтверждает действующий приют и проживающих в нём людей; реестр МЧС подтверждает организацию и адрес ул. Румянцева, 1. Старый справочник указывает дом 1А и телефон, поэтому адрес входа и работоспособность телефона нужно перепроверить. Бесплатность, документы, свободные места и приём жителей других муниципалитетов не опубликованы.",лица без определённого места жительства; подробные критерии приёма не подтверждены,UNVERIFIED,UNVERIFIED,UNVERIFIED,UNVERIFIED,UNVERIFIED,UNVERIFIED,UNVERIFIED,UNVERIFIED,UNVERIFIED,https://base.garant.ru/413738922/,2026-09-26,VERIFIED_CURRENT_OFFICIAL_ADDRESS_CONFLICT,UNVERIFIED,UNVERIFIED,UNVERIFIED,UNVERIFIED,UNVERIFIED,UNVERIFIED,UNVERIFIED,UNVERIFIED,OPEN,200,https://base.garant.ru/413738922/,NOT_IN_PRIMARY_TEXT,NOT_IN_PRIMARY_TEXT,https://base.garant.ru/413738922/,YES,CURRENT_LOCATION_AND_SERVICE_REPORTED,UNVERIFIED_NO_LIVE_CHECK,UNVERIFIED,"Web sources cannot confirm a place, supplies, admission, or walk-in access today; contact the point before travel.",2026-09-26
Донецкая Народная Республика,Мариуполь,Патриаршая гуманитарная миссия,Центр помощи в Мариуполь,гуманитарный центр,религиозная благотворительная организация,"просп. Мира, 2",+7 (949) 840-65-31,UNVERIFIED,UNVERIFIED,https://xn--90abhdb1bnbg7frc.xn--p1ai/,https://xn--90abhdb1bnbg7frc.xn--p1ai/branch/mariupol/,https://xn--90abhdb1bnbg7frc.xn--p1ai/branch/mariupol/; https://xn--90abhdb1bnbg7frc.xn--p1ai/necessary/; https://xn--90abhdb1bnbg7frc.xn--p1ai/help-types/,UNVERIFIED,UNVERIFIED,UNVERIFIED,UNVERIFIED,UNVERIFIED,UNVERIFIED,UNVERIFIED,UNVERIFIED,UNVERIFIED,UNVERIFIED,UNVERIFIED,UNVERIFIED,UNVERIFIED,YES,"Текущий центр принимает обращения о гуманитарной и бытовой помощи; горячее питание описано как адресная поддержка, место выдачи не уточнено.","пострадавшие мирные жители, беженцы, нуждающиеся семьи",UNVERIFIED,UNVERIFIED,UNVERIFIED,UNVERIFIED,UNVERIFIED,Безвозмездно для пострадавших (официальная страница видов помощи миссии).,Пн–Сб 09:00–16:00,UNVERIFIED,UNVERIFIED,UNVERIFIED,2026-09-25,PARTIAL_CURRENT,UNVERIFIED,UNVERIFIED,UNVERIFIED,UNVERIFIED,UNVERIFIED,UNVERIFIED,UNVERIFIED,UNVERIFIED,OPEN,200,https://xn--90abhdb1bnbg7frc.xn--p1ai/branch/mariupol/,LOOSE_REVIEW,LOOSE_REVIEW,https://xn--90abhdb1bnbg7frc.xn--p1ai/branch/mariupol/,YES,PARTIAL_CURRENT_REPORT,UNVERIFIED_NO_LIVE_CHECK,UNVERIFIED,"Web sources cannot confirm a place, supplies, admission, or walk-in access today; contact the point before travel.",2026-09-26
Еврейская автономная область,Биробиджан,ОГБУ «Комплексный центр социального обслуживания ЕАО»,Отделение срочной социальной помощи,отделение срочной социальной помощи,государственная,"ул. Дзержинского, 16, каб. 111",+7 (42622) 2-34-94,UNVERIFIED,kcso@post.eao.ru,https://kcsoeao79.ru/,https://kcsoeao79.ru/%D0%BE%D1%82%D0%B4%D0%B5%D0%BB%D0%B5%D0%BD%D0%B8%D1%8F/,https://kcsoeao79.ru/%D0%BE%D1%82%D0%B4%D0%B5%D0%BB%D0%B5%D0%BD%D0%B8%D1%8F/; https://kcsoeao79.ru/wp-content/uploads/2021/07/%D0%A1%D0%A1%D0%9F.pdf,RESTRICTIONS,RESTRICTIONS,UNVERIFIED,UNVERIFIED,UNVERIFIED,UNVERIFIED,UNVERIFIED,UNVERIFIED,UNVERIFIED,UNVERIFIED,UNVERIFIED,UNVERIFIED,UNVERIFIED,YES,"Положение отделения предусматривает бесплатную срочную социальную помощь, в том числе горячее питание либо продуктовые наборы и натуральную материальную помощь гражданам в трудной жизненной ситуации. Действующая страница учреждения указывает отделение и адрес в кабинете 111. Примечание: Адрес и телефон — действующая страница учреждения; конкретный состав срочных услуг установлен положением 2021 года. Наличие еды в день обращения необходимо уточнять.","граждане, признанные нуждающимися в срочной социальной помощи","Положение указывает заявление, документ личности, СНИЛС, сведения о составе семьи, доходах и обстоятельствах нуждаемости",RESTRICTIONS,UNVERIFIED,UNVERIFIED,UNVERIFIED,срочные социальные услуги бесплатно; социальное такси отдельно,"Пн–Пт 09:00–18:00, перерыв 13:00–14:00 (режим учреждения)",UNVERIFIED,UNVERIFIED,https://kcsoeao79.ru/%D0%BE%D1%82%D0%B4%D0%B5%D0%BB%D0%B5%D0%BD%D0%B8%D1%8F/,2026-09-25,CURRENT_OPERATION_CONFIRMED_SERVICES_OLDER,UNVERIFIED,UNVERIFIED,UNVERIFIED,UNVERIFIED,UNVERIFIED,UNVERIFIED,UNVERIFIED,UNVERIFIED,OPEN,200,https://kcsoeao79.ru/%D0%BE%D1%82%D0%B4%D0%B5%D0%BB%D0%B5%D0%BD%D0%B8%D1%8F/,LOOSE_REVIEW,LOOSE_REVIEW,https://kcsoeao79.ru/%D0%BE%D1%82%D0%B4%D0%B5%D0%BB%D0%B5%D0%BD%D0%B8%D1%8F/,YES,CURRENT_OPERATION_SERVICE_DETAILS_OLDER,UNVERIFIED_NO_LIVE_CHECK,UNVERIFIED,"Web sources cannot confirm a place, supplies, admission, or walk-in access today; contact the point before travel.",2026-09-26
Забайкальский край,Чита,ГУСО «Ингодинский КЦСОН «Милосердие» Забайкальского края,"Отделение срочного социального обслуживания № 2 — Ингодинский район, кабинет 18",отделение срочной социальной помощи,государственная,"ул. Лазо, 28",+7 (3022) 99-69-05,+7 (3022) 21-71-69,miloserdie.guso@yandex.ru,https://miloserdie.zabguso.ru/,https://miloserdie.zabguso.ru/главная/отделение-срочного-социального-обсл/,https://miloserdie.zabguso.ru/главная/отделение-срочного-социального-обсл/; https://zabtt.zabedu.ru/realizacija-mer/,RESTRICTIONS,RESTRICTIONS,UNVERIFIED,UNVERIFIED,RESTRICTIONS,RESTRICTIONS,UNVERIFIED,UNVERIFIED,UNVERIFIED,UNVERIFIED,UNVERIFIED,YES,RESTRICTIONS,YES,"Официальная страница центра подтверждает два действующих отделения срочного обслуживания. Оба обеспечивают бесплатным горячим питанием ИЛИ продуктовыми наборами, одеждой, обувью и другими предметами первой необходимости. Для Ингодинского района указан кабинет 18 по адресу ул. Лазо, 28; услуга предоставляется на основании письменного заявления или сведений других организаций. Прокат реабилитационных средств на той же странице — платный и в перечень помощи не включён.",Граждане в трудной жизненной ситуации и нуждающиеся в срочной социальной поддержке; Ингодинский район Читы,Письменное заявление либо информация от медико-социальной/образовательной или другой организации,UNVERIFIED,UNVERIFIED,UNVERIFIED,UNVERIFIED,Бесплатное горячее питание подтверждено; натуральные срочные социальные услуги адресованы нуждающимся. Прокат технических средств платный и сюда не включён.,UNVERIFIED,UNVERIFIED,UNVERIFIED,https://miloserdie.zabguso.ru/главная/отделение-срочного-социального-обсл/,2026-09-25,VERIFIED_CURRENT_PRIMARY,UNVERIFIED,UNVERIFIED,UNVERIFIED,UNVERIFIED,UNVERIFIED,UNVERIFIED,UNVERIFIED,UNVERIFIED,OPEN,200,https://miloserdie.zabguso.ru/%D0%B3%D0%BB%D0%B0%D0%B2%D0%BD%D0%B0%D1%8F/%D0%BE%D1%82%D0%B4%D0%B5%D0%BB%D0%B5%D0%BD%D0%B8%D0%B5-%D1%81%D1%80%D0%BE%D1%87%D0%BD%D0%BE%D0%B3%D0%BE-%D1%81%D0%BE%D1%86%D0%B8%D0%B0%D0%BB%D1%8C%D0%BD%D0%BE%D0%B3%D0%BE-%D0%BE%D0%B1%D1%81%D0%BB/,EXACT_NORMALIZED,EXACT_NORMALIZED,https://miloserdie.zabguso.ru/главная/отделение-срочного-социального-обсл/,YES,CURRENT_LOCATION_AND_SERVICE_REPORTED,UNVERIFIED_NO_LIVE_CHECK,UNVERIFIED,"Web sources cannot confirm a place, supplies, admission, or walk-in access today; contact the point before travel.",2026-09-26
Забайкальский край,Чита,ГУСО «Ингодинский КЦСОН «Милосердие» Забайкальского края,"Отделение срочного социального обслуживания № 1 — Центральный район, кабинет 43",отделение срочной социальной помощи,государственная,"ул. Смоленская, 121",+7 (3022) 41-48-61,+7 (3022) 21-71-69,miloserdie.guso@yandex.ru,https://miloserdie.zabguso.ru/,https://miloserdie.zabguso.ru/главная/отделение-срочного-социального-обсл/,https://miloserdie.zabguso.ru/главная/отделение-срочного-социального-обсл/; https://zabtt.zabedu.ru/realizacija-mer/,RESTRICTIONS,RESTRICTIONS,UNVERIFIED,UNVERIFIED,RESTRICTIONS,RESTRICTIONS,UNVERIFIED,UNVERIFIED,UNVERIFIED,UNVERIFIED,UNVERIFIED,YES,RESTRICTIONS,YES,"Официальная страница центра подтверждает два действующих отделения срочного обслуживания. Оба обеспечивают бесплатным горячим питанием ИЛИ продуктовыми наборами, одеждой, обувью и другими предметами первой необходимости. Для Центрального района указан кабинет 43 по адресу ул. Смоленская, 121; услуга предоставляется на основании письменного заявления или сведений других организаций. Прокат реабилитационных средств на той же странице — платный и в перечень помощи не включён.",Граждане в трудной жизненной ситуации и нуждающиеся в срочной социальной поддержке; Центральный район Читы,Письменное заявление либо информация от медико-социальной/образовательной или другой организации,UNVERIFIED,UNVERIFIED,UNVERIFIED,UNVERIFIED,Бесплатное горячее питание подтверждено; натуральные срочные социальные услуги адресованы нуждающимся. Прокат технических средств платный и сюда не включён.,UNVERIFIED,UNVERIFIED,UNVERIFIED,https://miloserdie.zabguso.ru/главная/отделение-срочного-социального-обсл/,2026-09-25,VERIFIED_CURRENT_PRIMARY,UNVERIFIED,UNVERIFIED,UNVERIFIED,UNVERIFIED,UNVERIFIED,UNVERIFIED,UNVERIFIED,UNVERIFIED,OPEN,200,https://miloserdie.zabguso.ru/%D0%B3%D0%BB%D0%B0%D0%B2%D0%BD%D0%B0%D1%8F/%D0%BE%D1%82%D0%B4%D0%B5%D0%BB%D0%B5%D0%BD%D0%B8%D0%B5-%D1%81%D1%80%D0%BE%D1%87%D0%BD%D0%BE%D0%B3%D0%BE-%D1%81%D0%BE%D1%86%D0%B8%D0%B0%D0%BB%D1%8C%D0%BD%D0%BE%D0%B3%D0%BE-%D0%BE%D0%B1%D1%81%D0%BB/,EXACT_NORMALIZED,EXACT_NORMALIZED,https://miloserdie.zabguso.ru/главная/отделение-срочного-социального-обсл/,YES,CURRENT_LOCATION_AND_SERVICE_REPORTED,UNVERIFIED_NO_LIVE_CHECK,UNVERIFIED,"Web sources cannot confirm a place, supplies, admission, or walk-in access today; contact the point before travel.",2026-09-26
Запорожская область,Бердянск,Патриаршая гуманитарная миссия,Центр помощи в Бердянск,гуманитарный центр,религиозная благотворительная организация,"ул. Урицкого, 3Д",+7 (990) 090-13-31,UNVERIFIED,UNVERIFIED,https://xn--90abhdb1bnbg7frc.xn--p1ai/,https://xn--90abhdb1bnbg7frc.xn--p1ai/branch/czentr-pomoshhi-v-berdyanske/,https://xn--90abhdb1bnbg7frc.xn--p1ai/branch/czentr-pomoshhi-v-berdyanske/; https://xn--90abhdb1bnbg7frc.xn--p1ai/necessary/; https://xn--90abhdb1bnbg7frc.xn--p1ai/help-types/,UNVERIFIED,RESTRICTIONS,UNVERIFIED,UNVERIFIED,UNVERIFIED,UNVERIFIED,UNVERIFIED,UNVERIFIED,RESTRICTIONS,UNVERIFIED,UNVERIFIED,UNVERIFIED,UNVERIFIED,YES,Действующий центр оказывает адресную гуманитарную помощь; на странице описан вещевой склад и помощь продуктами и гигиеной нуждающимся семьям.,"пострадавшие мирные жители, беженцы, нуждающиеся семьи",UNVERIFIED,UNVERIFIED,UNVERIFIED,UNVERIFIED,UNVERIFIED,Безвозмездно для пострадавших (официальная страница видов помощи миссии).,Пн–Пт 10:00–15:00,UNVERIFIED,UNVERIFIED,UNVERIFIED,2026-09-25,PARTIAL_CURRENT,UNVERIFIED,UNVERIFIED,UNVERIFIED,UNVERIFIED,UNVERIFIED,UNVERIFIED,UNVERIFIED,UNVERIFIED,OPEN,200,https://xn--90abhdb1bnbg7frc.xn--p1ai/branch/czentr-pomoshhi-v-berdyanske/,LOOSE_REVIEW,LOOSE_REVIEW,https://xn--90abhdb1bnbg7frc.xn--p1ai/branch/czentr-pomoshhi-v-berdyanske/,YES,PARTIAL_CURRENT_REPORT,UNVERIFIED_NO_LIVE_CHECK,UNVERIFIED,"Web sources cannot confirm a place, supplies, admission, or walk-in access today; contact the point before travel.",2026-09-26
Ивановская область,Кинешма,ОБУСО «Кинешемский комплексный центр социального обслуживания населения»,Отделение срочного социального обслуживания,отделение срочной социальной помощи,государственная,"ул. им. Фрунзе, 6",+7 (49331) 5-37-44,+7 (49331) 5-75-79,kineshma_kcson@ivreg.ru,https://www.kinsoc.ru/,https://www.kinsoc.ru/struktura-uchrezhdeniya/otdelenie-srochnogo-sotsialnogo-obsluzhivaniya/,https://www.kinsoc.ru/struktura-uchrezhdeniya/otdelenie-srochnogo-sotsialnogo-obsluzhivaniya/,YES,YES,UNVERIFIED,UNVERIFIED,YES,YES,UNVERIFIED,UNVERIFIED,UNVERIFIED,UNVERIFIED,UNVERIFIED,UNVERIFIED,YES,YES,"Официальная страница отделения по адресу Фрунзе, 6 прямо указывает срочные услуги: бесплатное горячее питание или продуктовые наборы, одежда, обувь и предметы первой необходимости; помощь с юридической поддержкой и документами. Срочные услуги предоставляются бесплатно, если гражданин признан нуждающимся; основание — заявление, без ИППСУ и договора.",Лица в трудной жизненной ситуации и с доходом ниже прожиточного минимума по указанным на сайте условиям.,Заявление; иные документы UNVERIFIED,UNVERIFIED,UNVERIFIED,UNVERIFIED,UNVERIFIED,Срочные социальные услуги бесплатно для подходящих получателей,"Пн–пт 08:00–17:00, перерыв 12:00–13:00",UNVERIFIED,UNVERIFIED,UNVERIFIED,2026-09-25,VERIFIED_CURRENT_PRIMARY,UNVERIFIED,UNVERIFIED,UNVERIFIED,UNVERIFIED,UNVERIFIED,UNVERIFIED,UNVERIFIED,UNVERIFIED,OPEN,200,https://www.kinsoc.ru/struktura-uchrezhdeniya/otdelenie-srochnogo-sotsialnogo-obsluzhivaniya/,LOOSE_REVIEW,LOOSE_REVIEW,https://www.kinsoc.ru/struktura-uchrezhdeniya/otdelenie-srochnogo-sotsialnogo-obsluzhivaniya/,YES,CURRENT_LOCATION_AND_SERVICE_REPORTED,UNVERIFIED_NO_LIVE_CHECK,UNVERIFIED,"Web sources cannot confirm a place, supplies, admission, or walk-in access today; contact the point before travel.",2026-09-26
Ивановская область,Шуя,ОБУСО «Шуйский центр социального обслуживания»,Отделение срочного социального обслуживания,отделение срочной социальной помощи,государственная,"ул. Ленина, 8",+7 (49351) 4-21-88,UNVERIFIED,shucso@mail.ru,https://obusoshucso.ru/,https://obusoshucso.ru/%D0%B4%D0%B5%D1%8F%D1%82%D0%B5%D0%BB%D1%8C%D0%BD%D0%BE%D1%81%D1%82%D1%8C-%D1%86%D0%B5%D0%BD%D1%82%D1%80%D0%B0/%D0%BF%D0%B5%D1%80%D0%B5%D1%87%D0%B5%D0%BD%D1%8C-%D1%81%D0%BE%D1%86%D0%B8%D0%B0%D0%BB%D1%8C%D0%BD%D1%8B%D1%85-%D1%83%D1%81%D0%BB%D1%83%D0%B3/,https://obusoshucso.ru/%D0%B4%D0%B5%D1%8F%D1%82%D0%B5%D0%BB%D1%8C%D0%BD%D0%BE%D1%81%D1%82%D1%8C-%D1%86%D0%B5%D0%BD%D1%82%D1%80%D0%B0/%D0%BF%D0%B5%D1%80%D0%B5%D1%87%D0%B5%D0%BD%D1%8C-%D1%81%D0%BE%D1%86%D0%B8%D0%B0%D0%BB%D1%8C%D0%BD%D1%8B%D1%85-%D1%83%D1%81%D0%BB%D1%83%D0%B3/; https://obusoshucso.ru/%D0%BE%D1%82%D0%B4%D0%B5%D0%BB%D0%B5%D0%BD%D0%B8%D1%8F-%D0%B8-%D1%83%D1%81%D0%BB%D1%83%D0%B3%D0%B8/,UNVERIFIED,YES,UNVERIFIED,UNVERIFIED,YES,YES,UNVERIFIED,UNVERIFIED,UNVERIFIED,UNVERIFIED,UNVERIFIED,UNVERIFIED,UNVERIFIED,YES,"Официальный перечень услуг Шуйского ЦСО перечисляет обеспечение наборами продуктов, одеждой, обувью и предметами первой необходимости среди срочных социальных услуг. Страница структурных подразделений указывает отделение срочного социального обслуживания по адресу ул. Ленина, 8. Бесплатность для подходящих получателей подтверждается разделом вопросов и ответов, однако конкретные условия выдачи требуют уточнения.","Граждане, признанные нуждающимися в срочных социальных услугах; критерии выдачи уточнять.",UNVERIFIED,UNVERIFIED,UNVERIFIED,UNVERIFIED,UNVERIFIED,Бесплатно для подходящих получателей; условия уточнять,UNVERIFIED,UNVERIFIED,UNVERIFIED,UNVERIFIED,2026-09-25,VERIFIED_CURRENT_PRIMARY,UNVERIFIED,UNVERIFIED,UNVERIFIED,UNVERIFIED,UNVERIFIED,UNVERIFIED,UNVERIFIED,UNVERIFIED,OPEN,200,https://obusoshucso.ru/%D0%B4%D0%B5%D1%8F%D1%82%D0%B5%D0%BB%D1%8C%D0%BD%D0%BE%D1%81%D1%82%D1%8C-%D1%86%D0%B5%D0%BD%D1%82%D1%80%D0%B0/%D0%BF%D0%B5%D1%80%D0%B5%D1%87%D0%B5%D0%BD%D1%8C-%D1%81%D0%BE%D1%86%D0%B8%D0%B0%D0%BB%D1%8C%D0%BD%D1%8B%D1%85-%D1%83%D1%81%D0%BB%D1%83%D0%B3/,NOT_IN_PRIMARY_TEXT,LOOSE_REVIEW,https://obusoshucso.ru/%D0%BE%D1%82%D0%B4%D0%B5%D0%BB%D0%B5%D0%BD%D0%B8%D1%8F-%D0%B8-%D1%83%D1%81%D0%BB%D1%83%D0%B3%D0%B8/,YES,CURRENT_LOCATION_AND_SERVICE_REPORTED,UNVERIFIED_NO_LIVE_CHECK,UNVERIFIED,"Web sources cannot confirm a place, supplies, admission, or walk-in access today; contact the point before travel.",2026-09-26
Иркутская область,Ангарск,Центр поддержки «Под сердцем»,Гуманитарный центр,пункт бесплатной выдачи вещей и средств гигиены,НКО,"189-й квартал, д. 1, пом. 173, центральный вход, 2-й этаж",+7 (904) 146-09-09,UNVERIFIED,podserd@yandex.ru,https://xn--d1aacb9ahglh7c.xn--p1ai/,https://xn--d1aacb9ahglh7c.xn--p1ai/,https://xn--d1aacb9ahglh7c.xn--p1ai/,UNVERIFIED,RESTRICTIONS,UNVERIFIED,UNVERIFIED,YES,YES,UNVERIFIED,UNVERIFIED,YES,UNVERIFIED,UNVERIFIED,UNVERIFIED,UNVERIFIED,UNVERIFIED,"Бесплатно выдают одежду и обувь разных размеров, средства гигиены; продуктовые наборы выдаются нуждающимся дважды в неделю, место выдачи наборов отдельно не указано. Примечание: Адрес ул. Пойменная, 10 также указан на официальном сайте рядом с кварталом 189, д. 1; сайт однозначно называет зал бесплатной выдачи по адресу квартал 189, д. 1, 2-й этаж.","нуждающиеся, семьи с детьми, беременные; одежда всех возрастов и полов",UNVERIFIED,UNVERIFIED,UNVERIFIED,UNVERIFIED,UNVERIFIED,бесплатно,Сб–Вс 12:00–18:00,UNVERIFIED,UNVERIFIED,UNVERIFIED,2026-09-25,VERIFIED_CURRENT_PRIMARY,UNVERIFIED,UNVERIFIED,UNVERIFIED,UNVERIFIED,UNVERIFIED,UNVERIFIED,UNVERIFIED,UNVERIFIED,OPEN,200,https://xn--d1aacb9ahglh7c.xn--p1ai/,NOT_IN_PRIMARY_TEXT,NOT_IN_PRIMARY_TEXT,https://xn--d1aacb9ahglh7c.xn--p1ai/,YES,CURRENT_LOCATION_AND_SERVICE_REPORTED,UNVERIFIED_NO_LIVE_CHECK,UNVERIFIED,"Web sources cannot confirm a place, supplies, admission, or walk-in access today; contact the point before travel.",2026-09-26
Иркутская область,Ангарск,Благотворительный фонд «Добродомик»,Благотворительное кафе «Добродомик» — Ангарск,благотворительное кафе,НКО,"55-й квартал, д. 6",UNVERIFIED,UNVERIFIED,UNVERIFIED,https://xn--90afbqkklbbr.xn--p1ai/,https://xn--90afbqkklbbr.xn--p1ai/,https://xn--90afbqkklbbr.xn--p1ai/,RESTRICTIONS,UNVERIFIED,UNVERIFIED,UNVERIFIED,UNVERIFIED,UNVERIFIED,UNVERIFIED,UNVERIFIED,UNVERIFIED,UNVERIFIED,UNVERIFIED,UNVERIFIED,UNVERIFIED,UNVERIFIED,Бесплатный горячий обед для пожилых людей; адрес и время работы опубликованы фондом.,пожилые люди,UNVERIFIED,UNVERIFIED,UNVERIFIED,UNVERIFIED,UNVERIFIED,бесплатно,12:00–16:00,12:00–16:00,UNVERIFIED,UNVERIFIED,2026-09-25,VERIFIED_CURRENT_PRIMARY,UNVERIFIED,UNVERIFIED,UNVERIFIED,UNVERIFIED,UNVERIFIED,UNVERIFIED,UNVERIFIED,UNVERIFIED,OPEN,200,https://xn--90afbqkklbbr.xn--p1ai/,LOOSE_REVIEW,LOOSE_REVIEW,https://xn--90afbqkklbbr.xn--p1ai/,YES,CURRENT_LOCATION_AND_SERVICE_REPORTED,UNVERIFIED_NO_LIVE_CHECK,UNVERIFIED,"Web sources cannot confirm a place, supplies, admission, or walk-in access today; contact the point before travel.",2026-09-26
Иркутская область,Иркутск,ОГАУСО «Комплексный центр социального обслуживания населения»,Отделение срочного социального обслуживания,отделение срочной социальной помощи,государственная,"ул. Академическая, 74",+7 (3952) 424-819,UNVERIFIED,srochkaosso@mail.ru,https://kcson38.ru/,http://kcson38.ru/podrazdeleniya/otdel-srochnogo-sotsialnogo-obsluzhivaniya/,http://kcson38.ru/podrazdeleniya/otdel-srochnogo-sotsialnogo-obsluzhivaniya/; https://kcson38.ru/wp-content/uploads/2026/01/Resursnaya-karta-dlya-grazhdan-s-invalidnostyu-starshe-18-let-2026.pdf,RESTRICTIONS,RESTRICTIONS,UNVERIFIED,UNVERIFIED,RESTRICTIONS,RESTRICTIONS,UNVERIFIED,UNVERIFIED,UNVERIFIED,UNVERIFIED,UNVERIFIED,UNVERIFIED,UNVERIFIED,YES,"Отделение оказывает срочную помощь: бесплатное горячее питание или набор продуктов; одежда, обувь, помощь с временным жильём и документами. Бесплатно несовершеннолетним, пострадавшим от ЧС и при доходе ниже установленного порога. Примечание: Не включать социальную столовую «Хлеб да соль» на ул. Рабочего Штаба, 47: на сайте она описана как питание по доступной цене, а бесплатность не подтверждена.","Нуждающиеся граждане, в том числе малоимущие и пострадавшие от ЧС.",Заявление и документы о доходах для подтверждения бесплатности.,UNVERIFIED,UNVERIFIED,UNVERIFIED,UNVERIFIED,Бесплатно для перечисленных категорий; прочие условия зависят от права на услугу.,UNVERIFIED,UNVERIFIED,UNVERIFIED,UNVERIFIED,2026-09-25,VERIFIED_CURRENT_PRIMARY,UNVERIFIED,UNVERIFIED,UNVERIFIED,UNVERIFIED,UNVERIFIED,UNVERIFIED,UNVERIFIED,UNVERIFIED,OPEN,200,http://kcson38.ru/podrazdeleniya/otdel-srochnogo-sotsialnogo-obsluzhivaniya/,EXACT_NORMALIZED,EXACT_NORMALIZED,http://kcson38.ru/podrazdeleniya/otdel-srochnogo-sotsialnogo-obsluzhivaniya/,YES,CURRENT_LOCATION_AND_SERVICE_REPORTED,UNVERIFIED_NO_LIVE_CHECK,UNVERIFIED,"Web sources cannot confirm a place, supplies, admission, or walk-in access today; contact the point before travel.",2026-09-26
Иркутская область,Иркутск,Благотворительный фонд «Добродомик»,Благотворительное кафе «Добродомик» — Иркутск,благотворительное кафе,НКО,"ул. Ленина, 32",UNVERIFIED,UNVERIFIED,UNVERIFIED,https://xn--90afbqkklbbr.xn--p1ai/,https://xn--90afbqkklbbr.xn--p1ai/,https://xn--90afbqkklbbr.xn--p1ai/,RESTRICTIONS,UNVERIFIED,UNVERIFIED,UNVERIFIED,UNVERIFIED,UNVERIFIED,UNVERIFIED,UNVERIFIED,UNVERIFIED,UNVERIFIED,UNVERIFIED,UNVERIFIED,UNVERIFIED,UNVERIFIED,Бесплатный горячий обед для пожилых людей; адрес и время работы опубликованы фондом.,пожилые люди,UNVERIFIED,UNVERIFIED,UNVERIFIED,UNVERIFIED,UNVERIFIED,бесплатно,12:00–16:00,12:00–16:00,UNVERIFIED,UNVERIFIED,2026-09-25,VERIFIED_CURRENT_PRIMARY,UNVERIFIED,UNVERIFIED,UNVERIFIED,UNVERIFIED,UNVERIFIED,UNVERIFIED,UNVERIFIED,UNVERIFIED,OPEN,200,https://xn--90afbqkklbbr.xn--p1ai/,EXACT_NORMALIZED,EXACT_NORMALIZED,https://xn--90afbqkklbbr.xn--p1ai/,YES,CURRENT_LOCATION_AND_SERVICE_REPORTED,UNVERIFIED_NO_LIVE_CHECK,UNVERIFIED,"Web sources cannot confirm a place, supplies, admission, or walk-in access today; contact the point before travel.",2026-09-26
Кабардино-Балкарская Республика,Анзорей,ГКУ «Республиканский комплексный центр социального обслуживания населения»,Пункт выдачи благотворительной помощи,обменно-вещевой пункт,государственная,"Анзорей, ул. Хамгокова, 22",+7 (8663) 99-57-41,UNVERIFIED,UNVERIFIED,UNVERIFIED,https://rkcson-kbr.ru/index.php/filialy/filial-po-leskenskomu-rajonu,https://rkcson-kbr.ru/index.php/filialy/filial-po-leskenskomu-rajonu; https://rkcson-kbr.ru/index.php/informatsiya-dlya-grazhdan/chasto-zadavaemye-voprosy,UNVERIFIED,UNVERIFIED,UNVERIFIED,UNVERIFIED,YES,YES,UNVERIFIED,UNVERIFIED,UNVERIFIED,UNVERIFIED,UNVERIFIED,UNVERIFIED,UNVERIFIED,YES,"Официальный сайт подтверждает пункты сбора и выдачи благотворительной помощи по адресам филиалов, вещи выдают нуждающимся. Примечание: Официальный перечень адресов филиалов и FAQ учреждения; для конкретной точки работу выдачи в 2026 году отдельно не подтвердили.",UNVERIFIED,UNVERIFIED,UNVERIFIED,UNVERIFIED,UNVERIFIED,UNVERIFIED,Благотворительная выдача нуждающимся; бесплатно,UNVERIFIED,UNVERIFIED,UNVERIFIED,UNVERIFIED,2026-09-25,PARTIAL_CURRENT,UNVERIFIED,UNVERIFIED,UNVERIFIED,UNVERIFIED,UNVERIFIED,UNVERIFIED,UNVERIFIED,UNVERIFIED,OPEN,200,https://rkcson-kbr.ru/index.php/filialy/filial-po-leskenskomu-rajonu,EXACT_NORMALIZED,EXACT_NORMALIZED,https://rkcson-kbr.ru/index.php/filialy/filial-po-leskenskomu-rajonu,YES,PARTIAL_CURRENT_REPORT,UNVERIFIED_NO_LIVE_CHECK,UNVERIFIED,"Web sources cannot confirm a place, supplies, admission, or walk-in access today; contact the point before travel.",2026-09-26
Кабардино-Балкарская Республика,Баксан,ГКУ «Республиканский комплексный центр социального обслуживания населения»,Пункт выдачи благотворительной помощи,обменно-вещевой пункт,государственная,"Баксан, ул. Гагарина, 125",+7 (86634) 4-13-97,UNVERIFIED,UNVERIFIED,UNVERIFIED,https://kcson-baksan.ru/index.php/o-nas,https://kcson-baksan.ru/index.php/o-nas; https://rkcson-kbr.ru/index.php/informatsiya-dlya-grazhdan/chasto-zadavaemye-voprosy; https://kcson-baksan.ru/index.php/o-nas,UNVERIFIED,RESTRICTIONS,UNVERIFIED,UNVERIFIED,YES,YES,UNVERIFIED,UNVERIFIED,UNVERIFIED,UNVERIFIED,UNVERIFIED,UNVERIFIED,UNVERIFIED,YES,"Официальный сайт подтверждает пункты сбора и выдачи благотворительной помощи по адресам филиалов, вещи выдают нуждающимся. Примечание: Официальный перечень адресов филиалов и FAQ учреждения; для конкретной точки работу выдачи в 2026 году отдельно не подтвердили.",UNVERIFIED,UNVERIFIED,UNVERIFIED,UNVERIFIED,UNVERIFIED,UNVERIFIED,Благотворительная выдача нуждающимся; бесплатно,UNVERIFIED,UNVERIFIED,UNVERIFIED,UNVERIFIED,2026-09-25,PARTIAL_CURRENT,UNVERIFIED,UNVERIFIED,UNVERIFIED,UNVERIFIED,UNVERIFIED,UNVERIFIED,UNVERIFIED,UNVERIFIED,OPEN,200,https://kcson-baksan.ru/index.php/o-nas,EXACT_NORMALIZED,EXACT_NORMALIZED,https://kcson-baksan.ru/index.php/o-nas,YES,PARTIAL_CURRENT_REPORT,UNVERIFIED_NO_LIVE_CHECK,UNVERIFIED,"Web sources cannot confirm a place, supplies, admission, or walk-in access today; contact the point before travel.",2026-09-26
Кабардино-Балкарская Республика,Баксан,ГКУ «Республиканский комплексный центр социального обслуживания населения»,Пункт выдачи благотворительной помощи,обменно-вещевой пункт,государственная,"Баксан, ул. Шукова, 1А",+7 (86634) 2-16-75,UNVERIFIED,UNVERIFIED,UNVERIFIED,https://rkcson-kbr.ru/index.php/filialy/filial-po-baksanskomu-rajonu,https://rkcson-kbr.ru/index.php/filialy/filial-po-baksanskomu-rajonu; https://rkcson-kbr.ru/index.php/informatsiya-dlya-grazhdan/chasto-zadavaemye-voprosy,UNVERIFIED,UNVERIFIED,UNVERIFIED,UNVERIFIED,YES,YES,UNVERIFIED,UNVERIFIED,UNVERIFIED,UNVERIFIED,UNVERIFIED,UNVERIFIED,UNVERIFIED,YES,"Официальный сайт подтверждает пункты сбора и выдачи благотворительной помощи по адресам филиалов, вещи выдают нуждающимся. Примечание: Официальный перечень адресов филиалов и FAQ учреждения; для конкретной точки работу выдачи в 2026 году отдельно не подтвердили.",UNVERIFIED,UNVERIFIED,UNVERIFIED,UNVERIFIED,UNVERIFIED,UNVERIFIED,Благотворительная выдача нуждающимся; бесплатно,UNVERIFIED,UNVERIFIED,UNVERIFIED,UNVERIFIED,2026-09-25,PARTIAL_CURRENT,UNVERIFIED,UNVERIFIED,UNVERIFIED,UNVERIFIED,UNVERIFIED,UNVERIFIED,UNVERIFIED,UNVERIFIED,OPEN,200,https://rkcson-kbr.ru/index.php/filialy/filial-po-baksanskomu-rajonu,LOOSE_REVIEW,LOOSE_REVIEW,https://rkcson-kbr.ru/index.php/filialy/filial-po-baksanskomu-rajonu,YES,PARTIAL_CURRENT_REPORT,UNVERIFIED_NO_LIVE_CHECK,UNVERIFIED,"Web sources cannot confirm a place, supplies, admission, or walk-in access today; contact the point before travel.",2026-09-26
Кабардино-Балкарская Республика,Залукокоаже,ГКУ «Республиканский комплексный центр социального обслуживания населения»,Пункт выдачи благотворительной помощи,обменно-вещевой пункт,государственная,"Залукокоаже, ул. им. Котова, 30",+7 (86637) 42-8-10,UNVERIFIED,UNVERIFIED,UNVERIFIED,https://rkcson-kbr.ru/index.php/filialy/filial-po-zol-skomu-rajonu,https://rkcson-kbr.ru/index.php/filialy/filial-po-zol-skomu-rajonu; https://rkcson-kbr.ru/index.php/informatsiya-dlya-grazhdan/chasto-zadavaemye-voprosy,UNVERIFIED,UNVERIFIED,UNVERIFIED,UNVERIFIED,YES,YES,UNVERIFIED,UNVERIFIED,UNVERIFIED,UNVERIFIED,UNVERIFIED,UNVERIFIED,UNVERIFIED,YES,"Официальный сайт подтверждает пункты сбора и выдачи благотворительной помощи по адресам филиалов, вещи выдают нуждающимся. Примечание: Официальный перечень адресов филиалов и FAQ учреждения; для конкретной точки работу выдачи в 2026 году отдельно не подтвердили.",UNVERIFIED,UNVERIFIED,UNVERIFIED,UNVERIFIED,UNVERIFIED,UNVERIFIED,Благотворительная выдача нуждающимся; бесплатно,UNVERIFIED,UNVERIFIED,UNVERIFIED,UNVERIFIED,2026-09-25,PARTIAL_CURRENT,UNVERIFIED,UNVERIFIED,UNVERIFIED,UNVERIFIED,UNVERIFIED,UNVERIFIED,UNVERIFIED,UNVERIFIED,OPEN,200,https://rkcson-kbr.ru/index.php/filialy/filial-po-zol-skomu-rajonu,NOT_IN_PRIMARY_TEXT,NOT_IN_PRIMARY_TEXT,https://rkcson-kbr.ru/index.php/filialy/filial-po-zol-skomu-rajonu,YES,PARTIAL_CURRENT_REPORT,UNVERIFIED_NO_LIVE_CHECK,UNVERIFIED,"Web sources cannot confirm a place, supplies, admission, or walk-in access today; contact the point before travel.",2026-09-26
Кабардино-Балкарская Республика,Кашхатау,ГКУ «Республиканский комплексный центр социального обслуживания населения»,Пункт выдачи благотворительной помощи,обменно-вещевой пункт,государственная,"Кашхатау, ул. Мечиева, 143",+7 (86636) 41-7-28,UNVERIFIED,UNVERIFIED,UNVERIFIED,https://rkcson-kbr.ru/index.php/filialy/filial-po-cherekskomu-rajonu,https://rkcson-kbr.ru/index.php/filialy/filial-po-cherekskomu-rajonu; https://rkcson-kbr.ru/index.php/informatsiya-dlya-grazhdan/chasto-zadavaemye-voprosy,UNVERIFIED,UNVERIFIED,UNVERIFIED,UNVERIFIED,YES,YES,UNVERIFIED,UNVERIFIED,UNVERIFIED,UNVERIFIED,UNVERIFIED,UNVERIFIED,UNVERIFIED,YES,"Официальный сайт подтверждает пункты сбора и выдачи благотворительной помощи по адресам филиалов, вещи выдают нуждающимся. Примечание: Официальный перечень адресов филиалов и FAQ учреждения; для конкретной точки работу выдачи в 2026 году отдельно не подтвердили.",UNVERIFIED,UNVERIFIED,UNVERIFIED,UNVERIFIED,UNVERIFIED,UNVERIFIED,Благотворительная выдача нуждающимся; бесплатно,UNVERIFIED,UNVERIFIED,UNVERIFIED,UNVERIFIED,2026-09-25,PARTIAL_CURRENT,UNVERIFIED,UNVERIFIED,UNVERIFIED,UNVERIFIED,UNVERIFIED,UNVERIFIED,UNVERIFIED,UNVERIFIED,OPEN,200,https://rkcson-kbr.ru/index.php/filialy/filial-po-cherekskomu-rajonu,EXACT_NORMALIZED,EXACT_NORMALIZED,https://rkcson-kbr.ru/index.php/filialy/filial-po-cherekskomu-rajonu,YES,PARTIAL_CURRENT_REPORT,UNVERIFIED_NO_LIVE_CHECK,UNVERIFIED,"Web sources cannot confirm a place, supplies, admission, or walk-in access today; contact the point before travel.",2026-09-26
Кабардино-Балкарская Республика,Майский,ГКУ «Республиканский комплексный центр социального обслуживания населения»,Пункт выдачи благотворительной помощи,обменно-вещевой пункт,государственная,"Майский, ул. Советская, 65",+7 (86633) 71-5-39,UNVERIFIED,UNVERIFIED,UNVERIFIED,https://rkcson-kbr.ru/index.php/filialy/filial-po-majskomu-rajonu,https://rkcson-kbr.ru/index.php/filialy/filial-po-majskomu-rajonu; https://rkcson-kbr.ru/index.php/informatsiya-dlya-grazhdan/chasto-zadavaemye-voprosy,UNVERIFIED,UNVERIFIED,UNVERIFIED,UNVERIFIED,YES,YES,UNVERIFIED,UNVERIFIED,UNVERIFIED,UNVERIFIED,UNVERIFIED,UNVERIFIED,UNVERIFIED,YES,"Официальный сайт подтверждает пункты сбора и выдачи благотворительной помощи по адресам филиалов, вещи выдают нуждающимся. Примечание: Официальный перечень адресов филиалов и FAQ учреждения; для конкретной точки работу выдачи в 2026 году отдельно не подтвердили.",UNVERIFIED,UNVERIFIED,UNVERIFIED,UNVERIFIED,UNVERIFIED,UNVERIFIED,Благотворительная выдача нуждающимся; бесплатно,UNVERIFIED,UNVERIFIED,UNVERIFIED,UNVERIFIED,2026-09-25,PARTIAL_CURRENT,UNVERIFIED,UNVERIFIED,UNVERIFIED,UNVERIFIED,UNVERIFIED,UNVERIFIED,UNVERIFIED,UNVERIFIED,OPEN,200,https://rkcson-kbr.ru/index.php/filialy/filial-po-majskomu-rajonu,LOOSE_REVIEW,LOOSE_REVIEW,https://rkcson-kbr.ru/index.php/filialy/filial-po-majskomu-rajonu,YES,PARTIAL_CURRENT_REPORT,UNVERIFIED_NO_LIVE_CHECK,UNVERIFIED,"Web sources cannot confirm a place, supplies, admission, or walk-in access today; contact the point before travel.",2026-09-26
Кабардино-Балкарская Республика,Нальчик,ГКУ «Республиканский комплексный центр социального обслуживания населения»,Пункт выдачи благотворительной помощи,обменно-вещевой пункт,государственная,"Нальчик, ул. Хуранова, 1",+7 (8662) 40-53-90,UNVERIFIED,UNVERIFIED,UNVERIFIED,https://rkcson-kbr.ru/index.php/filialy/filial-po-g-o-nal-chik,https://rkcson-kbr.ru/index.php/filialy/filial-po-g-o-nal-chik; https://rkcson-kbr.ru/index.php/informatsiya-dlya-grazhdan/chasto-zadavaemye-voprosy,UNVERIFIED,UNVERIFIED,UNVERIFIED,UNVERIFIED,YES,YES,UNVERIFIED,UNVERIFIED,UNVERIFIED,UNVERIFIED,UNVERIFIED,UNVERIFIED,UNVERIFIED,YES,"Официальный сайт подтверждает пункты сбора и выдачи благотворительной помощи по адресам филиалов, вещи выдают нуждающимся. Примечание: Официальный перечень адресов филиалов и FAQ учреждения; для конкретной точки работу выдачи в 2026 году отдельно не подтвердили.",UNVERIFIED,UNVERIFIED,UNVERIFIED,UNVERIFIED,UNVERIFIED,UNVERIFIED,Благотворительная выдача нуждающимся; бесплатно,UNVERIFIED,UNVERIFIED,UNVERIFIED,UNVERIFIED,2026-09-25,PARTIAL_CURRENT,UNVERIFIED,UNVERIFIED,UNVERIFIED,UNVERIFIED,UNVERIFIED,UNVERIFIED,UNVERIFIED,UNVERIFIED,OPEN,200,https://rkcson-kbr.ru/index.php/filialy/filial-po-g-o-nal-chik,EXACT_NORMALIZED,EXACT_NORMALIZED,https://rkcson-kbr.ru/index.php/filialy/filial-po-g-o-nal-chik,YES,PARTIAL_CURRENT_REPORT,UNVERIFIED_NO_LIVE_CHECK,UNVERIFIED,"Web sources cannot confirm a place, supplies, admission, or walk-in access today; contact the point before travel.",2026-09-26
Кабардино-Балкарская Республика,Нарткала,ГКУ «Республиканский комплексный центр социального обслуживания населения»,Пункт выдачи благотворительной помощи,обменно-вещевой пункт,государственная,"Нарткала, ул. Т. Х. Эркенова, 16",+7 (86635) 4-24-22,UNVERIFIED,UNVERIFIED,UNVERIFIED,https://rkcson-kbr.ru/index.php/filialy/filial-po-urvanskomu-rajonu,https://rkcson-kbr.ru/index.php/filialy/filial-po-urvanskomu-rajonu; https://rkcson-kbr.ru/index.php/informatsiya-dlya-grazhdan/chasto-zadavaemye-voprosy,UNVERIFIED,UNVERIFIED,UNVERIFIED,UNVERIFIED,YES,YES,UNVERIFIED,UNVERIFIED,UNVERIFIED,UNVERIFIED,UNVERIFIED,UNVERIFIED,UNVERIFIED,YES,"Официальный сайт подтверждает пункты сбора и выдачи благотворительной помощи по адресам филиалов, вещи выдают нуждающимся. Примечание: Официальный перечень адресов филиалов и FAQ учреждения; для конкретной точки работу выдачи в 2026 году отдельно не подтвердили.",UNVERIFIED,UNVERIFIED,UNVERIFIED,UNVERIFIED,UNVERIFIED,UNVERIFIED,Благотворительная выдача нуждающимся; бесплатно,UNVERIFIED,UNVERIFIED,UNVERIFIED,UNVERIFIED,2026-09-25,PARTIAL_CURRENT,UNVERIFIED,UNVERIFIED,UNVERIFIED,UNVERIFIED,UNVERIFIED,UNVERIFIED,UNVERIFIED,UNVERIFIED,OPEN,200,https://rkcson-kbr.ru/index.php/filialy/filial-po-urvanskomu-rajonu,LOOSE_REVIEW,LOOSE_REVIEW,https://rkcson-kbr.ru/index.php/filialy/filial-po-urvanskomu-rajonu,YES,PARTIAL_CURRENT_REPORT,UNVERIFIED_NO_LIVE_CHECK,UNVERIFIED,"Web sources cannot confirm a place, supplies, admission, or walk-in access today; contact the point before travel.",2026-09-26
Кабардино-Балкарская Республика,Прохладный,ГКУ «Республиканский комплексный центр социального обслуживания населения»,Пункт выдачи благотворительной помощи,обменно-вещевой пункт,государственная,"Прохладный, ул. Головко, 52",+7 (86631) 3-19-56,UNVERIFIED,UNVERIFIED,UNVERIFIED,https://rkcson-kbr.ru/index.php/filialy/filial-po-prokhladnenskomu-rajonu,https://rkcson-kbr.ru/index.php/filialy/filial-po-prokhladnenskomu-rajonu; https://rkcson-kbr.ru/index.php/informatsiya-dlya-grazhdan/chasto-zadavaemye-voprosy,UNVERIFIED,UNVERIFIED,UNVERIFIED,UNVERIFIED,YES,YES,UNVERIFIED,UNVERIFIED,UNVERIFIED,UNVERIFIED,UNVERIFIED,UNVERIFIED,UNVERIFIED,YES,"Официальный сайт подтверждает пункты сбора и выдачи благотворительной помощи по адресам филиалов, вещи выдают нуждающимся. Примечание: Официальный перечень адресов филиалов и FAQ учреждения; для конкретной точки работу выдачи в 2026 году отдельно не подтвердили.",UNVERIFIED,UNVERIFIED,UNVERIFIED,UNVERIFIED,UNVERIFIED,UNVERIFIED,Благотворительная выдача нуждающимся; бесплатно,UNVERIFIED,UNVERIFIED,UNVERIFIED,UNVERIFIED,2026-09-25,PARTIAL_CURRENT,UNVERIFIED,UNVERIFIED,UNVERIFIED,UNVERIFIED,UNVERIFIED,UNVERIFIED,UNVERIFIED,UNVERIFIED,OPEN,200,https://rkcson-kbr.ru/index.php/filialy/filial-po-prokhladnenskomu-rajonu,LOOSE_REVIEW,LOOSE_REVIEW,https://rkcson-kbr.ru/index.php/filialy/filial-po-prokhladnenskomu-rajonu,YES,PARTIAL_CURRENT_REPORT,UNVERIFIED_NO_LIVE_CHECK,UNVERIFIED,"Web sources cannot confirm a place, supplies, admission, or walk-in access today; contact the point before travel.",2026-09-26
Кабардино-Балкарская Республика,Терек,ГКУ «Республиканский комплексный центр социального обслуживания населения»,Пункт выдачи благотворительной помощи,обменно-вещевой пункт,государственная,"Терек, ул. Пушкина, 148",+7 (86632) 41-0-32,UNVERIFIED,UNVERIFIED,UNVERIFIED,https://rkcson-kbr.ru/index.php/filialy/filial-po-terskomu-rajonu,https://rkcson-kbr.ru/index.php/filialy/filial-po-terskomu-rajonu; https://rkcson-kbr.ru/index.php/informatsiya-dlya-grazhdan/chasto-zadavaemye-voprosy,UNVERIFIED,UNVERIFIED,UNVERIFIED,UNVERIFIED,YES,YES,UNVERIFIED,UNVERIFIED,UNVERIFIED,UNVERIFIED,UNVERIFIED,UNVERIFIED,UNVERIFIED,YES,"Официальный сайт подтверждает пункты сбора и выдачи благотворительной помощи по адресам филиалов, вещи выдают нуждающимся. Примечание: Официальный перечень адресов филиалов и FAQ учреждения; для конкретной точки работу выдачи в 2026 году отдельно не подтвердили.",UNVERIFIED,UNVERIFIED,UNVERIFIED,UNVERIFIED,UNVERIFIED,UNVERIFIED,Благотворительная выдача нуждающимся; бесплатно,UNVERIFIED,UNVERIFIED,UNVERIFIED,UNVERIFIED,2026-09-25,PARTIAL_CURRENT,UNVERIFIED,UNVERIFIED,UNVERIFIED,UNVERIFIED,UNVERIFIED,UNVERIFIED,UNVERIFIED,UNVERIFIED,OPEN,200,https://rkcson-kbr.ru/index.php/filialy/filial-po-terskomu-rajonu,LOOSE_REVIEW,LOOSE_REVIEW,https://rkcson-kbr.ru/index.php/filialy/filial-po-terskomu-rajonu,YES,PARTIAL_CURRENT_REPORT,UNVERIFIED_NO_LIVE_CHECK,UNVERIFIED,"Web sources cannot confirm a place, supplies, admission, or walk-in access today; contact the point before travel.",2026-09-26
Кабардино-Балкарская Республика,Тырныауз,ГКУ «Республиканский комплексный центр социального обслуживания населения»,Пункт выдачи благотворительной помощи,обменно-вещевой пункт,государственная,"Тырныауз, ул. Энеева, 18",+7 (86638) 4-22-46,UNVERIFIED,UNVERIFIED,UNVERIFIED,https://rkcson-kbr.ru/index.php/filialy/filial-po-el-brusskomu-rajonu,https://rkcson-kbr.ru/index.php/filialy/filial-po-el-brusskomu-rajonu; https://rkcson-kbr.ru/index.php/informatsiya-dlya-grazhdan/chasto-zadavaemye-voprosy; https://tyrnyauz-kcson.ru/otdelenie-srochnogo-sotsialnogo-obsluzhivaniya/,YES,YES,UNVERIFIED,UNVERIFIED,YES,YES,UNVERIFIED,UNVERIFIED,UNVERIFIED,UNVERIFIED,UNVERIFIED,UNVERIFIED,UNVERIFIED,YES,"Официальный сайт подтверждает пункты сбора и выдачи благотворительной помощи по адресам филиалов, вещи выдают нуждающимся. В Тырныаузе подтверждены горячее питание или продуктовый набор, одежда и обувь. Примечание: Официальный перечень адресов филиалов и FAQ учреждения; для конкретной точки работу выдачи в 2026 году отдельно не подтвердили.",UNVERIFIED,UNVERIFIED,UNVERIFIED,UNVERIFIED,UNVERIFIED,UNVERIFIED,Благотворительная выдача нуждающимся; бесплатно,UNVERIFIED,UNVERIFIED,UNVERIFIED,UNVERIFIED,2026-09-25,PARTIAL_CURRENT,UNVERIFIED,UNVERIFIED,UNVERIFIED,UNVERIFIED,UNVERIFIED,UNVERIFIED,UNVERIFIED,UNVERIFIED,OPEN,200,https://rkcson-kbr.ru/index.php/filialy/filial-po-el-brusskomu-rajonu,EXACT_NORMALIZED,EXACT_NORMALIZED,https://rkcson-kbr.ru/index.php/filialy/filial-po-el-brusskomu-rajonu,YES,PARTIAL_CURRENT_REPORT,UNVERIFIED_NO_LIVE_CHECK,UNVERIFIED,"Web sources cannot confirm a place, supplies, admission, or walk-in access today; contact the point before travel.",2026-09-26
Кабардино-Балкарская Республика,Чегем,ГКУ «Республиканский комплексный центр социального обслуживания населения»,Пункт выдачи благотворительной помощи,обменно-вещевой пункт,государственная,"Чегем, ул. Кярова, 54",+7 (86630) 4-19-57,UNVERIFIED,UNVERIFIED,UNVERIFIED,https://rkcson-kbr.ru/index.php/filialy/filial-po-g-o-nal-chik,https://rkcson-kbr.ru/index.php/filialy/filial-po-g-o-nal-chik; https://rkcson-kbr.ru/index.php/informatsiya-dlya-grazhdan/chasto-zadavaemye-voprosy,UNVERIFIED,UNVERIFIED,UNVERIFIED,UNVERIFIED,YES,YES,UNVERIFIED,UNVERIFIED,UNVERIFIED,UNVERIFIED,UNVERIFIED,UNVERIFIED,UNVERIFIED,YES,"Официальный сайт подтверждает пункты сбора и выдачи благотворительной помощи по адресам филиалов, вещи выдают нуждающимся. Примечание: Официальный перечень адресов филиалов и FAQ учреждения; для конкретной точки работу выдачи в 2026 году отдельно не подтвердили.",UNVERIFIED,UNVERIFIED,UNVERIFIED,UNVERIFIED,UNVERIFIED,UNVERIFIED,Благотворительная выдача нуждающимся; бесплатно,UNVERIFIED,UNVERIFIED,UNVERIFIED,UNVERIFIED,2026-09-25,PARTIAL_CURRENT,UNVERIFIED,UNVERIFIED,UNVERIFIED,UNVERIFIED,UNVERIFIED,UNVERIFIED,UNVERIFIED,UNVERIFIED,OPEN,200,https://rkcson-kbr.ru/index.php/filialy/filial-po-g-o-nal-chik,EXACT_NORMALIZED,EXACT_NORMALIZED,https://rkcson-kbr.ru/index.php/filialy/filial-po-g-o-nal-chik,YES,PARTIAL_CURRENT_REPORT,UNVERIFIED_NO_LIVE_CHECK,UNVERIFIED,"Web sources cannot confirm a place, supplies, admission, or walk-in access today; contact the point before travel.",2026-09-26
Кабардино-Балкарская Республика,станица Солдатская,ГКУ «Республиканский комплексный центр социального обслуживания населения»,Пункт выдачи благотворительной помощи,обменно-вещевой пункт,государственная,"станица Солдатская, ул. Калинина, 99А",+7 (86631) 50-1-30,UNVERIFIED,UNVERIFIED,UNVERIFIED,https://rkcson-kbr.ru/index.php/filialy/filial-po-prokhladnenskomu-rajonu,https://rkcson-kbr.ru/index.php/filialy/filial-po-prokhladnenskomu-rajonu; https://rkcson-kbr.ru/index.php/informatsiya-dlya-grazhdan/chasto-zadavaemye-voprosy,UNVERIFIED,UNVERIFIED,UNVERIFIED,UNVERIFIED,YES,YES,UNVERIFIED,UNVERIFIED,UNVERIFIED,UNVERIFIED,UNVERIFIED,UNVERIFIED,UNVERIFIED,YES,"Официальный сайт подтверждает пункты сбора и выдачи благотворительной помощи по адресам филиалов, вещи выдают нуждающимся. Примечание: Официальный перечень адресов филиалов и FAQ учреждения; для конкретной точки работу выдачи в 2026 году отдельно не подтвердили.",UNVERIFIED,UNVERIFIED,UNVERIFIED,UNVERIFIED,UNVERIFIED,UNVERIFIED,Благотворительная выдача нуждающимся; бесплатно,UNVERIFIED,UNVERIFIED,UNVERIFIED,UNVERIFIED,2026-09-25,PARTIAL_CURRENT,UNVERIFIED,UNVERIFIED,UNVERIFIED,UNVERIFIED,UNVERIFIED,UNVERIFIED,UNVERIFIED,UNVERIFIED,OPEN,200,https://rkcson-kbr.ru/index.php/filialy/filial-po-prokhladnenskomu-rajonu,NOT_IN_PRIMARY_TEXT,NOT_IN_PRIMARY_TEXT,https://rkcson-kbr.ru/index.php/filialy/filial-po-prokhladnenskomu-rajonu,YES,PARTIAL_CURRENT_REPORT,UNVERIFIED_NO_LIVE_CHECK,UNVERIFIED,"Web sources cannot confirm a place, supplies, admission, or walk-in access today; contact the point before travel.",2026-09-26
Калининградская область,Калининград,КРОО «Центр развития местного сообщества „Сила Людей“»,«Суп для людей» — точка в парке у ТЦ «Акрополь»,регулярный пункт бесплатного питания,НКО,"парк у ТЦ «Акрополь», ориентир ул. Профессора Баранова, 34",+7 (963) 294-21-11,+7 (963) 297-47-80,silaljudei@yandex.ru,https://silalyudey.ru/,https://silalyudey.ru/contacts/,https://silalyudey.ru/contacts/; https://silalyudey.ru/about/; https://acropolmall.ru/kontakty/,YES,UNVERIFIED,UNVERIFIED,UNVERIFIED,UNVERIFIED,UNVERIFIED,UNVERIFIED,UNVERIFIED,UNVERIFIED,UNVERIFIED,UNVERIFIED,UNVERIFIED,UNVERIFIED,YES,"Официальная страница организации указывает бесплатную раздачу горячего питания (суп, хлеб, напиток) в парке около ТЦ «Акрополь» с понедельника по субботу с 18:00. Этот пункт предназначен для обращения к дежурному сотруднику за дальнейшей помощью. Адрес торгового центра — ул. Профессора Баранова, 34; раздача проходит снаружи, в парке, не внутри ТЦ.",Бездомные и другие люди в трудной жизненной ситуации.,UNVERIFIED,UNVERIFIED,UNVERIFIED,UNVERIFIED,UNVERIFIED,Бесплатно,Пн–сб с 18:00,Пн–сб с 18:00,UNVERIFIED,https://silalyudey.ru/gethelp/,2026-09-25,VERIFIED_CURRENT_PRIMARY,UNVERIFIED,UNVERIFIED,UNVERIFIED,UNVERIFIED,UNVERIFIED,UNVERIFIED,UNVERIFIED,UNVERIFIED,OPEN,200,https://silalyudey.ru/contacts/,LOOSE_REVIEW,LOOSE_REVIEW,https://silalyudey.ru/contacts/,YES,CURRENT_LOCATION_AND_SERVICE_REPORTED,UNVERIFIED_NO_LIVE_CHECK,UNVERIFIED,"Web sources cannot confirm a place, supplies, admission, or walk-in access today; contact the point before travel.",2026-09-26
Калининградская область,Калининград,КРОО «Центр развития местного сообщества „Сила Людей“»,Дневной центр,дневной центр срочной социальной помощи,НКО,"ул. 9 Апреля, 5, ориентир библиотека им. Снегова",+7 (963) 294-21-11,+7 (963) 297-47-80,silaljudei@yandex.ru,https://silalyudey.ru/,https://silalyudey.ru/contacts/,https://silalyudey.ru/contacts/; https://silalyudey.ru/about/; https://dobro.ru/organizations/10012632/about,UNVERIFIED,UNVERIFIED,UNVERIFIED,UNVERIFIED,YES,UNVERIFIED,UNVERIFIED,UNVERIFIED,YES,UNVERIFIED,UNVERIFIED,YES,UNVERIFIED,YES,"Официальный сайт указывает работающий дневной центр на ул. 9 Апреля, 5; организация оказывает срочную социальную помощь бездомным и людям в трудной ситуации, выдаёт одежду и предметы гигиены и консультирует по социальным вопросам. На сайте есть противоречивый адрес в общем футере: Павлика Морозова, 2А; адрес дневного центра взят из явного раздела контактов и подтверждён профилем организации на Добро.рф.",Бездомные и другие люди в трудной жизненной ситуации.,UNVERIFIED,UNVERIFIED,UNVERIFIED,UNVERIFIED,UNVERIFIED,Благотворительная помощь; плата не указана,Пн–чт 12:00–15:00; пт с 14:00 только приём вещей,UNVERIFIED,UNVERIFIED,https://silalyudey.ru/gethelp/,2026-09-25,VERIFIED_CURRENT_PRIMARY,UNVERIFIED,UNVERIFIED,UNVERIFIED,UNVERIFIED,UNVERIFIED,UNVERIFIED,UNVERIFIED,UNVERIFIED,OPEN,200,https://silalyudey.ru/contacts/,EXACT_NORMALIZED,EXACT_NORMALIZED,https://silalyudey.ru/contacts/,YES,CURRENT_LOCATION_AND_SERVICE_REPORTED,UNVERIFIED_NO_LIVE_CHECK,UNVERIFIED,"Web sources cannot confirm a place, supplies, admission, or walk-in access today; contact the point before travel.",2026-09-26
Калужская область,Дугна,ГБУ КО «Калужский центр социальной адаптации для лиц без определённого места жительства и занятий»,"Дугнинский филиал, отделение стационарного обслуживания",центр социальной адаптации с проживанием и питанием,государственная,"Ферзиковский район, посёлок Дугна, ул. Больничная, 14",+7 (48437) 5-51-36,UNVERIFIED,UNVERIFIED,https://kaluga-bomj.ru/,https://kaluga-bomj.ru/materialno-tehnicheskoe-obespechenie/,https://kaluga-bomj.ru/materialno-tehnicheskoe-obespechenie/; https://kaluga-bomj.ru/struktura/; https://kaluga-bomj.ru/otvety-na-voprosy/,RESTRICTIONS,UNVERIFIED,UNVERIFIED,RESTRICTIONS,UNVERIFIED,UNVERIFIED,UNVERIFIED,UNVERIFIED,UNVERIFIED,UNVERIFIED,RESTRICTIONS,UNVERIFIED,UNVERIFIED,UNVERIFIED,"Официальный сайт прямо указывает по адресу Больничная, 14 стационарный двухэтажный филиал с кухней-столовой; пищеблок обеспечивает проживающих пятиразовым питанием, оборудованы процедурный и врачебный кабинеты. Примечание: Питание и проживание доступны получателям стационарной социальной услуги, не для разового прихода за едой. Условия признания нуждаемости и свободные места уточнять по телефону.","лица без определённого места жительства и занятий, признанные получателями социальных услуг",UNVERIFIED,UNVERIFIED,UNVERIFIED,UNVERIFIED,UNVERIFIED,бесплатно для получателей без дохода или с низким среднедушевым доходом по правилам центра; иначе возможна плата,UNVERIFIED,UNVERIFIED,UNVERIFIED,UNVERIFIED,2026-09-25,VERIFIED_CURRENT_PRIMARY,UNVERIFIED,UNVERIFIED,UNVERIFIED,UNVERIFIED,UNVERIFIED,UNVERIFIED,UNVERIFIED,UNVERIFIED,OPEN,200,https://kaluga-bomj.ru/materialno-tehnicheskoe-obespechenie/,NOT_IN_PRIMARY_TEXT,NOT_IN_PRIMARY_TEXT,https://kaluga-bomj.ru/materialno-tehnicheskoe-obespechenie/,YES,CURRENT_LOCATION_AND_SERVICE_REPORTED,UNVERIFIED_NO_LIVE_CHECK,UNVERIFIED,"Web sources cannot confirm a place, supplies, admission, or walk-in access today; contact the point before travel.",2026-09-26
Калужская область,Калуга,Благотворительный фонд «Новый день»,Благотворительный склад в Калуге,пункт выдачи продуктов и вещей,НКО,"ул. Карачевская, 12, помещение 2, 1-й этаж",+7 (900) 575-03-33,+7 (900) 575-03-03,mail@novden.ru,https://www.novden.ru/,https://www.novden.ru/contact/,https://www.novden.ru/contact/; https://www.novden.ru/programm/save-the-family/,UNVERIFIED,RESTRICTIONS,UNVERIFIED,UNVERIFIED,RESTRICTIONS,UNVERIFIED,UNVERIFIED,UNVERIFIED,RESTRICTIONS,UNVERIFIED,UNVERIFIED,UNVERIFIED,UNVERIFIED,UNVERIFIED,"Фонд указывает точный адрес благотворительного склада в Калуге. В программе «Сохрани семью» прямо сказано, что на складах в Калуге и Обнинске нуждающиеся семьи получают продукты питания, одежду и средства гигиены. Примечание: Склад является точкой выдачи, что прямо подтверждено страницей программы; часы работы фонд просит уточнять по телефону.","семьи в трудной жизненной ситуации, подопечные благотворительной программы",UNVERIFIED,UNVERIFIED,UNVERIFIED,UNVERIFIED,UNVERIFIED,благотворительная выдача; денежная плата не указана,уточнять по телефону склада,UNVERIFIED,UNVERIFIED,UNVERIFIED,2026-09-25,VERIFIED_CURRENT_PRIMARY,UNVERIFIED,UNVERIFIED,UNVERIFIED,UNVERIFIED,UNVERIFIED,UNVERIFIED,UNVERIFIED,UNVERIFIED,OPEN,200,https://www.novden.ru/contact/,LOOSE_REVIEW,LOOSE_REVIEW,https://www.novden.ru/contact/,YES,CURRENT_LOCATION_AND_SERVICE_REPORTED,UNVERIFIED_NO_LIVE_CHECK,UNVERIFIED,"Web sources cannot confirm a place, supplies, admission, or walk-in access today; contact the point before travel.",2026-09-26
Калужская область,Калуга,Центр помощи беременным и женщинам с детьми «Материнский ковчег»,Кризисный центр с проживанием и пунктом гуманитарной помощи,кризисный приют и гуманитарный пункт,религиозная,"ул. Салтыкова-Щедрина, 55",+7 (958) 863-90-28,UNVERIFIED,UNVERIFIED,https://eparhia-kaluga.ru/news/kaluzhskaja-eparhija-anonsy/12658-materinskij-kovcheg.html,https://eparhia-kaluga.ru/news/kaluzhskaja-eparhija-anonsy/12658-materinskij-kovcheg.html,https://eparhia-kaluga.ru/news/kaluzhskaja-eparhija-anonsy/12658-materinskij-kovcheg.html; https://www.kaluga-gov.ru/obshchestvo/komissiya-po-delam-nesovershennoletnikh/,UNVERIFIED,RESTRICTIONS,UNVERIFIED,RESTRICTIONS,RESTRICTIONS,UNVERIFIED,UNVERIFIED,UNVERIFIED,RESTRICTIONS,UNVERIFIED,UNVERIFIED,UNVERIFIED,RESTRICTIONS,RESTRICTIONS,"Калужская епархия подтверждает бесплатное временное проживание женщин, предоставление продуктов питания, одежды и средств гигиены, работу пункта гуманитарной помощи и адрес ул. Салтыкова-Щедрина, 55. В центре помогают юристы и другие специалисты. Примечание: Подробное описание услуги в публикации 2018 года, обновлено сведением о здании 2020 года; муниципальный перечень подтверждает действующий адрес в 2025. Наличие свободных мест и порядок заселения уточнять по телефону.",беременные женщины и матери с малолетними детьми в трудной жизненной ситуации,UNVERIFIED,UNVERIFIED,NO,UNVERIFIED,UNVERIFIED,безвозмездно,UNVERIFIED,UNVERIFIED,UNVERIFIED,UNVERIFIED,2026-09-25,CURRENT_OPERATION_CONFIRMED_SERVICES_OLDER,UNVERIFIED,UNVERIFIED,UNVERIFIED,женщины; проживание с детьми,UNVERIFIED,UNVERIFIED,UNVERIFIED,UNVERIFIED,OPEN,200,https://eparhia-kaluga.ru/news/kaluzhskaja-eparhija-anonsy/12658-materinskij-kovcheg.html,LOOSE_REVIEW,LOOSE_REVIEW,https://eparhia-kaluga.ru/news/kaluzhskaja-eparhija-anonsy/12658-materinskij-kovcheg.html,YES,CURRENT_OPERATION_SERVICE_DETAILS_OLDER,UNVERIFIED_NO_LIVE_CHECK,UNVERIFIED,"Web sources cannot confirm a place, supplies, admission, or walk-in access today; contact the point before travel.",2026-09-26
Калужская область,Обнинск,Благотворительный фонд «Новый день»,Благотворительный склад в Обнинске,пункт выдачи продуктов и вещей,НКО,"проспект Маркса, 20, подъезд 7, 1-й этаж",+7 (900) 575-35-65,+7 (900) 575-03-03,mail@novden.ru,https://www.novden.ru/,https://www.novden.ru/contact/,https://www.novden.ru/contact/; https://www.novden.ru/programm/save-the-family/,UNVERIFIED,RESTRICTIONS,UNVERIFIED,UNVERIFIED,RESTRICTIONS,UNVERIFIED,UNVERIFIED,UNVERIFIED,RESTRICTIONS,UNVERIFIED,UNVERIFIED,UNVERIFIED,UNVERIFIED,UNVERIFIED,"Фонд указывает точный адрес благотворительного склада в Обнинске. В программе «Сохрани семью» прямо сказано, что на складах в Калуге и Обнинске нуждающиеся семьи получают продукты питания, одежду и средства гигиены. Примечание: Склад является точкой выдачи, что прямо подтверждено страницей программы; часы работы фонд просит уточнять по телефону.","семьи в трудной жизненной ситуации, подопечные благотворительной программы",UNVERIFIED,UNVERIFIED,UNVERIFIED,UNVERIFIED,UNVERIFIED,благотворительная выдача; денежная плата не указана,уточнять по телефону склада,UNVERIFIED,UNVERIFIED,UNVERIFIED,2026-09-25,VERIFIED_CURRENT_PRIMARY,UNVERIFIED,UNVERIFIED,UNVERIFIED,UNVERIFIED,UNVERIFIED,UNVERIFIED,UNVERIFIED,UNVERIFIED,OPEN,200,https://www.novden.ru/contact/,LOOSE_REVIEW,LOOSE_REVIEW,https://www.novden.ru/contact/,YES,CURRENT_LOCATION_AND_SERVICE_REPORTED,UNVERIFIED_NO_LIVE_CHECK,UNVERIFIED,"Web sources cannot confirm a place, supplies, admission, or walk-in access today; contact the point before travel.",2026-09-26
Камчатский край,Петропавловск-Камчатский,КГАУ СЗ «Камчатский центр социальной помощи семье и детям «СЕМЬЯ»,Кризисная служба «Гармония»,государственный кризисный центр с временным проживанием,государственная,"ул. Ключевская, 28",+7 (4152) 46-09-67,+7 (4152) 42-75-03,miloserdie92@mail.ru,https://kamsoccentr.ru/,https://kamsoccentr.ru/news/10095/,https://kamsoccentr.ru/news/10095/; https://kamsoccentr.ru/services/service_terms/,UNVERIFIED,UNVERIFIED,UNVERIFIED,RESTRICTIONS,UNVERIFIED,UNVERIFIED,UNVERIFIED,UNVERIFIED,UNVERIFIED,UNVERIFIED,UNVERIFIED,UNVERIFIED,UNVERIFIED,UNVERIFIED,"Кризисная служба предоставляет временное проживание беременным женщинам и мамам с детьми, которым негде жить или которые столкнулись с насилием и другими трудными обстоятельствами. Услуги центра бесплатны после оформления нуждаемости и ИППСУ. Примечание: На действующем официальном сайте публикации сентября 2026 года; страница службы прямо связывает проживание, адрес и телефон. Условия ИППСУ приведены в разделе условий услуг центра, но могут отличаться для кризисной службы — уточнять по телефону.",Беременные женщины и матери с детьми в трудной жизненной ситуации.,Для оформления социальных услуг необходимы документы и ИППСУ; конкретный перечень для заселения следует уточнить в кризисной службе.,UNVERIFIED,UNVERIFIED,UNVERIFIED,UNVERIFIED,Социальные услуги центра бесплатно; необходимы признание нуждаемости и ИППСУ.,UNVERIFIED,UNVERIFIED,UNVERIFIED,UNVERIFIED,2026-09-25,VERIFIED_CURRENT_PRIMARY,UNVERIFIED,UNVERIFIED,UNVERIFIED,UNVERIFIED,UNVERIFIED,UNVERIFIED,UNVERIFIED,UNVERIFIED,OPEN,200,https://kamsoccentr.ru/news/10095/,EXACT_NORMALIZED,EXACT_NORMALIZED,https://kamsoccentr.ru/news/10095/,YES,CURRENT_LOCATION_AND_SERVICE_REPORTED,UNVERIFIED_NO_LIVE_CHECK,UNVERIFIED,"Web sources cannot confirm a place, supplies, admission, or walk-in access today; contact the point before travel.",2026-09-26
Карачаево-Черкесская Республика,Черкесск,АНО социальной поддержки населения «Очаг Добра» / БО «Самира»,Благотворительное кафе «Очаг Добра»,бесплатная столовая,НКО,"ул. Первомайская, 104",+7 (928) 387-81-91,+7 (928) 266-21-11,UNVERIFIED,https://t.me/samira_kchr,https://palata09.ru/nko/spisok-nko/,https://palata09.ru/nko/spisok-nko/; https://mintrudkchr.ru/news/bez-categorii/ministerstvo-truda-i-socialnogo-razvitiya-posetilo-ochag-dobra; https://t.me/s/ochag_dobra/148; https://t.me/samira_kchr,RESTRICTIONS,UNVERIFIED,UNVERIFIED,UNVERIFIED,UNVERIFIED,UNVERIFIED,UNVERIFIED,UNVERIFIED,UNVERIFIED,UNVERIFIED,UNVERIFIED,UNVERIFIED,UNVERIFIED,UNVERIFIED,"Общественная палата КЧР указывает оба проекта по одному адресу. Минтруд КЧР в 2019 году подтвердил бесплатные горячие обеды малоимущим пожилым и ветеранам. Собственный пост центра 2024 года сообщает, что обеды шесть дней в неделю дают и внутри центра; канал фонда в 2026 году продолжает описывать проект как действующий. Часы и выдача именно 25.09.2026 не подтверждены.",Малоимущие пожилые люди и ветераны,UNVERIFIED,UNVERIFIED,UNVERIFIED,UNVERIFIED,UNVERIFIED,Бесплатные горячие обеды для названной группы по сообщению Минтруда 2019 года,UNVERIFIED,Шесть дней в неделю по собственному сообщению 2024 года; дни недели и часы на сентябрь 2026 не подтверждены,UNVERIFIED,https://t.me/samira_kchr,2026-09-25,CURRENT_OPERATION_CONFIRMED_SERVICES_OLDER,UNVERIFIED,UNVERIFIED,UNVERIFIED,UNVERIFIED,UNVERIFIED,UNVERIFIED,UNVERIFIED,UNVERIFIED,OPEN,200,https://palata09.ru/nko/spisok-nko/,LOOSE_REVIEW,LOOSE_REVIEW,https://palata09.ru/nko/spisok-nko/,YES,CURRENT_OPERATION_SERVICE_DETAILS_OLDER,UNVERIFIED_NO_LIVE_CHECK,UNVERIFIED,"Web sources cannot confirm a place, supplies, admission, or walk-in access today; contact the point before travel.",2026-09-26
Карачаево-Черкесская Республика,Черкесск,РБУ «Центр социального обслуживания населения»,Отделение срочной помощи по Черкесскому городскому округу,отделение срочной социальной помощи,государственная,"ул. Пушкинская, 82",+7 (8782) 22-03-58,+7 (8782) 22-02-04; +7 (8782) 22-02-05,rbucson@mail.ru,https://cson-09.ru/,https://cson-09.ru/otdelenie-srochnoj-pomoshi-po-cherkesskomu-gorodskomu-okrugu,https://cson-09.ru/otdelenie-srochnoj-pomoshi-po-cherkesskomu-gorodskomu-okrugu; https://cson-09.ru/contacts; https://cson-09.ru/files/shares/Ustav_RBU_CSON.pdf; https://mintrud.gov.ru/social/448,UNVERIFIED,UNVERIFIED,UNVERIFIED,UNVERIFIED,UNVERIFIED,UNVERIFIED,UNVERIFIED,UNVERIFIED,UNVERIFIED,UNVERIFIED,UNVERIFIED,UNVERIFIED,UNVERIFIED,RESTRICTIONS,"На действующем сайте учреждения названо очное отделение срочной помощи по Черкесскому округу; официальный контактный адрес — Пушкинская, 82. Устав относит к срочным услугам натуральную помощь, включая питание и одежду, однако выдача каждого вида именно по этому адресу в 2026 году не подтверждена. Упомянута мини-прачечная, но её бесплатность не доказана. Старые сведения о раздаче еды нельзя переносить на нынешний график.","Граждане в трудной жизненной ситуации, нуждающиеся в неотложной социальной поддержке",UNVERIFIED,UNVERIFIED,UNVERIFIED,UNVERIFIED,UNVERIFIED,Срочные социальные услуги бесплатно согласно разъяснению Минтруда; наличие конкретной натуральной услуги и условия допуска необходимо уточнить; дополнительные услуги могут быть платными,UNVERIFIED,UNVERIFIED,UNVERIFIED,https://cson-09.ru/contacts,2026-09-25,PARTIAL_CURRENT,UNVERIFIED,UNVERIFIED,UNVERIFIED,UNVERIFIED,UNVERIFIED,UNVERIFIED,UNVERIFIED,UNVERIFIED,OPEN,200,https://cson-09.ru/otdelenie-srochnoj-pomoshi-po-cherkesskomu-gorodskomu-okrugu,NOT_IN_PRIMARY_TEXT,EXACT_NORMALIZED,https://cson-09.ru/contacts,YES,PARTIAL_CURRENT_REPORT,UNVERIFIED_NO_LIVE_CHECK,UNVERIFIED,"Web sources cannot confirm a place, supplies, admission, or walk-in access today; contact the point before travel.",2026-09-26
Кемеровская область — Кузбасс,Кемерово,ГАУ «Кемеровский центр социальной адаптации населения»,Площадка на улице Ульяны Громовой,центр социальной адаптации,государственная,"ул. Ульяны Громовой, 6А",+7 (3842) 55-81-05,UNVERIFIED,UNVERIFIED,UNVERIFIED,https://www.belovo42.ru/pressa/2026/04/30/34947-obespechenie-bezopasnosti-naseleniya-kuzbassa.html,https://www.belovo42.ru/pressa/2026/04/30/34947-obespechenie-bezopasnosti-naseleniya-kuzbassa.html; https://anzhero.ru/news/detail/spisok-predsedateley-nablyudatelnykh-sovetov-komissiy-sozdannykh-dlya-osushchestvleniya-funktsiy-po-; https://dsznko.ru/news/v-kemerovskom-tsentre-sotsialnoy-adaptatsii-naseleniya-otkryt-filial,RESTRICTIONS,UNVERIFIED,UNVERIFIED,RESTRICTIONS,UNVERIFIED,UNVERIFIED,UNVERIFIED,UNVERIFIED,UNVERIFIED,UNVERIFIED,UNVERIFIED,UNVERIFIED,UNVERIFIED,UNVERIFIED,"Минсоцзащиты Кузбасса прямо подтверждает по адресу У. Громовой, 6А бесплатное временное койко-место и трехразовое горячее питание гражданам, признанным нуждающимися, при отсутствии медицинских противопоказаний; муниципальная публикация 2026 подтверждает работу центра по этому адресу. Примечание: Бесплатность и услуга по адресу подтверждены первичным источником Минсоцзащиты от 28.12.2023; действующая муниципальная публикация 30.04.2026 подтверждает работу филиала. Основной адрес Предзаводская, 6 исключен как старый дубль.","Граждане без определённого места жительства и освободившиеся из мест лишения свободы, попавшие в трудную жизненную ситуацию.","Заявление, документ личности и документы о нуждаемости при наличии.",UNVERIFIED,UNVERIFIED,UNVERIFIED,UNVERIFIED,"Бесплатное койко-место и трехразовое горячее питание гражданам, признанным нуждающимися, при отсутствии медицинских противопоказаний.",UNVERIFIED,UNVERIFIED,UNVERIFIED,UNVERIFIED,2026-09-25,CURRENT_OPERATION_CONFIRMED_SERVICES_OLDER,UNVERIFIED,UNVERIFIED,UNVERIFIED,UNVERIFIED,UNVERIFIED,UNVERIFIED,UNVERIFIED,UNVERIFIED,OPEN,200,https://www.belovo42.ru/pressa/2026/04/30/34947-obespechenie-bezopasnosti-naseleniya-kuzbassa.html,NOT_IN_PRIMARY_TEXT,NOT_IN_PRIMARY_TEXT,https://www.belovo42.ru/pressa/2026/04/30/34947-obespechenie-bezopasnosti-naseleniya-kuzbassa.html,YES,CURRENT_OPERATION_SERVICE_DETAILS_OLDER,UNVERIFIED_NO_LIVE_CHECK,UNVERIFIED,"Web sources cannot confirm a place, supplies, admission, or walk-in access today; contact the point before travel.",2026-09-26
Кемеровская область — Кузбасс,Новокузнецк,МКУ «Центр социальной адаптации населения г. Новокузнецка»,Отделение приема граждан и срочной помощи; социальное общежитие; социальная гостиница,центр социальной адаптации,муниципальная,"просп. Пионерский, 7",+7 (3843) 32-82-03,+7 (3843) 32-86-02,UNVERIFIED,https://doz9.kmr.socinfo.ru/,https://www.ksz-nk.ru/deyatelnost/uchrezhdeniya-sotsialnoj-zashchity-g-novokuznetska/munitsipalnye-kazennye-uchrezhdeniya-mku-g-novokuznetska,https://www.ksz-nk.ru/deyatelnost/uchrezhdeniya-sotsialnoj-zashchity-g-novokuznetska/munitsipalnye-kazennye-uchrezhdeniya-mku-g-novokuznetska; https://www.belovo42.ru/pressa/2026/04/30/34947-obespechenie-bezopasnosti-naseleniya-kuzbassa.html,RESTRICTIONS,RESTRICTIONS,RESTRICTIONS,RESTRICTIONS,RESTRICTIONS,RESTRICTIONS,UNVERIFIED,RESTRICTIONS,UNVERIFIED,UNVERIFIED,UNVERIFIED,UNVERIFIED,UNVERIFIED,YES,"Приёмное отделение: бесплатное койко-место до 10 дней, бесплатное горячее питание или набор продуктов, первичная санобработка, дезинфекция вещей, одежда и обувь б/у. Общежитие: ночное койко-место, питание, стирка белья; гостиница: койко-место до 12 месяцев. Примечание: Одна строка на адрес; три отделения в одном здании не размножены.","Люди в трудной жизненной ситуации, включая бездомных.",UNVERIFIED,UNVERIFIED,UNVERIFIED,UNVERIFIED,UNVERIFIED,Приёмное отделение: койко-место и питание бесплатно; стоимость общежития и гостиницы не указана.,"Круглосуточно; приём ежедневно, оформление пн–пт 13:00–15:00.",UNVERIFIED,UNVERIFIED,UNVERIFIED,2026-09-25,VERIFIED_CURRENT_GOVERNMENT,UNVERIFIED,UNVERIFIED,Приёмное отделение — до 10 дней; социальная гостиница — до 12 месяцев.,UNVERIFIED,UNVERIFIED,UNVERIFIED,UNVERIFIED,UNVERIFIED,OPEN,200,https://www.ksz-nk.ru/deyatelnost/uchrezhdeniya-sotsialnoj-zashchity-g-novokuznetska/munitsipalnye-kazennye-uchrezhdeniya-mku-g-novokuznetska,LOOSE_REVIEW,EXACT_NORMALIZED,https://www.belovo42.ru/pressa/2026/04/30/34947-obespechenie-bezopasnosti-naseleniya-kuzbassa.html,YES,CURRENT_LOCATION_AND_SERVICE_REPORTED,UNVERIFIED_NO_LIVE_CHECK,UNVERIFIED,"Web sources cannot confirm a place, supplies, admission, or walk-in access today; contact the point before travel.",2026-09-26
Кировская область,Киров,Благотворительный фонд «Поможем детям вместе. Киров»,Социальный вещевой склад,социальный вещевой склад,НКО,"ул. Андрея Упита, 7, корп. 1",+7 (900) 522-51-89,UNVERIFIED,UNVERIFIED,http://pomozhem-detyam.ru/,https://xn--80afcdbalict6afooklqi5o.xn--p1ai/public/application/item?id=c709b3dd-885e-4bc8-a506-7a2e48b8f4d5,https://xn--80afcdbalict6afooklqi5o.xn--p1ai/public/application/item?id=c709b3dd-885e-4bc8-a506-7a2e48b8f4d5; https://kirov1.jsprav.ru/blagotvoritelnyie-fondyi/bf-pomozhem-detiam-vmeste-1/,UNVERIFIED,UNVERIFIED,UNVERIFIED,UNVERIFIED,RESTRICTIONS,UNVERIFIED,UNVERIFIED,UNVERIFIED,UNVERIFIED,UNVERIFIED,UNVERIFIED,UNVERIFIED,UNVERIFIED,UNVERIFIED,"Заявка фонда на грантовом портале прямо указывает бесплатную выдачу вещевой помощи нуждающимся семьям по адресу Андрея Упита, 7/1. Текущий справочник подтверждает работу фонда по адресу, но описывает также продажу вещей; наличие и порядок именно бесплатной выдачи нужно уточнять перед поездкой.","Семьи с детьми в трудной жизненной ситуации, проживающие в Кирове.",UNVERIFIED,UNVERIFIED,UNVERIFIED,UNVERIFIED,UNVERIFIED,"Бесплатная вещевая помощь квалифицированным семьям по грантовой заявке 2024–2025; коммерческая выдача также упоминается в отзывах, уточнить по телефону.","Ср–пт 12:00–19:00, сб–вс 12:00–15:00 по текущему справочнику; перед посещением подтвердить.",UNVERIFIED,UNVERIFIED,http://pomozhem-detyam.ru/,2026-09-25,CURRENT_OPERATION_CONFIRMED_SERVICES_OLDER,UNVERIFIED,UNVERIFIED,UNVERIFIED,UNVERIFIED,UNVERIFIED,UNVERIFIED,UNVERIFIED,UNVERIFIED,OPEN,200,https://xn--80afcdbalict6afooklqi5o.xn--p1ai/public/application/item?id=c709b3dd-885e-4bc8-a506-7a2e48b8f4d5,LOOSE_REVIEW,EXACT_NORMALIZED,https://kirov1.jsprav.ru/blagotvoritelnyie-fondyi/bf-pomozhem-detiam-vmeste-1/,YES,CURRENT_OPERATION_SERVICE_DETAILS_OLDER,UNVERIFIED_NO_LIVE_CHECK,UNVERIFIED,"Web sources cannot confirm a place, supplies, admission, or walk-in access today; contact the point before travel.",2026-09-26
Кировская область,Киров,Центр гуманитарной помощи Вятской епархии,,центр выдачи гуманитарной помощи,религиозная,"ул. Герцена, 42Б",+7 (912) 330-52-01,+7 (8332) 79-10-79,UNVERIFIED,https://serafimovskiy.cerkov.ru/,https://serafimovskiy.cerkov.ru/pomoshh-nuzhdayushhimsya/,https://serafimovskiy.cerkov.ru/pomoshh-nuzhdayushhimsya/,NO,RESTRICTIONS,UNVERIFIED,UNVERIFIED,RESTRICTIONS,UNVERIFIED,UNVERIFIED,UNVERIFIED,RESTRICTIONS,UNVERIFIED,NO,UNVERIFIED,NO,UNVERIFIED,"Официальная страница центра называет адрес, часы приема и наличие детского питания, одежды для взрослых и детей, наборов гигиены и продуктовых наборов. Горячие обеды, медицинскую и юридическую помощь центр прямо не оказывает.","Люди в трудной жизненной ситуации; в первую очередь беременные женщины, одинокие матери, многодетные семьи и семьи с детьми-инвалидами.","Документ, удостоверяющий личность (например, паспорт или свидетельство о рождении).",Документ личности обязателен; паспорт указан как один из вариантов.,UNVERIFIED,YES,UNVERIFIED,Благотворительная гуманитарная помощь нуждающимся без указанной платы.,"Пн, ср, пт 09:00–18:00 по предварительной записи.",UNVERIFIED,UNVERIFIED,https://serafimovskiy.cerkov.ru/pomoshh-nuzhdayushhimsya/,2026-09-25,VERIFIED_CURRENT_PRIMARY,UNVERIFIED,UNVERIFIED,UNVERIFIED,UNVERIFIED,UNVERIFIED,UNVERIFIED,UNVERIFIED,UNVERIFIED,OPEN,200,https://serafimovskiy.cerkov.ru/pomoshh-nuzhdayushhimsya/,EXACT_NORMALIZED,EXACT_NORMALIZED,https://serafimovskiy.cerkov.ru/pomoshh-nuzhdayushhimsya/,YES,CURRENT_LOCATION_AND_SERVICE_REPORTED,UNVERIFIED_NO_LIVE_CHECK,UNVERIFIED,"Web sources cannot confirm a place, supplies, admission, or walk-in access today; contact the point before travel.",2026-09-26
Кировская область,Киров,Экообмен,Благотворительный склад бесплатной вещевой помощи,банк вещей,НКО,"ул. Ленина, 72, вход со двора",+7 (919) 522-97-52,UNVERIFIED,UNVERIFIED,https://vk.com/ecoobmen43,https://statusdetstva.ru/news77,https://statusdetstva.ru/news77; https://kirov.spravka.city/company/ekoobmen,UNVERIFIED,UNVERIFIED,UNVERIFIED,UNVERIFIED,YES,YES,UNVERIFIED,UNVERIFIED,UNVERIFIED,UNVERIFIED,UNVERIFIED,UNVERIFIED,UNVERIFIED,UNVERIFIED,"Местный благотворительный фонд прямо называет склад по ул. Ленина, 72 пунктом бесплатной вещевой помощи, куда можно прийти и принять вещи для себя; в наличии могут быть одежда, обувь и бытовые предметы. Примечание: Первичное описание фонда без даты; адрес и работа сверены с текущим справочником. Остатки вещей не подтверждены.","Люди, нуждающиеся в бесплатных вещах",UNVERIFIED,UNVERIFIED,UNVERIFIED,UNVERIFIED,UNVERIFIED,Бесплатно.,Среда и суббота 12:00–16:00 по текущему справочнику; подтвердить по телефону.,UNVERIFIED,UNVERIFIED,https://statusdetstva.ru/news77,2026-09-25,PARTIAL_CURRENT_LOCATION_CROSSCHECKED,UNVERIFIED,UNVERIFIED,UNVERIFIED,UNVERIFIED,UNVERIFIED,UNVERIFIED,UNVERIFIED,UNVERIFIED,OPEN,200,https://statusdetstva.ru/news77,LOOSE_REVIEW,LOOSE_REVIEW,https://statusdetstva.ru/news77,YES,PARTIAL_CURRENT_REPORT,UNVERIFIED_NO_LIVE_CHECK,UNVERIFIED,"Web sources cannot confirm a place, supplies, admission, or walk-in access today; contact the point before travel.",2026-09-26
Кировская область,Киров,Центр защиты материнства и детства «Моя семья»,Гуманитарный склад,гуманитарный склад с бесплатной выдачей,НКО,"ул. Свободы, 70А",+7 (912) 703-23-00,+7 (912) 710-08-40,semya43@bk.ru,https://moyasemya43.ru/,https://moyasemya43.ru/o-czentre-zashhity-materinstva-i-detstva-moya-semya.html,https://moyasemya43.ru/o-czentre-zashhity-materinstva-i-detstva-moya-semya.html,UNVERIFIED,UNVERIFIED,UNVERIFIED,UNVERIFIED,RESTRICTIONS,UNVERIFIED,UNVERIFIED,UNVERIFIED,UNVERIFIED,UNVERIFIED,UNVERIFIED,UNVERIFIED,UNVERIFIED,UNVERIFIED,"Официальный сайт указывает отдельный гуманитарный склад по ул. Свободы, 70А и безвозмездную вещевую помощь семьям, взятым на попечение центра. Продуктовая помощь центра указана отдельно, но выдача продуктов именно на этом складе не подтверждена.","Малообеспеченные семьи с детьми и одинокие матери, принятые на попечение центра.",UNVERIFIED,UNVERIFIED,UNVERIFIED,Для обращения за помощью заполнить анкету; порядок посещения склада уточнить по телефону.,UNVERIFIED,Безвозмездная вещевая помощь для подопечных семей.,UNVERIFIED,UNVERIFIED,UNVERIFIED,https://moyasemya43.ru/o-czentre-zashhity-materinstva-i-detstva-moya-semya.html,2026-09-25,VERIFIED_CURRENT_PRIMARY,UNVERIFIED,UNVERIFIED,UNVERIFIED,UNVERIFIED,UNVERIFIED,UNVERIFIED,UNVERIFIED,UNVERIFIED,OPEN,200,https://moyasemya43.ru/o-czentre-zashhity-materinstva-i-detstva-moya-semya.html,EXACT_NORMALIZED,EXACT_NORMALIZED,https://moyasemya43.ru/o-czentre-zashhity-materinstva-i-detstva-moya-semya.html,YES,CURRENT_LOCATION_AND_SERVICE_REPORTED,UNVERIFIED_NO_LIVE_CHECK,UNVERIFIED,"Web sources cannot confirm a place, supplies, admission, or walk-in access today; contact the point before travel.",2026-09-26
Костромская область,Боговарово,ОГБУ «Октябрьский комплексный центр социального обслуживания населения»,Отделение срочного социального обслуживания,отделение срочной социальной помощи,государственная,"ул. Победы, 64",+7 (49451) 2-17-63,UNVERIFIED,kcsonokt@org.kostroma.gov.ru,https://www.kcsonokt.ru/,https://www.kcsonokt.ru/%D0%BE-%D0%BD%D0%B0%D1%81/%D1%81%D1%82%D1%80%D1%83%D0%BA%D1%82%D1%83%D1%80%D0%B0-%D1%86%D0%B5%D0%BD%D1%82%D1%80%D0%B0/%D0%BE%D1%82%D0%B4%D0%B5%D0%BB%D0%B5%D0%BD%D0%B8%D0%B5-%D1%81%D1%80%D0%BE%D1%87%D0%BD%D0%BE%D0%B3%D0%BE-%D1%81%D0%BE%D1%86%D0%B8%D0%B0%D0%BB%D1%8C%D0%BD%D0%BE%D0%B3%D0%BE-%D0%BE%D0%B1%D1%81%D0%BB/,https://www.kcsonokt.ru/%D0%BE-%D0%BD%D0%B0%D1%81/%D1%81%D1%82%D1%80%D1%83%D0%BA%D1%82%D1%83%D1%80%D0%B0-%D1%86%D0%B5%D0%BD%D1%82%D1%80%D0%B0/%D0%BE%D1%82%D0%B4%D0%B5%D0%BB%D0%B5%D0%BD%D0%B8%D0%B5-%D1%81%D1%80%D0%BE%D1%87%D0%BD%D0%BE%D0%B3%D0%BE-%D1%81%D0%BE%D1%86%D0%B8%D0%B0%D0%BB%D1%8C%D0%BD%D0%BE%D0%B3%D0%BE-%D0%BE%D0%B1%D1%81%D0%BB/,RESTRICTIONS,RESTRICTIONS,UNVERIFIED,UNVERIFIED,RESTRICTIONS,RESTRICTIONS,UNVERIFIED,UNVERIFIED,UNVERIFIED,UNVERIFIED,UNVERIFIED,UNVERIFIED,UNVERIFIED,RESTRICTIONS,"Обеспечение бесплатным горячим питанием или наборами продуктов; одеждой, обувью и другими предметами первой необходимости; срочные социальные услуги. Примечание: Действующий сайт учреждения включает государственное задание 2026; адрес и услуги на странице отделения.","Граждане и семьи, признанные нуждающимися в социальном обслуживании по обстоятельствам, ухудшающим условия жизнедеятельности",Заявление получателя; остальные документы UNVERIFIED,UNVERIFIED,UNVERIFIED,UNVERIFIED,UNVERIFIED,Горячее питание или продуктовые наборы бесплатно; стоимость выдачи одежды/обуви отдельно не указана.,UNVERIFIED,UNVERIFIED,UNVERIFIED,UNVERIFIED,2026-09-25,VERIFIED_CURRENT_PRIMARY,UNVERIFIED,UNVERIFIED,UNVERIFIED,UNVERIFIED,UNVERIFIED,UNVERIFIED,UNVERIFIED,UNVERIFIED,OPEN,200,https://www.kcsonokt.ru/%D0%BE-%D0%BD%D0%B0%D1%81/%D1%81%D1%82%D1%80%D1%83%D0%BA%D1%82%D1%83%D1%80%D0%B0-%D1%86%D0%B5%D0%BD%D1%82%D1%80%D0%B0/%D0%BE%D1%82%D0%B4%D0%B5%D0%BB%D0%B5%D0%BD%D0%B8%D0%B5-%D1%81%D1%80%D0%BE%D1%87%D0%BD%D0%BE%D0%B3%D0%BE-%D1%81%D0%BE%D1%86%D0%B8%D0%B0%D0%BB%D1%8C%D0%BD%D0%BE%D0%B3%D0%BE-%D0%BE%D0%B1%D1%81%D0%BB/,LOOSE_REVIEW,LOOSE_REVIEW,https://www.kcsonokt.ru/%D0%BE-%D0%BD%D0%B0%D1%81/%D1%81%D1%82%D1%80%D1%83%D0%BA%D1%82%D1%83%D1%80%D0%B0-%D1%86%D0%B5%D0%BD%D1%82%D1%80%D0%B0/%D0%BE%D1%82%D0%B4%D0%B5%D0%BB%D0%B5%D0%BD%D0%B8%D0%B5-%D1%81%D1%80%D0%BE%D1%87%D0%BD%D0%BE%D0%B3%D0%BE-%D1%81%D0%BE%D1%86%D0%B8%D0%B0%D0%BB%D1%8C%D0%BD%D0%BE%D0%B3%D0%BE-%D0%BE%D0%B1%D1%81%D0%BB/,YES,CURRENT_LOCATION_AND_SERVICE_REPORTED,UNVERIFIED_NO_LIVE_CHECK,UNVERIFIED,"Web sources cannot confirm a place, supplies, admission, or walk-in access today; contact the point before travel.",2026-09-26
Костромская область,Кострома,Благотворительный фонд «Второе дыхание»,Центр выдачи гуманитарной помощи,центр бесплатной выдачи одежды и вещей,НКО,"ул. Энергетиков, 2",+7 (909) 254-22-92,UNVERIFIED,UNVERIFIED,https://vtoroe.ru/,https://asi.org.ru/news/2020/09/30/v-kostrome-zarabotal-tsentr-vydachi-gumanitarnoj-pomoshhi/,https://asi.org.ru/news/2020/09/30/v-kostrome-zarabotal-tsentr-vydachi-gumanitarnoj-pomoshhi/; https://takiedela.ru/2025/02/teplo-lubyh-razmerov/; https://vtoroe-special.ru/2023,UNVERIFIED,UNVERIFIED,UNVERIFIED,UNVERIFIED,RESTRICTIONS,RESTRICTIONS,UNVERIFIED,UNVERIFIED,UNVERIFIED,UNVERIFIED,UNVERIFIED,UNVERIFIED,UNVERIFIED,UNVERIFIED,"Нуждающиеся бесплатно выбирают одежду, обувь и другие вещи в центре выдачи гуманитарной помощи. Примечание: Работу центра подтверждает репортаж февраля 2025; адрес ул. Энергетиков, 2 опубликован в 2020 и позднее повторён в 2023. Приём по предварительной записи, лимит 3 визита в год указан в отчёте фонда 2023. Адрес и порядок приёма желательно проверить телефоном.",Нуждающиеся жители Костромы и других мест; приоритет нуждающихся категорий,"Паспорт и документы, подтверждающие категорию нуждаемости (условия 2020, актуальные требования уточнить)",RESTRICTIONS,UNVERIFIED,YES,UNVERIFIED,Бесплатно,UNVERIFIED,UNVERIFIED,UNVERIFIED,UNVERIFIED,2026-09-25,CURRENT_OPERATION_CONFIRMED_SERVICES_OLDER,UNVERIFIED,UNVERIFIED,UNVERIFIED,UNVERIFIED,UNVERIFIED,UNVERIFIED,UNVERIFIED,UNVERIFIED,OPEN,200,https://asi.org.ru/news/2020/09/30/v-kostrome-zarabotal-tsentr-vydachi-gumanitarnoj-pomoshhi/,EXACT_NORMALIZED,EXACT_NORMALIZED,https://asi.org.ru/news/2020/09/30/v-kostrome-zarabotal-tsentr-vydachi-gumanitarnoj-pomoshhi/,YES,CURRENT_OPERATION_SERVICE_DETAILS_OLDER,UNVERIFIED_NO_LIVE_CHECK,UNVERIFIED,"Web sources cannot confirm a place, supplies, admission, or walk-in access today; contact the point before travel.",2026-09-26
Краснодарский край,Краснодар,Фонд «Солнце в ладошках»,Кладовая добра,пункт выдачи вещей,НКО,"Краснодар, ул. Бирюзовая, 1",+7 (918) 650-82-56,UNVERIFIED,UNVERIFIED,UNVERIFIED,https://solncevladoshkah.ru/sbory/aktivnye-sbory-i-programmy/kladovaya-dobra/,https://solncevladoshkah.ru/sbory/aktivnye-sbory-i-programmy/kladovaya-dobra/,UNVERIFIED,UNVERIFIED,UNVERIFIED,UNVERIFIED,RESTRICTIONS,RESTRICTIONS,UNVERIFIED,UNVERIFIED,UNVERIFIED,UNVERIFIED,UNVERIFIED,UNVERIFIED,UNVERIFIED,UNVERIFIED,"Фонд указывает пункт программы «Кладовая добра», где нуждающиеся получают вещи по предварительной записи. Примечание: Сведения с действующей страницы организации.",UNVERIFIED,UNVERIFIED,UNVERIFIED,UNVERIFIED,UNVERIFIED,UNVERIFIED,Бесплатная выдача вещей нуждающимся по предварительной записи,UNVERIFIED,UNVERIFIED,UNVERIFIED,UNVERIFIED,2026-09-25,VERIFIED_CURRENT_PRIMARY,UNVERIFIED,UNVERIFIED,UNVERIFIED,UNVERIFIED,UNVERIFIED,UNVERIFIED,UNVERIFIED,UNVERIFIED,OPEN,200,https://solncevladoshkah.ru/sbory/aktivnye-sbory-i-programmy/kladovaya-dobra/,EXACT_NORMALIZED,EXACT_NORMALIZED,https://solncevladoshkah.ru/sbory/aktivnye-sbory-i-programmy/kladovaya-dobra/,YES,CURRENT_LOCATION_AND_SERVICE_REPORTED,UNVERIFIED_NO_LIVE_CHECK,UNVERIFIED,"Web sources cannot confirm a place, supplies, admission, or walk-in access today; contact the point before travel.",2026-09-26
Краснодарский край,Сочи,Социально-кризисный центр Сочинской епархии,Гуманитарный центр «Море добра» и приют «Нечаянная Радость»,Гуманитарный центр,религиозная,"Сочи, ул. Дагомысская, 42Б",+7 (988) 233-35-95,+7 (988) 239-16-23,sddsochi@gmail.com,https://sddsochi.ru/,https://sddsochi.ru/index.php/classes/gumanitarnaya-pomoshch-2,https://sddsochi.ru/index.php/classes/gumanitarnaya-pomoshch-2; https://sddsochi.ru/index.php/kontakty; https://sddsochi.ru/index.php/classes/priyut-dlya-mam-2,RESTRICTIONS,YES,UNVERIFIED,RESTRICTIONS,YES,RESTRICTIONS,UNVERIFIED,UNVERIFIED,YES,UNVERIFIED,UNVERIFIED,YES,RESTRICTIONS,YES,"Официальный сайт 2025 года: социально незащищённые граждане бесплатно получают вещевую и продуктовую помощь, средства гигиены и консультации по социальной работе по адресу Дагомысская 42Б. На той же территории работает приют для беременных и матерей с детьми: временное проживание с полным пансионом и помощь одеждой, обувью, документами и юриста. Примечание: По одному адресу действуют два проекта; сведены в одну физическую строку. Проживание только для беременных и матерей с детьми; необходимость записи и условия заселения уточнять по телефону.","Многодетные и неполные семьи, одинокие пожилые, люди с инвалидностью и в трудной жизненной ситуации, в том числе без регистрации.",RESTRICTIONS,UNVERIFIED,UNVERIFIED,UNVERIFIED,UNVERIFIED,Вещевая и продуктовая помощь бесплатна; стоимость проживания в приюте отдельно не указана.,Ежедневно 09:00–18:00 (общие часы организации),UNVERIFIED,UNVERIFIED,UNVERIFIED,2026-09-25,VERIFIED_CURRENT_PRIMARY,7 семей (приют),UNVERIFIED,UNVERIFIED,В приют принимают беременных женщин и матерей с детьми.,UNVERIFIED,UNVERIFIED,UNVERIFIED,UNVERIFIED,OPEN,200,https://sddsochi.ru/index.php/classes/gumanitarnaya-pomoshch-2,EXACT_NORMALIZED,EXACT_NORMALIZED,https://sddsochi.ru/index.php/classes/gumanitarnaya-pomoshch-2,YES,CURRENT_LOCATION_AND_SERVICE_REPORTED,UNVERIFIED_NO_LIVE_CHECK,UNVERIFIED,"Web sources cannot confirm a place, supplies, admission, or walk-in access today; contact the point before travel.",2026-09-26
Краснодарский край,Тимашевск,Фонд «Солнце в ладошках»,Кладовая добра,пункт выдачи вещей,НКО,"Тимашевск, ул. Пионерская, 168А",+7 (918) 396-05-39,UNVERIFIED,UNVERIFIED,UNVERIFIED,https://solncevladoshkah.ru/sbory/aktivnye-sbory-i-programmy/kladovaya-dobra/,https://solncevladoshkah.ru/sbory/aktivnye-sbory-i-programmy/kladovaya-dobra/,UNVERIFIED,UNVERIFIED,UNVERIFIED,UNVERIFIED,RESTRICTIONS,RESTRICTIONS,UNVERIFIED,UNVERIFIED,UNVERIFIED,UNVERIFIED,UNVERIFIED,UNVERIFIED,UNVERIFIED,UNVERIFIED,"Фонд указывает пункт программы «Кладовая добра», где нуждающиеся получают вещи по предварительной записи. Примечание: Сведения с действующей страницы организации.",UNVERIFIED,UNVERIFIED,UNVERIFIED,UNVERIFIED,UNVERIFIED,UNVERIFIED,Бесплатная выдача вещей нуждающимся по предварительной записи,UNVERIFIED,UNVERIFIED,UNVERIFIED,UNVERIFIED,2026-09-25,VERIFIED_CURRENT_PRIMARY,UNVERIFIED,UNVERIFIED,UNVERIFIED,UNVERIFIED,UNVERIFIED,UNVERIFIED,UNVERIFIED,UNVERIFIED,OPEN,200,https://solncevladoshkah.ru/sbory/aktivnye-sbory-i-programmy/kladovaya-dobra/,EXACT_NORMALIZED,EXACT_NORMALIZED,https://solncevladoshkah.ru/sbory/aktivnye-sbory-i-programmy/kladovaya-dobra/,YES,CURRENT_LOCATION_AND_SERVICE_REPORTED,UNVERIFIED_NO_LIVE_CHECK,UNVERIFIED,"Web sources cannot confirm a place, supplies, admission, or walk-in access today; contact the point before travel.",2026-09-26
Краснодарский край,станица Павловская,Фонд «Солнце в ладошках»,Кладовая добра,пункт выдачи вещей,НКО,"станица Павловская, ул. Гражданская, 12",+7 (989) 261-41-22,UNVERIFIED,UNVERIFIED,UNVERIFIED,https://solncevladoshkah.ru/sbory/aktivnye-sbory-i-programmy/kladovaya-dobra/,https://solncevladoshkah.ru/sbory/aktivnye-sbory-i-programmy/kladovaya-dobra/,UNVERIFIED,UNVERIFIED,UNVERIFIED,UNVERIFIED,RESTRICTIONS,RESTRICTIONS,UNVERIFIED,UNVERIFIED,UNVERIFIED,UNVERIFIED,UNVERIFIED,UNVERIFIED,UNVERIFIED,UNVERIFIED,"Фонд указывает пункт программы «Кладовая добра», где нуждающиеся получают вещи по предварительной записи. Примечание: Сведения с действующей страницы организации.",UNVERIFIED,UNVERIFIED,UNVERIFIED,UNVERIFIED,UNVERIFIED,UNVERIFIED,Бесплатная выдача вещей нуждающимся по предварительной записи,UNVERIFIED,UNVERIFIED,UNVERIFIED,UNVERIFIED,2026-09-25,VERIFIED_CURRENT_PRIMARY,UNVERIFIED,UNVERIFIED,UNVERIFIED,UNVERIFIED,UNVERIFIED,UNVERIFIED,UNVERIFIED,UNVERIFIED,OPEN,200,https://solncevladoshkah.ru/sbory/aktivnye-sbory-i-programmy/kladovaya-dobra/,EXACT_NORMALIZED,EXACT_NORMALIZED,https://solncevladoshkah.ru/sbory/aktivnye-sbory-i-programmy/kladovaya-dobra/,YES,CURRENT_LOCATION_AND_SERVICE_REPORTED,UNVERIFIED_NO_LIVE_CHECK,UNVERIFIED,"Web sources cannot confirm a place, supplies, admission, or walk-in access today; contact the point before travel.",2026-09-26
Красноярский край,Ачинск,Благотворительный проект «Тотемка» (АНО ФК «Тотем»),Ачинский пункт бесплатной выдачи вещей,пункт выдачи одежды и обуви,НКО,"3-й микрорайон, 22",+7 (983) 152-18-00,UNVERIFIED,UNVERIFIED,https://totemka.ru/,https://achmag.ru/?p=39441,https://achmag.ru/?p=39441; https://www.fctotem.ru/rabota-blagotvoritelnogo-proekta-totemka-stala-sistemnoj/; https://gnkk.ru/articles/podgotovilis-na-otlichno/,UNVERIFIED,UNVERIFIED,UNVERIFIED,UNVERIFIED,RESTRICTIONS,RESTRICTIONS,UNVERIFIED,UNVERIFIED,UNVERIFIED,UNVERIFIED,UNVERIFIED,UNVERIFIED,UNVERIFIED,UNVERIFIED,"Постоянный пункт бесплатной выдачи одежды и обуви разных размеров, игрушек и книг нуждающимся; для получения справки не нужны. Примечание: Первичный источник футбольного клуба подтверждает постоянный пункт и бесплатную выдачу в 2024, СМИ указывает физический адрес. Операция подтверждена региональным СМИ в 2025; точные часы уточнить по телефону.","Нуждающиеся жители Ачинска и района, прежде всего многодетные и малообеспеченные семьи.",Не нужны.,UNVERIFIED,UNVERIFIED,UNVERIFIED,UNVERIFIED,Бесплатно.,"Дважды в неделю: вторник до обеда, четверг после обеда; точные часы не указаны.",UNVERIFIED,UNVERIFIED,UNVERIFIED,2026-09-25,CURRENT_OPERATION_CONFIRMED_SERVICES_OLDER,UNVERIFIED,UNVERIFIED,UNVERIFIED,UNVERIFIED,UNVERIFIED,UNVERIFIED,UNVERIFIED,UNVERIFIED,OPEN,200,https://achmag.ru/?p=39441,LOOSE_REVIEW,LOOSE_REVIEW,https://achmag.ru/?p=39441,YES,CURRENT_OPERATION_SERVICE_DETAILS_OLDER,UNVERIFIED_NO_LIVE_CHECK,UNVERIFIED,"Web sources cannot confirm a place, supplies, admission, or walk-in access today; contact the point before travel.",2026-09-26
Красноярский край,Ачинск,Красноярское региональное отделение Российского Красного Креста,Пункт гуманитарной помощи — Ачинск,"гуманитарный центр, выдача вещей",НКО,"ул. Зверева, 91Б, ТЦ «Алфавит», цокольный этаж",UNVERIFIED,UNVERIFIED,UNVERIFIED,https://redcross24.ru/,https://redcross24.ru/projects/humanitarian-centre/,https://redcross24.ru/projects/humanitarian-centre/,UNVERIFIED,RESTRICTIONS,UNVERIFIED,UNVERIFIED,YES,UNVERIFIED,UNVERIFIED,UNVERIFIED,UNVERIFIED,UNVERIFIED,UNVERIFIED,UNVERIFIED,UNVERIFIED,UNVERIFIED,Одежда бесплатно раз в месяц для любого желающего; продукты при подтверждении статуса беженца или погорельца.,любой человек — одежда; беженцы и погорельцы — продукты,Желательно иметь документ для выдачи одежды; для продуктов требуется подтвердить статус.,UNVERIFIED,UNVERIFIED,UNVERIFIED,UNVERIFIED,бесплатно,Пн–Сб 09:30–17:30,UNVERIFIED,UNVERIFIED,UNVERIFIED,2026-09-25,VERIFIED_CURRENT_PRIMARY,UNVERIFIED,UNVERIFIED,UNVERIFIED,UNVERIFIED,UNVERIFIED,UNVERIFIED,UNVERIFIED,UNVERIFIED,OPEN,200,https://redcross24.ru/projects/humanitarian-centre/,LOOSE_REVIEW,LOOSE_REVIEW,https://redcross24.ru/projects/humanitarian-centre/,YES,CURRENT_LOCATION_AND_SERVICE_REPORTED,UNVERIFIED_NO_LIVE_CHECK,UNVERIFIED,"Web sources cannot confirm a place, supplies, admission, or walk-in access today; contact the point before travel.",2026-09-26
Красноярский край,Березовка,КГБУ СО «КЦСОН «Березовский»,Отделение срочного социального обслуживания / бесплатная вещeвая комната,отделение срочной социальной помощи,государственная,"ул. Береговая, 46, пом. 57",+7 (39175) 2-10-39,+7 (39175) 2-26-31,mukcson_ber@mail.ru,https://cso-ber.ru/,https://cso-ber.ru/отделение-срочного-социального-обсл/,https://cso-ber.ru/отделение-срочного-социального-обсл/,RESTRICTIONS,RESTRICTIONS,UNVERIFIED,UNVERIFIED,YES,YES,UNVERIFIED,UNVERIFIED,RESTRICTIONS,UNVERIFIED,UNVERIFIED,UNVERIFIED,UNVERIFIED,YES,"В отделении есть комната с бывшими в употреблении вещами, выдаваемыми обратившимся бесплатно; отделение оказывает помощь одеждой, обувью, средствами санитарии и гигиены, продуктовыми наборами, бесплатным горячим питанием или набором продуктов. Примечание: Не считать содействие в предоставлении жилья собственным ночлегом.","Малообеспеченные семьи, семьи с детьми-инвалидами, пострадавшие от пожара, пенсионеры и инвалиды с низким доходом.",UNVERIFIED,UNVERIFIED,UNVERIFIED,UNVERIFIED,UNVERIFIED,Вещевая помощь бесплатно; горячее питание указано как бесплатное.,"Пн–чт 09:00–18:00, пт 09:00–17:00, обед 13:00–13:48.",UNVERIFIED,UNVERIFIED,UNVERIFIED,2026-09-25,VERIFIED_CURRENT_PRIMARY,UNVERIFIED,UNVERIFIED,UNVERIFIED,UNVERIFIED,UNVERIFIED,UNVERIFIED,UNVERIFIED,UNVERIFIED,OPEN,200,https://cso-ber.ru/%D0%BE%D1%82%D0%B4%D0%B5%D0%BB%D0%B5%D0%BD%D0%B8%D0%B5-%D1%81%D1%80%D0%BE%D1%87%D0%BD%D0%BE%D0%B3%D0%BE-%D1%81%D0%BE%D1%86%D0%B8%D0%B0%D0%BB%D1%8C%D0%BD%D0%BE%D0%B3%D0%BE-%D0%BE%D0%B1%D1%81%D0%BB/,LOOSE_REVIEW,LOOSE_REVIEW,https://cso-ber.ru/отделение-срочного-социального-обсл/,YES,CURRENT_LOCATION_AND_SERVICE_REPORTED,UNVERIFIED_NO_LIVE_CHECK,UNVERIFIED,"Web sources cannot confirm a place, supplies, admission, or walk-in access today; contact the point before travel.",2026-09-26
Красноярский край,Ермаковское,КГБУ СО «КЦСОН «Ермаковский»,Отделение срочного социального обслуживания / пункт бесплатной выдачи вещей,отделение срочной социальной помощи,государственная,"ул. Ленина, 80А, 2 этаж",+7 (39138) 2-40-12,UNVERIFIED,vikulya.chirkova.95@mail.ru,https://kcson-erm.ru/,https://kcson-erm.ru/отделение-срочного-социального-обсл/,https://kcson-erm.ru/отделение-срочного-социального-обсл/,RESTRICTIONS,RESTRICTIONS,UNVERIFIED,UNVERIFIED,YES,YES,UNVERIFIED,UNVERIFIED,UNVERIFIED,UNVERIFIED,UNVERIFIED,UNVERIFIED,UNVERIFIED,YES,"Отделение оказывает срочную помощь: бесплатное горячее питание или набор продуктов; одежда, обувь и предметы первой необходимости. При отделении действует пункт приема и бесплатной выдачи бывших в употреблении одежды, обуви, посуды, белья. Примечание: Официальная страница с актуальными новостями сентября 2026. Содействие в предоставлении жилья не отмечено как собственный ночлег.","Граждане в трудной жизненной ситуации; пожилые люди и инвалиды, остро нуждающиеся в поддержке.",UNVERIFIED,UNVERIFIED,UNVERIFIED,UNVERIFIED,UNVERIFIED,Пункт выдачи вещей бесплатен; питание указано как бесплатное.,UNVERIFIED,UNVERIFIED,UNVERIFIED,UNVERIFIED,2026-09-25,VERIFIED_CURRENT_PRIMARY,UNVERIFIED,UNVERIFIED,UNVERIFIED,UNVERIFIED,UNVERIFIED,UNVERIFIED,UNVERIFIED,UNVERIFIED,OPEN,200,https://kcson-erm.ru/%D0%BE%D1%82%D0%B4%D0%B5%D0%BB%D0%B5%D0%BD%D0%B8%D0%B5-%D1%81%D1%80%D0%BE%D1%87%D0%BD%D0%BE%D0%B3%D0%BE-%D1%81%D0%BE%D1%86%D0%B8%D0%B0%D0%BB%D1%8C%D0%BD%D0%BE%D0%B3%D0%BE-%D0%BE%D0%B1%D1%81%D0%BB/,LOOSE_REVIEW,LOOSE_REVIEW,https://kcson-erm.ru/отделение-срочного-социального-обсл/,YES,CURRENT_LOCATION_AND_SERVICE_REPORTED,UNVERIFIED_NO_LIVE_CHECK,UNVERIFIED,"Web sources cannot confirm a place, supplies, admission, or walk-in access today; contact the point before travel.",2026-09-26
Красноярский край,Иланский,КГБУ СО «КЦСОН «Иланский»,Отделение срочного социального обслуживания,отделение срочной социальной помощи,государственная,"ул. Школьная, 23",+7 (39173) 3-23-09,+7 (39173) 3-23-08,ilanskzentr@mail.ru,https://kcson-ilan.ru/,https://kcson-ilan.ru/отделение-срочного-социального-обсл/,https://kcson-ilan.ru/отделение-срочного-социального-обсл/,RESTRICTIONS,RESTRICTIONS,UNVERIFIED,UNVERIFIED,RESTRICTIONS,RESTRICTIONS,UNVERIFIED,UNVERIFIED,UNVERIFIED,UNVERIFIED,UNVERIFIED,UNVERIFIED,UNVERIFIED,YES,"Отделение обеспечивает бесплатным горячим питанием или набором продуктов, одеждой, обувью и предметами первой необходимости граждан с острой нуждаемостью. Примечание: Официальная страница отделения без свежей даты, сайт и адрес действуют в 2026; для временного жилья указано только содействие.","Граждане, нуждающиеся в неотложной социальной помощи.",UNVERIFIED,UNVERIFIED,UNVERIFIED,UNVERIFIED,UNVERIFIED,Горячее питание указано как бесплатное; иные условия не раскрыты.,UNVERIFIED,UNVERIFIED,UNVERIFIED,UNVERIFIED,2026-09-25,PARTIAL_CURRENT,UNVERIFIED,UNVERIFIED,UNVERIFIED,UNVERIFIED,UNVERIFIED,UNVERIFIED,UNVERIFIED,UNVERIFIED,OPEN,200,https://kcson-ilan.ru/%D0%BE%D1%82%D0%B4%D0%B5%D0%BB%D0%B5%D0%BD%D0%B8%D0%B5-%D1%81%D1%80%D0%BE%D1%87%D0%BD%D0%BE%D0%B3%D0%BE-%D1%81%D0%BE%D1%86%D0%B8%D0%B0%D0%BB%D1%8C%D0%BD%D0%BE%D0%B3%D0%BE-%D0%BE%D0%B1%D1%81%D0%BB/,EXACT_NORMALIZED,EXACT_NORMALIZED,https://kcson-ilan.ru/отделение-срочного-социального-обсл/,YES,PARTIAL_CURRENT_REPORT,UNVERIFIED_NO_LIVE_CHECK,UNVERIFIED,"Web sources cannot confirm a place, supplies, admission, or walk-in access today; contact the point before travel.",2026-09-26
Красноярский край,Канск,КГБУ СО «КЦСОН «Восточный»,Отделение срочного социального обслуживания,отделение срочной социальной помощи,государственная,"4-й Центральный мкр., 22А",+7 (39161) 3-08-23,+7 (39161) 2-26-54,cso-kan@mail.ru,https://kcsonkrn.ru/,https://kcsonkrn.ru/struktura/,https://kcsonkrn.ru/struktura/,RESTRICTIONS,RESTRICTIONS,UNVERIFIED,UNVERIFIED,RESTRICTIONS,RESTRICTIONS,UNVERIFIED,UNVERIFIED,UNVERIFIED,UNVERIFIED,UNVERIFIED,UNVERIFIED,UNVERIFIED,YES,"Отделение оказывает неотложную помощь: бесплатное горячее питание или набор продуктов; одежда, обувь и предметы первой необходимости. Примечание: Это иной физический адрес, чем Канский центр социальной адаптации на ул. Линейной, 9А, стр. 1 из семи существующих строк.","Граждане, остро нуждающиеся в социальной поддержке.",UNVERIFIED,UNVERIFIED,UNVERIFIED,UNVERIFIED,UNVERIFIED,Горячее питание указано как бесплатное; условия вещевой помощи не уточнены.,UNVERIFIED,UNVERIFIED,UNVERIFIED,UNVERIFIED,2026-09-25,VERIFIED_CURRENT_PRIMARY,UNVERIFIED,UNVERIFIED,UNVERIFIED,UNVERIFIED,UNVERIFIED,UNVERIFIED,UNVERIFIED,UNVERIFIED,OPEN,200,https://kcsonkrn.ru/struktura/,EXACT_NORMALIZED,EXACT_NORMALIZED,https://kcsonkrn.ru/struktura/,YES,CURRENT_LOCATION_AND_SERVICE_REPORTED,UNVERIFIED_NO_LIVE_CHECK,UNVERIFIED,"Web sources cannot confirm a place, supplies, admission, or walk-in access today; contact the point before travel.",2026-09-26
Красноярский край,Красноярск,Красноярское региональное отделение Российского Красного Креста,Пункт гуманитарной помощи — Красноярск,"гуманитарный центр, выдача вещей",НКО,"пр. Мира, 7А, вход с торца",UNVERIFIED,UNVERIFIED,UNVERIFIED,https://redcross24.ru/,https://redcross24.ru/projects/humanitarian-centre/,https://redcross24.ru/projects/humanitarian-centre/,UNVERIFIED,RESTRICTIONS,UNVERIFIED,UNVERIFIED,YES,UNVERIFIED,UNVERIFIED,UNVERIFIED,UNVERIFIED,UNVERIFIED,UNVERIFIED,UNVERIFIED,UNVERIFIED,UNVERIFIED,Одежда бесплатно раз в месяц для любого желающего; продукты при подтверждении статуса беженца или погорельца.,любой человек — одежда; беженцы и погорельцы — продукты,Желательно иметь документ для выдачи одежды; для продуктов требуется подтвердить статус.,UNVERIFIED,UNVERIFIED,UNVERIFIED,UNVERIFIED,бесплатно,Пн–Пт 10:00–20:00; Сб 10:00–18:00,UNVERIFIED,UNVERIFIED,UNVERIFIED,2026-09-25,VERIFIED_CURRENT_PRIMARY,UNVERIFIED,UNVERIFIED,UNVERIFIED,UNVERIFIED,UNVERIFIED,UNVERIFIED,UNVERIFIED,UNVERIFIED,OPEN,200,https://redcross24.ru/projects/humanitarian-centre/,EXACT_NORMALIZED,EXACT_NORMALIZED,https://redcross24.ru/projects/humanitarian-centre/,YES,CURRENT_LOCATION_AND_SERVICE_REPORTED,UNVERIFIED_NO_LIVE_CHECK,UNVERIFIED,"Web sources cannot confirm a place, supplies, admission, or walk-in access today; contact the point before travel.",2026-09-26
Красноярский край,Красноярск,Благотворительный проект «Тотемка»,Пункт бесплатной выдачи вещей,пункт выдачи одежды,НКО,"ул. Коммунальная, 2Г, стр. 9, склад № 1",+7 (983) 152-18-00,UNVERIFIED,info@totemka.ru,UNVERIFIED,https://krasnoyarsk-zeml.ru/wp-content/uploads/2026/02/nkk_010_2026-02-13.pdf,https://krasnoyarsk-zeml.ru/wp-content/uploads/2026/02/nkk_010_2026-02-13.pdf; https://gnkk.ru/articles/podgotovilis-na-otlichno/; https://totemka.ru/faqs/; https://gnkk.ru/articles/podgotovilis-na-otlichno/,UNVERIFIED,UNVERIFIED,UNVERIFIED,UNVERIFIED,YES,YES,UNVERIFIED,UNVERIFIED,UNVERIFIED,UNVERIFIED,UNVERIFIED,UNVERIFIED,UNVERIFIED,UNVERIFIED,"Постоянный пункт бесплатной выдачи вещей; документы предъявлять не нужно. Нуждающиеся лично выбирают необходимые вещи не чаще одного раза в год. Примечание: Не путать с благотворительным МАГАЗИНОМ на пр. Красноярский рабочий, 120 и многочисленными боксами только для ПРИЁМА пожертвований.","Многодетные семьи, одинокие родители, пенсионеры, пострадавшие от пожара и люди в трудной жизненной ситуации.",Не требуются.,NO,UNVERIFIED,UNVERIFIED,UNVERIFIED,Бесплатно.,UNVERIFIED,UNVERIFIED,UNVERIFIED,UNVERIFIED,2026-09-25,CURRENT_OPERATION_CONFIRMED_SERVICES_OLDER,UNVERIFIED,UNVERIFIED,UNVERIFIED,UNVERIFIED,UNVERIFIED,UNVERIFIED,UNVERIFIED,UNVERIFIED,OPEN,200,https://krasnoyarsk-zeml.ru/wp-content/uploads/2026/02/nkk_010_2026-02-13.pdf,UNTESTED,UNTESTED,https://krasnoyarsk-zeml.ru/wp-content/uploads/2026/02/nkk_010_2026-02-13.pdf,YES,CURRENT_OPERATION_SERVICE_DETAILS_OLDER,UNVERIFIED_NO_LIVE_CHECK,UNVERIFIED,"Web sources cannot confirm a place, supplies, admission, or walk-in access today; contact the point before travel.",2026-09-26
Красноярский край,Минусинск,Красноярское региональное отделение Российского Красного Креста,Пункт гуманитарной помощи — Минусинск,"гуманитарный центр, выдача вещей",НКО,"ул. Тимирязева, 12",+7 (993) 723-73-80,UNVERIFIED,UNVERIFIED,https://redcross24.ru/,https://redcross24.ru/projects/humanitarian-centre/,https://redcross24.ru/projects/humanitarian-centre/,UNVERIFIED,RESTRICTIONS,UNVERIFIED,UNVERIFIED,YES,UNVERIFIED,UNVERIFIED,UNVERIFIED,UNVERIFIED,UNVERIFIED,UNVERIFIED,UNVERIFIED,UNVERIFIED,UNVERIFIED,Одежда бесплатно раз в месяц для любого желающего; продукты при подтверждении статуса беженца или погорельца.,любой человек — одежда; беженцы и погорельцы — продукты,Желательно иметь документ для выдачи одежды; для продуктов требуется подтвердить статус.,UNVERIFIED,UNVERIFIED,UNVERIFIED,UNVERIFIED,бесплатно,UNVERIFIED,UNVERIFIED,UNVERIFIED,UNVERIFIED,2026-09-25,VERIFIED_CURRENT_PRIMARY,UNVERIFIED,UNVERIFIED,UNVERIFIED,UNVERIFIED,UNVERIFIED,UNVERIFIED,UNVERIFIED,UNVERIFIED,OPEN,200,https://redcross24.ru/projects/humanitarian-centre/,EXACT_NORMALIZED,EXACT_NORMALIZED,https://redcross24.ru/projects/humanitarian-centre/,YES,CURRENT_LOCATION_AND_SERVICE_REPORTED,UNVERIFIED_NO_LIVE_CHECK,UNVERIFIED,"Web sources cannot confirm a place, supplies, admission, or walk-in access today; contact the point before travel.",2026-09-26
Красноярский край,Тея,КГБУ СО «КЦСОН «Северо-Енисейский»,Отделение срочного социального обслуживания,отделение срочной социальной помощи,государственная,"ул. Строителей, 1Б",+7 (39160) 23-0-23,UNVERIFIED,sozdom@bk.ru,https://sozdom.ru/,https://sozdom.ru/перечень-предоставляемых-услуг/,https://sozdom.ru/перечень-предоставляемых-услуг/; https://sozdom.ru/отделение-срочного-социал/,RESTRICTIONS,RESTRICTIONS,UNVERIFIED,UNVERIFIED,RESTRICTIONS,RESTRICTIONS,UNVERIFIED,UNVERIFIED,UNVERIFIED,UNVERIFIED,UNVERIFIED,UNVERIFIED,UNVERIFIED,YES,"Официальный перечень: обеспечение бесплатным горячим питанием или набором продуктов, одеждой, обувью и предметами первой необходимости; отделение оказывает срочные услуги гражданам, признанным нуждающимися. Примечание: По тому же адресу действует отделение временного проживания пожилых и инвалидов, но стоимость проживания отдельно не подтверждена, поэтому флаг shelter_temporary не установлен.",Малообеспеченные и другие граждане в трудной жизненной ситуации.,UNVERIFIED,UNVERIFIED,UNVERIFIED,UNVERIFIED,UNVERIFIED,Горячее питание указано как бесплатное; условия остальных услуг уточнять.,"Пн–пт 08:00–16:12, обед 12:00–13:00.",UNVERIFIED,UNVERIFIED,UNVERIFIED,2026-09-25,VERIFIED_CURRENT_PRIMARY,UNVERIFIED,UNVERIFIED,UNVERIFIED,UNVERIFIED,UNVERIFIED,UNVERIFIED,UNVERIFIED,UNVERIFIED,OPEN,200,https://sozdom.ru/%D0%BF%D0%B5%D1%80%D0%B5%D1%87%D0%B5%D0%BD%D1%8C-%D0%BF%D1%80%D0%B5%D0%B4%D0%BE%D1%81%D1%82%D0%B0%D0%B2%D0%BB%D1%8F%D0%B5%D0%BC%D1%8B%D1%85-%D1%83%D1%81%D0%BB%D1%83%D0%B3/,EXACT_NORMALIZED,EXACT_NORMALIZED,https://sozdom.ru/перечень-предоставляемых-услуг/,YES,CURRENT_LOCATION_AND_SERVICE_REPORTED,UNVERIFIED_NO_LIVE_CHECK,UNVERIFIED,"Web sources cannot confirm a place, supplies, admission, or walk-in access today; contact the point before travel.",2026-09-26
Красноярский край,Ужур,КГБУ СО «Комплексный центр социального обслуживания населения „Ужурский“»,Отделение срочного социального обслуживания,отделение срочной социальной помощи,государственная,"ул. Ленина, 41А",+7 (39156) 29-4-46,+7 (39156) 23-2-95,srochca@mail.ru,https://kcsonuzhur.ru/,http://kcsonuzhur.ru/onas/otdelenie-srochnogo-soczialnogo-obsluzhivaniya/,http://kcsonuzhur.ru/onas/otdelenie-srochnogo-soczialnogo-obsluzhivaniya/; https://kcsonuzhur.ru/pfhd/,RESTRICTIONS,RESTRICTIONS,UNVERIFIED,UNVERIFIED,RESTRICTIONS,RESTRICTIONS,UNVERIFIED,UNVERIFIED,UNVERIFIED,UNVERIFIED,UNVERIFIED,UNVERIFIED,UNVERIFIED,RESTRICTIONS,"Отделение выдаёт бесплатное горячее питание или набор продуктов, одежду, обувь и другие предметы первой необходимости; срочные услуги бесплатны при перечисленных обстоятельствах нуждаемости. Обращение лично на базе центра. Примечание: Адрес Ужурского центра указан в контактах официального сайта; отделение работает на базе центра. ПФХД на 2026 год подтверждает актуальную деятельность.","Граждане Ужурского района, остро нуждающиеся в социальной поддержке.",Заявление; подтверждающие документы при первом обращении (точный перечень на странице не уточнён).,UNVERIFIED,UNVERIFIED,UNVERIFIED,UNVERIFIED,Срочные услуги бесплатно при установленных обстоятельствах нуждаемости; центр также оказывает дополнительные платные услуги.,"Пн–Пт 09:00–18:00, перерыв 13:00–14:00.",UNVERIFIED,UNVERIFIED,UNVERIFIED,2026-09-25,VERIFIED_CURRENT_PRIMARY,UNVERIFIED,UNVERIFIED,UNVERIFIED,UNVERIFIED,UNVERIFIED,UNVERIFIED,UNVERIFIED,UNVERIFIED,OPEN,200,http://kcsonuzhur.ru/onas/otdelenie-srochnogo-soczialnogo-obsluzhivaniya/,NOT_IN_PRIMARY_TEXT,NOT_IN_PRIMARY_TEXT,http://kcsonuzhur.ru/onas/otdelenie-srochnogo-soczialnogo-obsluzhivaniya/,YES,CURRENT_LOCATION_AND_SERVICE_REPORTED,UNVERIFIED_NO_LIVE_CHECK,UNVERIFIED,"Web sources cannot confirm a place, supplies, admission, or walk-in access today; contact the point before travel.",2026-09-26
Красноярский край,Уяр,КГБУ СО «КЦСОН «Уярский»,Срочные социальные услуги,отделение срочной социальной помощи,государственная,"ул. Ленина, зд. 76",+7 (391) 222-48-15,UNVERIFIED,UNVERIFIED,https://kcsouyar.ru/,https://kcsouyar.ru/виды-социальных-услуг/,https://kcsouyar.ru/виды-социальных-услуг/; https://kcsouyar.ru/доступная-среда/,RESTRICTIONS,RESTRICTIONS,UNVERIFIED,UNVERIFIED,RESTRICTIONS,RESTRICTIONS,UNVERIFIED,UNVERIFIED,UNVERIFIED,UNVERIFIED,UNVERIFIED,UNVERIFIED,UNVERIFIED,YES,"Среди срочных услуг КЦСОН прямо перечислены бесплатное горячее питание или набор продуктов, обеспечение одеждой, обувью и предметами первой необходимости. Примечание: Общая страница учреждения называет адрес и действующие срочные услуги; отдельный адрес отделения не найден.","Нуждающиеся граждане, получатели срочных социальных услуг.",UNVERIFIED,UNVERIFIED,UNVERIFIED,UNVERIFIED,UNVERIFIED,Горячее питание указано как бесплатное; стоимость вещевой помощи не уточнена.,"Ежедневно 08:00–17:00, обед 12:00–13:00 по странице учреждения.",UNVERIFIED,UNVERIFIED,UNVERIFIED,2026-09-25,VERIFIED_CURRENT_PRIMARY,UNVERIFIED,UNVERIFIED,UNVERIFIED,UNVERIFIED,UNVERIFIED,UNVERIFIED,UNVERIFIED,UNVERIFIED,OPEN,200,https://kcsouyar.ru/%D0%B2%D0%B8%D0%B4%D1%8B-%D1%81%D0%BE%D1%86%D0%B8%D0%B0%D0%BB%D1%8C%D0%BD%D1%8B%D1%85-%D1%83%D1%81%D0%BB%D1%83%D0%B3/,NOT_IN_PRIMARY_TEXT,EXACT_NORMALIZED,https://kcsouyar.ru/доступная-среда/,YES,CURRENT_LOCATION_AND_SERVICE_REPORTED,UNVERIFIED_NO_LIVE_CHECK,UNVERIFIED,"Web sources cannot confirm a place, supplies, admission, or walk-in access today; contact the point before travel.",2026-09-26
Курганская область,Курган,ГАУ «Центр социального обслуживания № 1»,Отделение срочного социального обслуживания и социальной реабилитации,отделение срочной социальной помощи,государственная,"ул. Красина, 70",+7 (3522) 41-12-71,+7 (3522) 43-13-34,csogpvi@mail.ru,https://sz226.gov45.ru/,https://sz226.gov45.ru/company/,https://sz226.gov45.ru/company/; https://sz226.gov45.ru/otdeleniya/otdelenie-srochnogo-sotsialnogo-obsluzhivaniya-i-sotsialnoy-reabilitatsii/; https://sz226.gov45.ru/informatsiya-o-deyatelnosti/materialno-tekhnicheskoe-obespechenie/,UNVERIFIED,RESTRICTIONS,UNVERIFIED,UNVERIFIED,RESTRICTIONS,RESTRICTIONS,UNVERIFIED,UNVERIFIED,UNVERIFIED,UNVERIFIED,UNVERIFIED,UNVERIFIED,YES,RESTRICTIONS,"Официальная страница учреждения указывает ул. Красина, 70 как физический адрес отделения срочного социального обслуживания и социальной реабилитации. Ул. Станционная, 44А — адрес администрации. Отделение предоставляет срочные услуги, включая продуктовые наборы, одежду и предметы первой необходимости; на сайте подтверждено помещение для хранения и выдачи одежды и товаров первой необходимости. Наличие наборов и вещей сегодня не указано.","Граждане, оказавшиеся в трудной жизненной ситуации, с учетом индивидуальной нуждаемости.",UNVERIFIED,UNVERIFIED,UNVERIFIED,UNVERIFIED,UNVERIFIED,Официальный перечень называет питание бесплатным; плата за выдачу одежды не указана.,Пн–чт 08:00–17:00; пт 08:00–16:00; сб–вс закрыто,UNVERIFIED,UNVERIFIED,https://sz226.gov45.ru/company/,2026-09-25,PARTIAL_CURRENT_PRIMARY_LINK_UNAVAILABLE,UNVERIFIED,UNVERIFIED,UNVERIFIED,UNVERIFIED,UNVERIFIED,UNVERIFIED,UNVERIFIED,UNVERIFIED,TLS_ERROR,,,UNTESTED,UNTESTED,https://sz226.gov45.ru/company/,NO,PARTIAL_CURRENT_REPORT,UNVERIFIED_NO_LIVE_CHECK,UNVERIFIED,"Web sources cannot confirm a place, supplies, admission, or walk-in access today; contact the point before travel.",2026-09-26
Курганская область,Курган,Приход Святой Троицы Курганской епархии,Социальный пункт «Сквер милосердия»,постоянный павильон бесплатного питания и выдачи одежды,религиозная,"ул. Станционная, сквер между домами 50 и 54, напротив пригородного вокзала",UNVERIFIED,UNVERIFIED,UNVERIFIED,https://kurganvera.ru/,https://milmedia.ru/skver-miloserdiya-v-kurgane-mesto-spaseniya-dlya-lyudej-okazavshikhsya-v-trudnoj-zhiznennoj-situatsii,https://milmedia.ru/skver-miloserdiya-v-kurgane-mesto-spaseniya-dlya-lyudej-okazavshikhsya-v-trudnoj-zhiznennoj-situatsii; https://xn--80afcdbalict6afooklqi5o.xn--p1ai/public/application/item?id=5daaaaa3-e911-467e-b6c7-f9dbdae46ce0,YES,UNVERIFIED,UNVERIFIED,UNVERIFIED,YES,YES,UNVERIFIED,UNVERIFIED,UNVERIFIED,UNVERIFIED,UNVERIFIED,UNVERIFIED,UNVERIFIED,UNVERIFIED,"Материал от 12.08.2026 называет точное расположение павильона — на Станционной между домами 50 и 54, напротив пригородного вокзала; пн–сб 14:00–16:00 раздают бесплатные горячие обеды всем обратившимся. При каждом кормлении также выдают одежду и обувь по сезону. Приход подтвердил работу проекта с июля 2026 года.","Все нуждающиеся, в том числе бездомные; организаторы говорят, что никому не отказывают.",UNVERIFIED,UNVERIFIED,UNVERIFIED,UNVERIFIED,UNVERIFIED,Бесплатно.,Пн–сб 14:00–16:00 по публикации августа 2026 года.,Пн–сб 14:00–16:00 по публикации августа 2026 года.,UNVERIFIED,https://milmedia.ru/skver-miloserdiya-v-kurgane-mesto-spaseniya-dlya-lyudej-okazavshikhsya-v-trudnoj-zhiznennoj-situatsii,2026-09-25,VERIFIED_CURRENT_MEDIA,UNVERIFIED,UNVERIFIED,UNVERIFIED,UNVERIFIED,UNVERIFIED,UNVERIFIED,UNVERIFIED,UNVERIFIED,OPEN,200,https://milmedia.ru/skver-miloserdiya-v-kurgane-mesto-spaseniya-dlya-lyudej-okazavshikhsya-v-trudnoj-zhiznennoj-situatsii,LOOSE_REVIEW,LOOSE_REVIEW,https://milmedia.ru/skver-miloserdiya-v-kurgane-mesto-spaseniya-dlya-lyudej-okazavshikhsya-v-trudnoj-zhiznennoj-situatsii,YES,CURRENT_LOCATION_AND_SERVICE_REPORTED,UNVERIFIED_NO_LIVE_CHECK,UNVERIFIED,"Web sources cannot confirm a place, supplies, admission, or walk-in access today; contact the point before travel.",2026-09-26
Курская область,Курск,Патриаршая гуманитарная миссия,Центр помощи в Курске,центр гуманитарной помощи,религиозная НКО,"ул. Горького, 13/2, территория Свято-Троицкого монастыря",8 (920) 707-14-25,UNVERIFIED,UNVERIFIED,https://xn--j1aarei.xn--90abhdb1bnbg7frc.xn--p1ai/,https://xn--j1aarei.xn--90abhdb1bnbg7frc.xn--p1ai/branch/czentr-pomoshhi-v-kurske/,https://xn--j1aarei.xn--90abhdb1bnbg7frc.xn--p1ai/branch/czentr-pomoshhi-v-kurske/; https://xn--90abhdb1bnbg7frc.xn--p1ai/help-types/,UNVERIFIED,RESTRICTIONS,UNVERIFIED,UNVERIFIED,RESTRICTIONS,UNVERIFIED,UNVERIFIED,UNVERIFIED,RESTRICTIONS,UNVERIFIED,UNVERIFIED,UNVERIFIED,UNVERIFIED,UNVERIFIED,"Предметы первой необходимости, продукты, средства гигиены, одежда и бытовые вещи для вынужденных переселенцев.","Вынужденные переселенцы, беженцы и жители пострадавших приграничных территорий",UNVERIFIED,UNVERIFIED,UNVERIFIED,UNVERIFIED,UNVERIFIED,Безвозмездно для пострадавших (официальная страница видов помощи миссии).,вт–чт 09:00–13:00,UNVERIFIED,UNVERIFIED,UNVERIFIED,2026-09-25,VERIFIED_CURRENT_PRIMARY,UNVERIFIED,UNVERIFIED,UNVERIFIED,UNVERIFIED,UNVERIFIED,UNVERIFIED,UNVERIFIED,UNVERIFIED,OPEN,200,https://xn--j1aarei.xn--90abhdb1bnbg7frc.xn--p1ai/branch/czentr-pomoshhi-v-kurske/,EXACT_NORMALIZED,EXACT_NORMALIZED,https://xn--j1aarei.xn--90abhdb1bnbg7frc.xn--p1ai/branch/czentr-pomoshhi-v-kurske/,YES,CURRENT_LOCATION_AND_SERVICE_REPORTED,UNVERIFIED_NO_LIVE_CHECK,UNVERIFIED,"Web sources cannot confirm a place, supplies, admission, or walk-in access today; contact the point before travel.",2026-09-26
Курская область,слобода Михайловка,ОБУСО «Железногорский межрайонный комплексный центр социального обслуживания населения Курской области»,Отделение организации и предоставления социальной помощи гражданам в трудной жизненной ситуации,отделение срочной социальной помощи,государственная,"ул. Строительная, 7А",+7 (47148) 5-45-64,+7 (47148) 5-46-07; +7 (47148) 5-43-51,ogusom@yandex.ru,https://кцсон-железногорский.рф/,https://xn----ftbfadiiibghuggib8afn9f.xn--p1ai/index.php/struktura/otdelenie-srochnogo-sotsialnogo-obsluzhivaniya,https://xn----ftbfadiiibghuggib8afn9f.xn--p1ai/index.php/struktura/otdelenie-srochnogo-sotsialnogo-obsluzhivaniya; https://mso.kursk.ru/about/page-87187/; https://check.tochka.com/company/1024601220445/,YES,YES,UNVERIFIED,UNVERIFIED,YES,YES,UNVERIFIED,UNVERIFIED,UNVERIFIED,UNVERIFIED,UNVERIFIED,UNVERIFIED,YES,YES,"Сайт учреждения указывает предоставление бесплатного горячего питания или набора продуктов, одежды, обуви и других предметов первой необходимости; содействие в получении временного жилого помещения. Это содействие не подтверждает ночлег по этому адресу. Примечание: Действующее учреждение в 2026 году подтверждено записью о юрлице; конкретный перечень помощи опубликован на собственном сайте учреждения без указанной даты. Министерство и собственный сайт указывают адрес 7А; юридический реестр указывает 7, поэтому перед визитом лучше уточнить корпус по телефону.","Граждане в трудной жизненной ситуации, признанные нуждающимися в социальных услугах; конкретный порядок обращения нужно уточнять.",UNVERIFIED,UNVERIFIED,UNVERIFIED,UNVERIFIED,UNVERIFIED,Горячее питание или продуктовый набор прямо названы бесплатными; стоимость прочих срочных услуг отдельно не указана.,"Пн–Пт 08:00–17:00, перерыв 12:00–13:00 (страница министерства 2022 года; текущий режим уточнять).",UNVERIFIED,UNVERIFIED,UNVERIFIED,2026-09-25,CURRENT_OPERATION_CONFIRMED_SERVICES_OLDER,UNVERIFIED,UNVERIFIED,UNVERIFIED,UNVERIFIED,UNVERIFIED,UNVERIFIED,UNVERIFIED,UNVERIFIED,OPEN,200,https://xn----ftbfadiiibghuggib8afn9f.xn--p1ai/index.php/struktura/otdelenie-srochnogo-sotsialnogo-obsluzhivaniya,LOOSE_REVIEW,LOOSE_REVIEW,https://xn----ftbfadiiibghuggib8afn9f.xn--p1ai/index.php/struktura/otdelenie-srochnogo-sotsialnogo-obsluzhivaniya,YES,CURRENT_OPERATION_SERVICE_DETAILS_OLDER,UNVERIFIED_NO_LIVE_CHECK,UNVERIFIED,"Web sources cannot confirm a place, supplies, admission, or walk-in access today; contact the point before travel.",2026-09-26
Ленинградская область,Гатчина,БФ «Благо Дари»,Центр социальной адаптации бездомных «Отдушина» и гуманитарный склад,центр дневной бытовой помощи и выдачи вещей,НКО,"ул. Красная, 1В, территория Покровского собора",+7 (903) 099-54-54,UNVERIFIED,UNVERIFIED,https://blagodari.org/,https://gatchina47.ru/news/23455-segodnja-den-bezdomnogo-cheloveka-podderzhite-teh-kto-pomogaet.html,https://blagodari.org/%D0%BA%D0%B0%D0%BA-%D0%BF%D0%BE%D0%BB%D1%83%D1%87%D0%B8%D1%82%D1%8C-%D0%BF%D0%BE%D0%BC%D0%BE%D1%89%D1%8C/; https://blagodari.org/%D0%BE-%D0%BD%D0%B0%D1%81/csa_otdushina/; https://yandex.com/maps/org/blago_dari/26341184685/; https://gatchina47.ru/news/23455-segodnja-den-bezdomnogo-cheloveka-podderzhite-teh-kto-pomogaet.html,UNVERIFIED,YES,UNVERIFIED,UNVERIFIED,YES,UNVERIFIED,YES,YES,UNVERIFIED,UNVERIFIED,UNVERIFIED,YES,UNVERIFIED,YES,"Фонд оказывает продуктовую и вещевую помощь при личном обращении по адресу Красная, 1В; расположенный рядом на той же территории центр «Отдушина» позволяет бездомным принять душ, постирать и заменить одежду, получить консультацию социального работника. Центр открыт вт и сб 12:00–17:00; офис фонда пн, ср, сб 12:00–17:00.",Люди в трудной жизненной ситуации; бездомные и малоимущие для услуг «Отдушины».,UNVERIFIED,UNVERIFIED,UNVERIFIED,UNVERIFIED,UNVERIFIED,Благотворительная помощь; плата за перечисленные услуги не указана,"Офис фонда: пн, ср, сб 12:00–17:00. Центр «Отдушина»: вт, сб 12:00–17:00.",UNVERIFIED,UNVERIFIED,https://blagodari.org/%D0%BA%D0%B0%D0%BA-%D0%BF%D0%BE%D0%BB%D1%83%D1%87%D0%B8%D1%82%D1%8C-%D0%BF%D0%BE%D0%BC%D0%BE%D1%89%D1%8C/,2026-09-25,CURRENT_OPERATION_CONFIRMED_SERVICES_OLDER,UNVERIFIED,UNVERIFIED,UNVERIFIED,UNVERIFIED,UNVERIFIED,UNVERIFIED,UNVERIFIED,UNVERIFIED,OPEN,200,https://gatchina47.ru/news/23455-segodnja-den-bezdomnogo-cheloveka-podderzhite-teh-kto-pomogaet.html,EXACT_NORMALIZED,EXACT_NORMALIZED,https://gatchina47.ru/news/23455-segodnja-den-bezdomnogo-cheloveka-podderzhite-teh-kto-pomogaet.html,YES,CURRENT_OPERATION_SERVICE_DETAILS_OLDER,UNVERIFIED_NO_LIVE_CHECK,UNVERIFIED,"Web sources cannot confirm a place, supplies, admission, or walk-in access today; contact the point before travel.",2026-09-26
Ленинградская область,Гатчина,БФ «Благо Дари»,Уличная раздача горячей еды у станции «Татьянино»,регулярный пункт бесплатного питания,НКО,"ул. Чехова, подземный переход железнодорожной станции «Татьянино»",+7 (903) 099-54-54,UNVERIFIED,UNVERIFIED,https://blagodari.org/,https://dobro.ru/project/31088,https://dobro.ru/project/31088; https://svirskie-ogni.ru/news/volontyery-poryadka/; https://blagodari.org/%D0%BA%D0%B0%D0%BA-%D0%BF%D0%BE%D0%BB%D1%83%D1%87%D0%B8%D1%82%D1%8C-%D0%BF%D0%BE%D0%BC%D0%BE%D1%89%D1%8C/,YES,UNVERIFIED,UNVERIFIED,UNVERIFIED,UNVERIFIED,UNVERIFIED,UNVERIFIED,UNVERIFIED,UNVERIFIED,UNVERIFIED,UNVERIFIED,UNVERIFIED,UNVERIFIED,UNVERIFIED,"Фонд раздаёт горячую еду бездомным и малоимущим у подземного перехода станции «Татьянино» на ул. Чехова по понедельникам, средам и субботам с 19:00 до 19:30.",Бездомные и малоимущие люди.,UNVERIFIED,UNVERIFIED,UNVERIFIED,UNVERIFIED,UNVERIFIED,Бесплатно,UNVERIFIED,UNVERIFIED,UNVERIFIED,https://dobro.ru/project/31088,2026-09-25,CURRENT_OPERATION_CONFIRMED_SERVICES_OLDER,UNVERIFIED,UNVERIFIED,UNVERIFIED,UNVERIFIED,UNVERIFIED,UNVERIFIED,UNVERIFIED,UNVERIFIED,OPEN,200,https://dobro.ru/project/31088,NOT_IN_PRIMARY_TEXT,NOT_IN_PRIMARY_TEXT,https://dobro.ru/project/31088,YES,CURRENT_OPERATION_SERVICE_DETAILS_OLDER,UNVERIFIED_NO_LIVE_CHECK,UNVERIFIED,"Web sources cannot confirm a place, supplies, admission, or walk-in access today; contact the point before travel.",2026-09-26
Липецкая область,Липецк,Благотворительный фонд социальной защиты «Милосердие»,Выдача детского питания по программе «Время добра»,пункт выдачи продуктовых наборов,НКО,"ул. 50 лет НЛМК, 11а",+7 (900) 598-07-08,UNVERIFIED,UNVERIFIED,https://miloserdie.nlmk.com/,https://asi.org.ru/report/2026/02/24/fond-miloserdie-peredal-semyam-230-tonn-detskogo-pitaniya/,https://asi.org.ru/report/2026/02/24/fond-miloserdie-peredal-semyam-230-tonn-detskogo-pitaniya/; https://miloserdie.nlmk.com/news/gotovimsya-k-shkole-vmeste2026/,UNVERIFIED,RESTRICTIONS,UNVERIFIED,UNVERIFIED,UNVERIFIED,UNVERIFIED,UNVERIFIED,UNVERIFIED,UNVERIFIED,UNVERIFIED,UNVERIFIED,UNVERIFIED,UNVERIFIED,UNVERIFIED,"По программе «Время добра» безвозмездно выдают продуктовые наборы с детским питанием: молочные продукты, печенье, соки. Выдача после обращения родителей и предоставления документов в офисе фонда по данному адресу. Примечание: НКО прямо подтвердила АСИ в феврале 2026 безвозмездную выдачу детского питания по этому адресу; сайт фонда в августе 2026 подтверждает адрес и рабочее время.",Малообеспеченные семьи с детьми,Перечень документов требуется; состав для продуктовой программы уточнить по телефону,UNVERIFIED,UNVERIFIED,UNVERIFIED,UNVERIFIED,Бесплатно для участников программы,"Пн–Пт 08:00–16:00, перерыв 12:00–12:48 (режим приёма фонда по статье об акции 2026; для продуктовых наборов уточнить)",UNVERIFIED,UNVERIFIED,UNVERIFIED,2026-09-25,VERIFIED_CURRENT_PRIMARY,UNVERIFIED,UNVERIFIED,UNVERIFIED,UNVERIFIED,UNVERIFIED,UNVERIFIED,UNVERIFIED,UNVERIFIED,OPEN,200,https://asi.org.ru/report/2026/02/24/fond-miloserdie-peredal-semyam-230-tonn-detskogo-pitaniya/,LOOSE_REVIEW,LOOSE_REVIEW,https://asi.org.ru/report/2026/02/24/fond-miloserdie-peredal-semyam-230-tonn-detskogo-pitaniya/,YES,CURRENT_LOCATION_AND_SERVICE_REPORTED,UNVERIFIED_NO_LIVE_CHECK,UNVERIFIED,"Web sources cannot confirm a place, supplies, admission, or walk-in access today; contact the point before travel.",2026-09-26
Луганская Народная Республика,Лисичанск,Патриаршая гуманитарная миссия,Центр помощи в Лисичанск,гуманитарный центр,религиозная благотворительная организация,"ул. Комсомольская (Грушевского), 2",+7 (991) 579-15-86,UNVERIFIED,UNVERIFIED,https://xn--90abhdb1bnbg7frc.xn--p1ai/,https://xn--90abhdb1bnbg7frc.xn--p1ai/branch/czentr-v-lisichanske/,https://xn--90abhdb1bnbg7frc.xn--p1ai/branch/czentr-v-lisichanske/; https://xn--90abhdb1bnbg7frc.xn--p1ai/necessary/; https://patriarchia.ru/ua/document/119005; https://xn--90abhdb1bnbg7frc.xn--p1ai/help-types/,YES,UNVERIFIED,UNVERIFIED,UNVERIFIED,YES,UNVERIFIED,YES,YES,UNVERIFIED,UNVERIFIED,UNVERIFIED,UNVERIFIED,UNVERIFIED,YES,"В центре оказывают гуманитарную помощь, действуют душевой комплекс и прачечная; благотворительная трапезная подтверждена сообщением Патриархии за декабрь 2025 года.","пострадавшие мирные жители, беженцы, нуждающиеся семьи",UNVERIFIED,UNVERIFIED,UNVERIFIED,UNVERIFIED,UNVERIFIED,Безвозмездно для пострадавших (официальная страница видов помощи миссии).,UNVERIFIED,UNVERIFIED,UNVERIFIED,UNVERIFIED,2026-09-25,PARTIAL_CURRENT,UNVERIFIED,UNVERIFIED,UNVERIFIED,UNVERIFIED,UNVERIFIED,UNVERIFIED,UNVERIFIED,UNVERIFIED,OPEN,200,https://xn--90abhdb1bnbg7frc.xn--p1ai/branch/czentr-v-lisichanske/,EXACT_NORMALIZED,EXACT_NORMALIZED,https://xn--90abhdb1bnbg7frc.xn--p1ai/branch/czentr-v-lisichanske/,YES,PARTIAL_CURRENT_REPORT,UNVERIFIED_NO_LIVE_CHECK,UNVERIFIED,"Web sources cannot confirm a place, supplies, admission, or walk-in access today; contact the point before travel.",2026-09-26
Луганская Народная Республика,Северодонецк,Патриаршая гуманитарная миссия,Центр помощи в Северодонецк,гуманитарный центр,религиозная благотворительная организация,"ул. Энергетиков, 35, храм иконы Божией Матери «Умиление»",UNVERIFIED,UNVERIFIED,UNVERIFIED,https://xn--90abhdb1bnbg7frc.xn--p1ai/,https://xn--90abhdb1bnbg7frc.xn--p1ai/branch/czentr-pomoshhi-v-severodoneczke/,https://xn--90abhdb1bnbg7frc.xn--p1ai/branch/czentr-pomoshhi-v-severodoneczke/; https://xn--90abhdb1bnbg7frc.xn--p1ai/necessary/; https://xn--90abhdb1bnbg7frc.xn--p1ai/help-types/,UNVERIFIED,UNVERIFIED,UNVERIFIED,UNVERIFIED,UNVERIFIED,UNVERIFIED,UNVERIFIED,UNVERIFIED,UNVERIFIED,UNVERIFIED,UNVERIFIED,UNVERIFIED,UNVERIFIED,YES,При храме оборудованы склад и зона приёма; волонтёры распределяют гуманитарные грузы и помогают нуждающимся.,"пострадавшие мирные жители, беженцы, нуждающиеся семьи",UNVERIFIED,UNVERIFIED,UNVERIFIED,UNVERIFIED,UNVERIFIED,Безвозмездно для пострадавших (официальная страница видов помощи миссии).,"Пн, Ср, Пт 09:00–12:00",UNVERIFIED,UNVERIFIED,UNVERIFIED,2026-09-25,PARTIAL_CURRENT,UNVERIFIED,UNVERIFIED,UNVERIFIED,UNVERIFIED,UNVERIFIED,UNVERIFIED,UNVERIFIED,UNVERIFIED,OPEN,200,https://xn--90abhdb1bnbg7frc.xn--p1ai/branch/czentr-pomoshhi-v-severodoneczke/,LOOSE_REVIEW,LOOSE_REVIEW,https://xn--90abhdb1bnbg7frc.xn--p1ai/branch/czentr-pomoshhi-v-severodoneczke/,YES,PARTIAL_CURRENT_REPORT,UNVERIFIED_NO_LIVE_CHECK,UNVERIFIED,"Web sources cannot confirm a place, supplies, admission, or walk-in access today; contact the point before travel.",2026-09-26
Магаданская область,Магадан,АНО «Колыма — За Жизнь»,Магаданский епархиальный гуманитарный центр,гуманитарный центр НКО,"НКО, религиозный проект","ул. Парковая, 9/12, вход через часовню святого Пантелеимона",+7 (914) 035-90-91,+7 (914) 858-90-02,kolymazhizn@yandex.ru,https://kolyma-za-zhizn.ru/,https://kolyma-za-zhizn.ru/,https://kolyma-za-zhizn.ru/; https://kolyma-za-zhizn.ru/2026/01/page/2/; https://kolyma-za-zhizn.ru/магаданский-епархиальный-гуманитарн/; https://kolyma-za-zhizn.ru/в-рамках-акции-добрый-пакет-семьи-с-де/; https://kolyma-za-zhizn.ru/about_as/; https://www.nko49.ru/nko-oblasti/blagotvoritelnye-nko/avtonomnaja-nekommercheskaja-organizacija-kolyma-za-zhizn-ano-kolyma-za-zhizn/,UNVERIFIED,RESTRICTIONS,UNVERIFIED,UNVERIFIED,RESTRICTIONS,RESTRICTIONS,UNVERIFIED,UNVERIFIED,UNVERIFIED,UNVERIFIED,UNVERIFIED,UNVERIFIED,UNVERIFIED,UNVERIFIED,"На официальном сайте 26.01.2026 гуманитарный центр подтверждает действующую выдачу вещевой и продуктовой помощи. Продуктовые наборы программы «Добрый пакет» выдают еженедельно в самом центре. Помощь прежде всего беременным и семьям с детьми в трудной жизненной ситуации; ранее подтверждена выдача детской и женской одежды и обуви. Примечание: Адрес и телефон опубликованы на действующей странице того же сайта. График выдачи не найден; для визита лучше звонить. Кризисная квартира фонда не добавлена отдельно, поскольку ее адрес не раскрыт.",Приоритетно беременные женщины и семьи с детьми в трудной жизненной ситуации; также иногда одинокие пенсионеры и люди с инвалидностью.,UNVERIFIED,UNVERIFIED,UNVERIFIED,UNVERIFIED,UNVERIFIED,Благотворительная выдача пожертвованных вещей и продуктовых наборов; платы с получателей на официальном сайте не указано.,UNVERIFIED,UNVERIFIED,UNVERIFIED,UNVERIFIED,2026-09-25,VERIFIED_CURRENT_PRIMARY,UNVERIFIED,UNVERIFIED,UNVERIFIED,UNVERIFIED,UNVERIFIED,UNVERIFIED,UNVERIFIED,UNVERIFIED,OPEN,200,https://kolyma-za-zhizn.ru/,NOT_IN_PRIMARY_TEXT,NOT_IN_PRIMARY_TEXT,https://kolyma-za-zhizn.ru/,YES,CURRENT_LOCATION_AND_SERVICE_REPORTED,UNVERIFIED_NO_LIVE_CHECK,UNVERIFIED,"Web sources cannot confirm a place, supplies, admission, or walk-in access today; contact the point before travel.",2026-09-26
Москва,Москва,БФ Сельскохозяйственный приют Новая жизнь,Постоянная точка раздачи на Ярославском шоссе,фиксированная точка мобильной бесплатной раздачи,НКО,"Ярославское шоссе, 9, стоянка",+7 (905) 145-61-77,UNVERIFIED,newlife@spriut.ru,https://www.spriut.ru/,https://www.spriut.ru/питание-бездомных/,https://www.spriut.ru/питание-бездомных/; https://t-j.ru/short/obed-darom/,YES,UNVERIFIED,UNVERIFIED,UNVERIFIED,YES,UNVERIFIED,UNVERIFIED,UNVERIFIED,YES,UNVERIFIED,RESTRICTIONS,UNVERIFIED,UNVERIFIED,UNVERIFIED,"Волонтёры регулярно раздают на стоянке горячую еду, одежду и средства гигиены; медик-волонтёр оказывает первую помощь. Примечание: Фиксированная повторяющаяся остановка мобильного проекта по одному адресу; не приют.",Бездомные и другие нуждающиеся.,UNVERIFIED,UNVERIFIED,UNVERIFIED,UNVERIFIED,UNVERIFIED,Бесплатно.,Среда и пятница 11:00–13:00 по публикации 2026 года; официальный сайт также указывает субботу без времени.,Среда и пятница 11:00–13:00 по публикации 2026 года; субботу уточнить по телефону.,UNVERIFIED,https://www.spriut.ru/питание-бездомных/,2026-09-25,VERIFIED_CURRENT_PRIMARY,UNVERIFIED,UNVERIFIED,UNVERIFIED,UNVERIFIED,UNVERIFIED,UNVERIFIED,UNVERIFIED,UNVERIFIED,OPEN,200,https://www.spriut.ru/%D0%BF%D0%B8%D1%82%D0%B0%D0%BD%D0%B8%D0%B5-%D0%B1%D0%B5%D0%B7%D0%B4%D0%BE%D0%BC%D0%BD%D1%8B%D1%85/,NOT_IN_PRIMARY_TEXT,NOT_IN_PRIMARY_TEXT,https://www.spriut.ru/питание-бездомных/,YES,CURRENT_LOCATION_AND_SERVICE_REPORTED,UNVERIFIED_NO_LIVE_CHECK,UNVERIFIED,"Web sources cannot confirm a place, supplies, admission, or walk-in access today; contact the point before travel.",2026-09-26
Москва,Москва,Патриаршая гуманитарная миссия,Центр помощи в Москве,центр гуманитарной помощи,религиозная НКО,"ул. Николоямская, 49, стр. 3",8 (499) 961-01-50,UNVERIFIED,UNVERIFIED,https://xn--j1aarei.xn--90abhdb1bnbg7frc.xn--p1ai/,https://xn--j1aarei.xn--90abhdb1bnbg7frc.xn--p1ai/branch/moskova/,https://xn--j1aarei.xn--90abhdb1bnbg7frc.xn--p1ai/branch/moskova/; https://www.miloserdie.ru/news/v-moskve-prodolzhaetsya-sbor-kancztovarov-dlya-detej-bezhenczev-i-maloobespechennyh-semej/; https://xn--90abhdb1bnbg7frc.xn--p1ai/help-types/,UNVERIFIED,RESTRICTIONS,UNVERIFIED,UNVERIFIED,RESTRICTIONS,UNVERIFIED,UNVERIFIED,UNVERIFIED,RESTRICTIONS,UNVERIFIED,UNVERIFIED,RESTRICTIONS,RESTRICTIONS,UNVERIFIED,"Продукты, средства гигиены, бытовая химия, одежда, помощь в оформлении документов и правовая помощь.","Вынужденные переселенцы, беженцы и жители пострадавших приграничных территорий",UNVERIFIED,UNVERIFIED,UNVERIFIED,UNVERIFIED,UNVERIFIED,Безвозмездно для пострадавших (официальная страница видов помощи миссии).,пн–сб 10:00–18:00,UNVERIFIED,UNVERIFIED,UNVERIFIED,2026-09-25,VERIFIED_CURRENT_PRIMARY,UNVERIFIED,UNVERIFIED,UNVERIFIED,UNVERIFIED,UNVERIFIED,UNVERIFIED,UNVERIFIED,UNVERIFIED,OPEN,200,https://xn--j1aarei.xn--90abhdb1bnbg7frc.xn--p1ai/branch/moskova/,LOOSE_REVIEW,LOOSE_REVIEW,https://xn--j1aarei.xn--90abhdb1bnbg7frc.xn--p1ai/branch/moskova/,YES,CURRENT_LOCATION_AND_SERVICE_REPORTED,UNVERIFIED_NO_LIVE_CHECK,UNVERIFIED,"Web sources cannot confirm a place, supplies, admission, or walk-in access today; contact the point before travel.",2026-09-26
Москва,Москва,Благотворительный фонд имени Елизаветы Глинки Доктор Лиза,Офис выдачи разовой бытовой помощи,благотворительный фонд; пункт выдачи,НКО,"ул. Пятницкая, 18, стр. 3, 1-й этаж",+7 (926) 531-90-28,UNVERIFIED,info@liza.fund,https://liza.fund/,https://liza.fund/esli-vam-nuzhna-pomoshh/,https://liza.fund/esli-vam-nuzhna-pomoshh/,UNVERIFIED,YES,UNVERIFIED,UNVERIFIED,YES,UNVERIFIED,UNVERIFIED,UNVERIFIED,UNVERIFIED,UNVERIFIED,UNVERIFIED,UNVERIFIED,UNVERIFIED,YES,"В офисе можно получить разовую продуктовую помощь, одежду и вещи; для разовой помощи специальные документы не требуются. Для регулярной помощи нужны копии паспорта и документов о нуждаемости.",Люди в трудной жизненной ситуации.,Нет для разовой помощи; для регулярной нужны копии паспорта и подтверждающих документов.,Нет для разовой помощи; для регулярной нужна копия паспорта.,UNVERIFIED,UNVERIFIED,UNVERIFIED,Бесплатно.,UNVERIFIED,UNVERIFIED,UNVERIFIED,https://liza.fund/esli-vam-nuzhna-pomoshh/,2026-09-25,VERIFIED_CURRENT_PRIMARY,UNVERIFIED,UNVERIFIED,UNVERIFIED,UNVERIFIED,UNVERIFIED,UNVERIFIED,UNVERIFIED,UNVERIFIED,OPEN,200,https://liza.fund/esli-vam-nuzhna-pomoshh/,LOOSE_REVIEW,LOOSE_REVIEW,https://liza.fund/esli-vam-nuzhna-pomoshh/,YES,CURRENT_LOCATION_AND_SERVICE_REPORTED,UNVERIFIED_NO_LIVE_CHECK,UNVERIFIED,"Web sources cannot confirm a place, supplies, admission, or walk-in access today; contact the point before travel.",2026-09-26
Московская область,Лобня,Кризисный центр «Надежда!»,Гуманитарный склад при Серафимовском храме,"гуманитарный склад, пункт выдачи",религиозная,"ул. Катюшки, 62а",+7 (977) 695-45-44,UNVERIFIED,UNVERIFIED,https://lobnyablago.ru/hope,https://lobnyablago.ru/hope,https://lobnyablago.ru/hope,UNVERIFIED,YES,UNVERIFIED,UNVERIFIED,YES,YES,UNVERIFIED,UNVERIFIED,YES,UNVERIFIED,UNVERIFIED,UNVERIFIED,UNVERIFIED,UNVERIFIED,"Склад принимает и выдаёт нуждающимся продукты питания, одежду, обувь, бытовую химию, средства личной гигиены. Примечание: Контакт центра; отдельный телефон склада не указан.",нуждающиеся,UNVERIFIED,UNVERIFIED,UNVERIFIED,UNVERIFIED,UNVERIFIED,бесплатная гуманитарная помощь,UNVERIFIED,UNVERIFIED,UNVERIFIED,UNVERIFIED,2026-09-25,VERIFIED_CURRENT_PRIMARY,UNVERIFIED,UNVERIFIED,UNVERIFIED,UNVERIFIED,UNVERIFIED,UNVERIFIED,UNVERIFIED,UNVERIFIED,OPEN,200,https://lobnyablago.ru/hope,LOOSE_REVIEW,LOOSE_REVIEW,https://lobnyablago.ru/hope,YES,CURRENT_LOCATION_AND_SERVICE_REPORTED,UNVERIFIED_NO_LIVE_CHECK,UNVERIFIED,"Web sources cannot confirm a place, supplies, admission, or walk-in access today; contact the point before travel.",2026-09-26
Московская область,Лобня,Кризисный центр «Надежда!»,Кризисный центр,"кризисный центр, пункт срочной помощи",религиозная,"ул. Юности, 17",+7 (977) 695-45-44,UNVERIFIED,UNVERIFIED,https://lobnyablago.ru/hope,https://lobnyablago.ru/hope,https://lobnyablago.ru/hope,YES,YES,UNVERIFIED,UNVERIFIED,YES,YES,UNVERIFIED,UNVERIFIED,UNVERIFIED,UNVERIFIED,UNVERIFIED,UNVERIFIED,YES,YES,"Постоянные срочные услуги: бесплатное горячее питание или наборы продуктов; выдача одежды, обуви и предметов первой необходимости; содействие временному жилью и юридической помощи. Примечание: Содействие получению временного помещения не означает ночлег по этому адресу.",люди в трудной жизненной ситуации,UNVERIFIED,UNVERIFIED,UNVERIFIED,UNVERIFIED,UNVERIFIED,бесплатно (горячее питание/продуктовые наборы; другие вещи выдаются как благотворительная помощь),UNVERIFIED,UNVERIFIED,UNVERIFIED,UNVERIFIED,2026-09-25,VERIFIED_CURRENT_PRIMARY,UNVERIFIED,UNVERIFIED,UNVERIFIED,UNVERIFIED,UNVERIFIED,UNVERIFIED,UNVERIFIED,UNVERIFIED,OPEN,200,https://lobnyablago.ru/hope,LOOSE_REVIEW,LOOSE_REVIEW,https://lobnyablago.ru/hope,YES,CURRENT_LOCATION_AND_SERVICE_REPORTED,UNVERIFIED_NO_LIVE_CHECK,UNVERIFIED,"Web sources cannot confirm a place, supplies, admission, or walk-in access today; contact the point before travel.",2026-09-26
Московская область,Можайск,АНО «Центр социальной и гуманитарной помощи «Добрые вещи»,Социальный пункт «Добрые вещи»,гуманитарный склад; пункт выдачи вещей,НКО,"ул. Володарского, 3",+7 (903) 162-65-04,UNVERIFIED,dobroveschi@gmail.com,https://www.dobroveschi.ru/,https://www.dobroveschi.ru/,https://www.dobroveschi.ru/,UNVERIFIED,UNVERIFIED,UNVERIFIED,UNVERIFIED,YES,UNVERIFIED,UNVERIFIED,UNVERIFIED,UNVERIFIED,UNVERIFIED,UNVERIFIED,UNVERIFIED,UNVERIFIED,UNVERIFIED,"Склад, где каждый желающий может бесплатно получить повседневную и верхнюю одежду, школьную форму, головные уборы, посуду и предметы быта. Примечание: Отдельный офис организации расположен на Полосухина, 24А; для выдачи сайт указывает именно Володарского, 3.","Люди, нуждающиеся в вещах, включая многодетные семьи, пенсионеров, безработных и людей с инвалидностью",UNVERIFIED,UNVERIFIED,UNVERIFIED,UNVERIFIED,UNVERIFIED,Бесплатно,вт 14:00–16:00; сб 12:00–14:00,UNVERIFIED,UNVERIFIED,UNVERIFIED,2026-09-25,VERIFIED_CURRENT_PRIMARY,UNVERIFIED,UNVERIFIED,UNVERIFIED,UNVERIFIED,UNVERIFIED,UNVERIFIED,UNVERIFIED,UNVERIFIED,OPEN,200,https://www.dobroveschi.ru/,LOOSE_REVIEW,LOOSE_REVIEW,https://www.dobroveschi.ru/,YES,CURRENT_LOCATION_AND_SERVICE_REPORTED,UNVERIFIED_NO_LIVE_CHECK,UNVERIFIED,"Web sources cannot confirm a place, supplies, admission, or walk-in access today; contact the point before travel.",2026-09-26
Мурманская область,Кола,Благотворительный фонд «Добрый мир»,«Добрый обед» — точка у Благовещенского собора,стационарная еженедельная точка раздачи горячей еды,НКО,"пр-т Защитников Заполярья, 22, территория Благовещенского собора",+7 (953) 756-75-00,+7 (902) 137-10-01,dm51@list.ru,http://dobriy-mir.org/,https://storage.yandexcloud.net/dobro-static/prod/docs/bb7e6dc8-28c7-a9ca-d7e5-ff92c761936e/Prezentatsia_Fond_2024-2.pdf,https://storage.yandexcloud.net/dobro-static/prod/docs/bb7e6dc8-28c7-a9ca-d7e5-ff92c761936e/Prezentatsia_Fond_2024-2.pdf; https://molodaya-arctica.ru/vacancies/3208,YES,UNVERIFIED,UNVERIFIED,UNVERIFIED,UNVERIFIED,UNVERIFIED,UNVERIFIED,UNVERIFIED,UNVERIFIED,UNVERIFIED,UNVERIFIED,UNVERIFIED,UNVERIFIED,UNVERIFIED,"Программа «Добрый обед»: бесплатно накормить людей в трудной жизненной ситуации; любой пришедший на фиксированную точку получает бесплатный горячий обед каждое воскресенье. Примечание: Точный адрес точки — первичный перечень фонда 2024; региональная платформа волонтёров подтверждает работу пяти точек в 2026 году, но не перечисляет их адреса. Перед поездкой рекомендуется уточнить по телефону.","Любой нуждающийся человек, пришедший на точку раздачи.",UNVERIFIED,UNVERIFIED,UNVERIFIED,UNVERIFIED,UNVERIFIED,Бесплатно,Воскресенье; точное время по первичному источнику 2024 года 12:00–13:00,Воскресенье 12:00–13:00 (первичный перечень 2024; актуальное время уточнять),UNVERIFIED,UNVERIFIED,2026-09-25,CURRENT_OPERATION_CONFIRMED_SERVICES_OLDER,UNVERIFIED,UNVERIFIED,UNVERIFIED,UNVERIFIED,UNVERIFIED,UNVERIFIED,UNVERIFIED,UNVERIFIED,OPEN,200,https://storage.yandexcloud.net/dobro-static/prod/docs/bb7e6dc8-28c7-a9ca-d7e5-ff92c761936e/Prezentatsia_Fond_2024-2.pdf,UNTESTED,NOT_IN_PRIMARY_TEXT,https://molodaya-arctica.ru/vacancies/3208,YES,CURRENT_OPERATION_SERVICE_DETAILS_OLDER,UNVERIFIED_NO_LIVE_CHECK,UNVERIFIED,"Web sources cannot confirm a place, supplies, admission, or walk-in access today; contact the point before travel.",2026-09-26
Мурманская область,Мурманск,Благотворительный фонд «Добрый мир»,"«Добрый обед» — точка у дома по ул. Бредова, 2",стационарная еженедельная точка раздачи горячей еды,НКО,"пустырь рядом с ул. Бредова, 2",+7 (953) 756-75-00,+7 (902) 137-10-01,dm51@list.ru,http://dobriy-mir.org/,https://storage.yandexcloud.net/dobro-static/prod/docs/bb7e6dc8-28c7-a9ca-d7e5-ff92c761936e/Prezentatsia_Fond_2024-2.pdf,https://storage.yandexcloud.net/dobro-static/prod/docs/bb7e6dc8-28c7-a9ca-d7e5-ff92c761936e/Prezentatsia_Fond_2024-2.pdf; https://molodaya-arctica.ru/vacancies/3208,YES,UNVERIFIED,UNVERIFIED,UNVERIFIED,UNVERIFIED,UNVERIFIED,UNVERIFIED,UNVERIFIED,UNVERIFIED,UNVERIFIED,UNVERIFIED,UNVERIFIED,UNVERIFIED,UNVERIFIED,"Программа «Добрый обед»: бесплатно накормить людей в трудной жизненной ситуации; любой пришедший на фиксированную точку получает бесплатный горячий обед каждое воскресенье. Примечание: Точный адрес точки — первичный перечень фонда 2024; региональная платформа волонтёров подтверждает работу пяти точек в 2026 году, но не перечисляет их адреса. Перед поездкой рекомендуется уточнить по телефону.","Любой нуждающийся человек, пришедший на точку раздачи.",UNVERIFIED,UNVERIFIED,UNVERIFIED,UNVERIFIED,UNVERIFIED,Бесплатно,Воскресенье; точное время по первичному источнику 2024 года 12:00–13:00,Воскресенье 12:00–13:00 (первичный перечень 2024; актуальное время уточнять),UNVERIFIED,UNVERIFIED,2026-09-25,CURRENT_OPERATION_CONFIRMED_SERVICES_OLDER,UNVERIFIED,UNVERIFIED,UNVERIFIED,UNVERIFIED,UNVERIFIED,UNVERIFIED,UNVERIFIED,UNVERIFIED,OPEN,200,https://storage.yandexcloud.net/dobro-static/prod/docs/bb7e6dc8-28c7-a9ca-d7e5-ff92c761936e/Prezentatsia_Fond_2024-2.pdf,UNTESTED,NOT_IN_PRIMARY_TEXT,https://molodaya-arctica.ru/vacancies/3208,YES,CURRENT_OPERATION_SERVICE_DETAILS_OLDER,UNVERIFIED_NO_LIVE_CHECK,UNVERIFIED,"Web sources cannot confirm a place, supplies, admission, or walk-in access today; contact the point before travel.",2026-09-26
Мурманская область,Мурманск,Благотворительный фонд «Добрый мир»,«Добрый обед» — точка у храма святого князя Владимира в Росте,еженедельный пункт бесплатной раздачи горячего питания,НКО,"ул. Адмирала флота Лобова, 53, у храма святого князя Владимира",UNVERIFIED,UNVERIFIED,UNVERIFIED,UNVERIFIED,https://novosti-murmanskoy-oblasti.ru/murmansk/65946-378-goryachikh-portsiy-i-sladosti-ot-malenkoy-sofii-kak-proshel-yubileynyy-dobryy-obed-v-murmanske,https://novosti-murmanskoy-oblasti.ru/murmansk/65946-378-goryachikh-portsiy-i-sladosti-ot-malenkoy-sofii-kak-proshel-yubileynyy-dobryy-obed-v-murmanske; https://murman-mu-2.cerkov.ru/; https://xn--80afcdbalict6afooklqi5o.xn--p1ai/public/application/item?id=706115b8-eea2-4ccf-8933-074e4fe9964f,YES,UNVERIFIED,UNVERIFIED,UNVERIFIED,UNVERIFIED,UNVERIFIED,UNVERIFIED,UNVERIFIED,UNVERIFIED,UNVERIFIED,UNVERIFIED,UNVERIFIED,UNVERIFIED,UNVERIFIED,"Репортаж 23.09.2026 описывает раздачу горячей еды волонтёрами фонда «Добрый мир» на пяти постоянных точках, одна — у храма святого князя Владимира в Росте. Официальный приход указывает адрес ул. Лобова, 53. Заявка президентского гранта отдельно подтверждает у этого адреса точку кормления людей без дома и малоимущих. Время конкретно этой точки в свежем репортаже не дано; общая программа проходит по воскресеньям.",Бездомные и другие нуждающиеся,UNVERIFIED,UNVERIFIED,UNVERIFIED,UNVERIFIED,UNVERIFIED,Бесплатно,Воскресенье; точное время этой точки уточнять,Воскресенье; точное время UNVERIFIED,UNVERIFIED,UNVERIFIED,2026-09-25,PARTIAL_CURRENT,UNVERIFIED,UNVERIFIED,UNVERIFIED,UNVERIFIED,UNVERIFIED,UNVERIFIED,UNVERIFIED,UNVERIFIED,OPEN,200,https://novosti-murmanskoy-oblasti.ru/murmansk/65946-378-goryachikh-portsiy-i-sladosti-ot-malenkoy-sofii-kak-proshel-yubileynyy-dobryy-obed-v-murmanske,NOT_IN_PRIMARY_TEXT,LOOSE_REVIEW,https://xn--80afcdbalict6afooklqi5o.xn--p1ai/public/application/item?id=706115b8-eea2-4ccf-8933-074e4fe9964f,YES,PARTIAL_CURRENT_REPORT,UNVERIFIED_NO_LIVE_CHECK,UNVERIFIED,"Web sources cannot confirm a place, supplies, admission, or walk-in access today; contact the point before travel.",2026-09-26
Мурманская область,Мурманск,Благотворительный фонд «Добрый мир»,Вещевой склад,гуманитарный вещевой склад,НКО,"ул. Александрова, 40",+7 (953) 756-75-00,+7 (902) 137-10-01,dm51@list.ru,http://dobriy-mir.org/,https://storage.yandexcloud.net/dobro-static/prod/docs/bb7e6dc8-28c7-a9ca-d7e5-ff92c761936e/Prezentatsia_Fond_2024-2.pdf,https://storage.yandexcloud.net/dobro-static/prod/docs/bb7e6dc8-28c7-a9ca-d7e5-ff92c761936e/Prezentatsia_Fond_2024-2.pdf; https://xn----7sbhwjb3brd.xn--p1ai/news/murmanskaya-oblast-arktika-16/sobachi-priyuty-v-regione-mogut-poluchit-podderzhku?page=316,UNVERIFIED,UNVERIFIED,UNVERIFIED,UNVERIFIED,RESTRICTIONS,RESTRICTIONS,UNVERIFIED,UNVERIFIED,UNVERIFIED,UNVERIFIED,UNVERIFIED,UNVERIFIED,UNVERIFIED,UNVERIFIED,"Фонд обеспечивает одеждой, обувью, предметами гардероба и быта малоимущих, пенсионеров, многодетные семьи и иных нуждающихся жителей области; вещевой склад находится по указанному адресу. Примечание: Первичный адрес и услуга — отчёт фонда 2024; декабрь 2025 региональные СМИ подтверждают продолжающуюся работу склада. Режим из старых публикаций не считать подтверждённым на сегодня.","Малоимущие, пенсионеры, многодетные семьи и иные нуждающиеся жители Мурманской области.",UNVERIFIED,UNVERIFIED,UNVERIFIED,UNVERIFIED,UNVERIFIED,Бесплатная благотворительная помощь; наличие вещей уточнять,UNVERIFIED; прежний режим — среда 13:00–16:00 и суббота 12:00–17:00,UNVERIFIED,UNVERIFIED,UNVERIFIED,2026-09-25,CURRENT_OPERATION_CONFIRMED_SERVICES_OLDER,UNVERIFIED,UNVERIFIED,UNVERIFIED,UNVERIFIED,UNVERIFIED,UNVERIFIED,UNVERIFIED,UNVERIFIED,OPEN,200,https://storage.yandexcloud.net/dobro-static/prod/docs/bb7e6dc8-28c7-a9ca-d7e5-ff92c761936e/Prezentatsia_Fond_2024-2.pdf,UNTESTED,UNTESTED,https://storage.yandexcloud.net/dobro-static/prod/docs/bb7e6dc8-28c7-a9ca-d7e5-ff92c761936e/Prezentatsia_Fond_2024-2.pdf,YES,CURRENT_OPERATION_SERVICE_DETAILS_OLDER,UNVERIFIED_NO_LIVE_CHECK,UNVERIFIED,"Web sources cannot confirm a place, supplies, admission, or walk-in access today; contact the point before travel.",2026-09-26
Мурманская область,Мурманск,Благотворительный фонд «Добрый мир»,«Добрый обед» — точка у Введенского храма,стационарная еженедельная точка раздачи горячей еды,НКО,"ул. Бабикова, 3а, у Введенского храма",+7 (953) 756-75-00,+7 (902) 137-10-01,dm51@list.ru,http://dobriy-mir.org/,https://storage.yandexcloud.net/dobro-static/prod/docs/bb7e6dc8-28c7-a9ca-d7e5-ff92c761936e/Prezentatsia_Fond_2024-2.pdf,https://storage.yandexcloud.net/dobro-static/prod/docs/bb7e6dc8-28c7-a9ca-d7e5-ff92c761936e/Prezentatsia_Fond_2024-2.pdf; https://molodaya-arctica.ru/vacancies/3208,YES,UNVERIFIED,UNVERIFIED,UNVERIFIED,UNVERIFIED,UNVERIFIED,UNVERIFIED,UNVERIFIED,UNVERIFIED,UNVERIFIED,UNVERIFIED,UNVERIFIED,UNVERIFIED,UNVERIFIED,"Программа «Добрый обед»: бесплатно накормить людей в трудной жизненной ситуации; любой пришедший на фиксированную точку получает бесплатный горячий обед каждое воскресенье. Примечание: Точный адрес точки — первичный перечень фонда 2024; региональная платформа волонтёров подтверждает работу пяти точек в 2026 году, но не перечисляет их адреса. Перед поездкой рекомендуется уточнить по телефону.","Любой нуждающийся человек, пришедший на точку раздачи.",UNVERIFIED,UNVERIFIED,UNVERIFIED,UNVERIFIED,UNVERIFIED,Бесплатно,Воскресенье; точное время по первичному источнику 2024 года 12:00–13:00,Воскресенье 12:00–13:00 (первичный перечень 2024; актуальное время уточнять),UNVERIFIED,UNVERIFIED,2026-09-25,CURRENT_OPERATION_CONFIRMED_SERVICES_OLDER,UNVERIFIED,UNVERIFIED,UNVERIFIED,UNVERIFIED,UNVERIFIED,UNVERIFIED,UNVERIFIED,UNVERIFIED,OPEN,200,https://storage.yandexcloud.net/dobro-static/prod/docs/bb7e6dc8-28c7-a9ca-d7e5-ff92c761936e/Prezentatsia_Fond_2024-2.pdf,UNTESTED,NOT_IN_PRIMARY_TEXT,https://molodaya-arctica.ru/vacancies/3208,YES,CURRENT_OPERATION_SERVICE_DETAILS_OLDER,UNVERIFIED_NO_LIVE_CHECK,UNVERIFIED,"Web sources cannot confirm a place, supplies, admission, or walk-in access today; contact the point before travel.",2026-09-26
Мурманская область,Мурманск,Благотворительный фонд «Добрый мир»,«Добрый обед» — точка на ул. Радищева,стационарная еженедельная точка раздачи горячей еды,НКО,"ул. Радищева, между домами 68 и 70",+7 (953) 756-75-00,+7 (902) 137-10-01,dm51@list.ru,http://dobriy-mir.org/,https://storage.yandexcloud.net/dobro-static/prod/docs/bb7e6dc8-28c7-a9ca-d7e5-ff92c761936e/Prezentatsia_Fond_2024-2.pdf,https://storage.yandexcloud.net/dobro-static/prod/docs/bb7e6dc8-28c7-a9ca-d7e5-ff92c761936e/Prezentatsia_Fond_2024-2.pdf; https://molodaya-arctica.ru/vacancies/3208,YES,UNVERIFIED,UNVERIFIED,UNVERIFIED,UNVERIFIED,UNVERIFIED,UNVERIFIED,UNVERIFIED,UNVERIFIED,UNVERIFIED,UNVERIFIED,UNVERIFIED,UNVERIFIED,UNVERIFIED,"Программа «Добрый обед»: бесплатно накормить людей в трудной жизненной ситуации; любой пришедший на фиксированную точку получает бесплатный горячий обед каждое воскресенье. Примечание: Точный адрес точки — первичный перечень фонда 2024; региональная платформа волонтёров подтверждает работу пяти точек в 2026 году, но не перечисляет их адреса. Перед поездкой рекомендуется уточнить по телефону.","Любой нуждающийся человек, пришедший на точку раздачи.",UNVERIFIED,UNVERIFIED,UNVERIFIED,UNVERIFIED,UNVERIFIED,Бесплатно,Воскресенье; точное время по первичному источнику 2024 года 12:00–13:00,Воскресенье 12:00–13:00 (первичный перечень 2024; актуальное время уточнять),UNVERIFIED,UNVERIFIED,2026-09-25,CURRENT_OPERATION_CONFIRMED_SERVICES_OLDER,UNVERIFIED,UNVERIFIED,UNVERIFIED,UNVERIFIED,UNVERIFIED,UNVERIFIED,UNVERIFIED,UNVERIFIED,OPEN,200,https://storage.yandexcloud.net/dobro-static/prod/docs/bb7e6dc8-28c7-a9ca-d7e5-ff92c761936e/Prezentatsia_Fond_2024-2.pdf,UNTESTED,NOT_IN_PRIMARY_TEXT,https://molodaya-arctica.ru/vacancies/3208,YES,CURRENT_OPERATION_SERVICE_DETAILS_OLDER,UNVERIFIED_NO_LIVE_CHECK,UNVERIFIED,"Web sources cannot confirm a place, supplies, admission, or walk-in access today; contact the point before travel.",2026-09-26
Ненецкий автономный округ,Нарьян-Мар,Ненецкое региональное отделение Российского Красного Креста,Гуманитарный склад (центр),гуманитарный склад с выдачей вещей,НКО,"ул. им. А. П. Пырерки, 17",UNVERIFIED,UNVERIFIED,UNVERIFIED,https://vk.com/redcross83,https://zvplus.ru/gazeta2023/17.pdf,https://zvplus.ru/gazeta2023/17.pdf; https://nvinder.ru/article/vypusk-no-19-21794-ot-21-maya-2026-g/130915-na-bolshih-ekranah-o-bolshoy-probleme; https://2gis.ru/naryanmar/search/%D0%9E%D0%B1%D1%89%D0%B5%D1%81%D1%82%D0%B2%D0%B5%D0%BD%D0%BD%D1%8B%D0%B5%20%D0%BE%D1%80%D0%B3%D0%B0%D0%BD%D0%B8%D0%B7%D0%B0%D1%86%D0%B8%D0%B8%2C%20%D0%BF%D1%80%D0%BE%D1%84%D1%81%D0%BE%D1%8E%D0%B7%D1%8B/rubricId/250,UNVERIFIED,UNVERIFIED,UNVERIFIED,UNVERIFIED,YES,YES,UNVERIFIED,UNVERIFIED,RESTRICTIONS,UNVERIFIED,UNVERIFIED,UNVERIFIED,UNVERIFIED,RESTRICTIONS,"Гуманитарный центр РКК по адресу Пырерки, 17 подтверждён газетной публикацией мая 2026 года. Публикация 2023 года подробно описывает выдачу одежды и обуви нуждающимся. Нынешние дни и часы выдачи, а также наличие нужных вещей на 25.09.2026 не подтверждены; часы донорского мероприятия не являются часами выдачи. Примечание: Время субботней акции 2026 года не является расписанием выдачи одежды. Телефон не подтверждён.","малоимущие и многодетные семьи, люди без жилья и другие нуждающиеся",UNVERIFIED,UNVERIFIED,UNVERIFIED,UNVERIFIED,UNVERIFIED,бесплатная благотворительная помощь,В 2024 году склад принимал посетителей два раза в неделю по два часа; актуальные дни и часы не указаны,UNVERIFIED,UNVERIFIED,https://vk.com/redcross83,2026-09-25,CURRENT_OPERATION_CONFIRMED_SERVICES_OLDER,UNVERIFIED,UNVERIFIED,UNVERIFIED,UNVERIFIED,UNVERIFIED,UNVERIFIED,UNVERIFIED,UNVERIFIED,OPEN,200,https://zvplus.ru/gazeta2023/17.pdf,UNTESTED,EXACT_NORMALIZED,https://2gis.ru/naryanmar/search/%D0%9E%D0%B1%D1%89%D0%B5%D1%81%D1%82%D0%B2%D0%B5%D0%BD%D0%BD%D1%8B%D0%B5%20%D0%BE%D1%80%D0%B3%D0%B0%D0%BD%D0%B8%D0%B7%D0%B0%D1%86%D0%B8%D0%B8%2C%20%D0%BF%D1%80%D0%BE%D1%84%D1%81%D0%BE%D1%8E%D0%B7%D1%8B/rubricId/250,YES,CURRENT_OPERATION_SERVICE_DETAILS_OLDER,UNVERIFIED_NO_LIVE_CHECK,UNVERIFIED,"Web sources cannot confirm a place, supplies, admission, or walk-in access today; contact the point before travel.",2026-09-26
Нижегородская область,Бутурлино,Социально-экономическое частное учреждение «Доброделы»,ГумЦентр Бутурлино,гуманитарный пункт выдачи вещей,НКО,"ул. Ленина, 145",+7 (920) 033-52-14,UNVERIFIED,dobrodelynn@mail.ru,https://dobrodelynn.ru/,https://dobrodelynn.ru/gumcentr,https://dobrodelynn.ru/gumcentr,UNVERIFIED,UNVERIFIED,UNVERIFIED,UNVERIFIED,RESTRICTIONS,UNVERIFIED,UNVERIFIED,UNVERIFIED,UNVERIFIED,UNVERIFIED,UNVERIFIED,UNVERIFIED,UNVERIFIED,UNVERIFIED,В стационарном ГумЦентре бесплатно выдают вещи семьям льготных категорий. Примечание: Адрес и часы каждого филиала указаны отдельно на странице проекта.,"малообеспеченные, многодетные, семьи с инвалидностью, одинокие родители, беженцы, погорельцы и другие названные категории","документ, подтверждающий льготную категорию",UNVERIFIED,UNVERIFIED,UNVERIFIED,UNVERIFIED,бесплатно для указанных категорий,Сб 10:00–14:00,UNVERIFIED,UNVERIFIED,UNVERIFIED,2026-09-25,VERIFIED_CURRENT_PRIMARY,UNVERIFIED,UNVERIFIED,UNVERIFIED,UNVERIFIED,UNVERIFIED,UNVERIFIED,UNVERIFIED,UNVERIFIED,OPEN,200,https://dobrodelynn.ru/gumcentr,LOOSE_REVIEW,LOOSE_REVIEW,https://dobrodelynn.ru/gumcentr,YES,CURRENT_LOCATION_AND_SERVICE_REPORTED,UNVERIFIED_NO_LIVE_CHECK,UNVERIFIED,"Web sources cannot confirm a place, supplies, admission, or walk-in access today; contact the point before travel.",2026-09-26
Нижегородская область,Воскресенское,ГБУ «Центр социального обслуживания граждан пожилого возраста и инвалидов Воскресенского муниципального округа»,«Банк вещей» при отделении срочного социального обслуживания,"банк вещей, выдача натуральной помощи",государственная,"ул. Ленина, 70",+7 (83163) 9-13-86,UNVERIFIED,kcson@soc.vsk.nnov.ru,https://vsk.cso52.ru/,http://www.xn----8sbf4acpgxf7b8c.xn--p1ai/index.php/vsk-social-service/innovations/gosuslugi,http://www.xn----8sbf4acpgxf7b8c.xn--p1ai/index.php/vsk-social-service/innovations/gosuslugi; https://vsk.cso52.ru/,UNVERIFIED,UNVERIFIED,UNVERIFIED,UNVERIFIED,RESTRICTIONS,RESTRICTIONS,UNVERIFIED,UNVERIFIED,UNVERIFIED,UNVERIFIED,UNVERIFIED,UNVERIFIED,UNVERIFIED,RESTRICTIONS,"Положение «Банка вещей» при Воскресенском центре предусматривает безвозмездную выдачу одежды и обуви малообеспеченным, социально незащищённым и пострадавшим от бедствий; действующий сайт центра перечисляет банк вещей и адрес центра. Примечание: Положение на общем портале учреждений размещено на техническом субдомене Выксы, но текст прямо относится к Воскресенскому центру. Отдельный адрес банка вещей не опубликован, поэтому указан адрес центра; перед визитом уточнять выдачу по телефону.","малообеспеченные, социально незащищённые, пострадавшие от стихийных бедствий и ЧС, люди в трудной жизненной ситуации",UNVERIFIED,UNVERIFIED,UNVERIFIED,UNVERIFIED,UNVERIFIED,безвозмездно по положению банка вещей,"Пн–Чт 08:00–17:12; Пт 08:00–16:00, обед 12:00–13:00",UNVERIFIED,UNVERIFIED,UNVERIFIED,2026-09-25,PARTIAL_CURRENT,UNVERIFIED,UNVERIFIED,UNVERIFIED,UNVERIFIED,UNVERIFIED,UNVERIFIED,UNVERIFIED,UNVERIFIED,OPEN,200,http://www.xn----8sbf4acpgxf7b8c.xn--p1ai/index.php/vsk-social-service/innovations/gosuslugi,NOT_IN_PRIMARY_TEXT,NOT_IN_PRIMARY_TEXT,http://www.xn----8sbf4acpgxf7b8c.xn--p1ai/index.php/vsk-social-service/innovations/gosuslugi,YES,PARTIAL_CURRENT_REPORT,UNVERIFIED_NO_LIVE_CHECK,UNVERIFIED,"Web sources cannot confirm a place, supplies, admission, or walk-in access today; contact the point before travel.",2026-09-26
Нижегородская область,Нижний Новгород,Благотворительный фонд «СТЭП»,Пункт приёма и выдачи одежды,пункт выдачи одежды,НКО,"ул. Карла Маркса, 54, помещение № 4",+7 (831) 414-21-20,UNVERIFIED,vip.step17@mail.ru,https://www.bfstep.ru/,https://www.bfstep.ru/second_hand,https://www.bfstep.ru/second_hand; https://www.bfstep.ru/; https://antispidnn.ru/allnews/tpost/mjo7mdgxh1-beremennim-nizhegorodkam-s-vich-budut-be,UNVERIFIED,UNVERIFIED,UNVERIFIED,UNVERIFIED,RESTRICTIONS,UNVERIFIED,UNVERIFIED,UNVERIFIED,RESTRICTIONS,UNVERIFIED,UNVERIFIED,UNVERIFIED,UNVERIFIED,UNVERIFIED,"Фонд выдаёт одежду детям и подросткам с инвалидностью, малоимущим и молодым семьям, многодетным семьям, людям в трудной жизненной ситуации. Для беременных женщин с ВИЧ по купону Центра СПИД предусмотрен бесплатный родовой набор со средствами гигиены. Примечание: Фонд действует в 2026 году; актуальность программы родовых наборов отдельно не датирована. Основной подтверждённый адрес выдачи одежды — дом 54; помещение №4 указано на главной.",указанные семьи и люди в трудной жизненной ситуации; гигиенический набор — беременные женщины с ВИЧ по купону,для родового набора — купон Центра СПИД; для одежды не уточнено,UNVERIFIED,UNVERIFIED,UNVERIFIED,RESTRICTIONS,"Выдача одежды благотворительная, явная формулировка бесплатности на странице одежды отсутствует; родовой набор указан как бесплатный.",выдача одежды Пн–Пт 10:00–18:00,UNVERIFIED,UNVERIFIED,UNVERIFIED,2026-09-25,VERIFIED_CURRENT_PRIMARY,UNVERIFIED,UNVERIFIED,UNVERIFIED,UNVERIFIED,UNVERIFIED,UNVERIFIED,UNVERIFIED,UNVERIFIED,OPEN,200,https://www.bfstep.ru/second_hand,LOOSE_REVIEW,LOOSE_REVIEW,https://www.bfstep.ru/second_hand,YES,CURRENT_LOCATION_AND_SERVICE_REPORTED,UNVERIFIED_NO_LIVE_CHECK,UNVERIFIED,"Web sources cannot confirm a place, supplies, admission, or walk-in access today; contact the point before travel.",2026-09-26
Нижегородская область,Сергач,ГБУ «Центр социального обслуживания граждан пожилого возраста и инвалидов Сергачского района»,"Отделение срочного социального обслуживания, «Банк вещей»",отделение срочной помощи и выдачи натуральной помощи,государственная,"ул. Свердлова, 23",+7 (83191) 5-50-37,UNVERIFIED,csogpvi@soc.ser.nnov.ru,https://ser.cso52.ru/,http://sorm.cso52.ru/index.php/ser-documents/statement/ser/1959,http://sorm.cso52.ru/index.php/ser-documents/statement/ser/1959; https://ssn.cso52.ru/index.php/ser-social-service/innovations/item-bank; https://ser.cso52.ru/,RESTRICTIONS,RESTRICTIONS,UNVERIFIED,UNVERIFIED,RESTRICTIONS,RESTRICTIONS,UNVERIFIED,UNVERIFIED,RESTRICTIONS,UNVERIFIED,UNVERIFIED,UNVERIFIED,UNVERIFIED,YES,"Положение отделения точно помещает его на ул. Свердлова, 23 и включает бесплатное горячее питание или продуктовые наборы, одежду, обувь, предметы первой необходимости; банк вещей выдаёт натуральную помощь нуждающимся по заявлению и документу личности. Примечание: Положение об услугах на региональном портале находится на чужом техническом субдомене, но текст прямо называет Сергачское учреждение и его адрес. Действующий сайт учреждения подтверждает адрес. Горячая еда ИЛИ наборы — точный вариант при визите не гарантирован.","остро нуждающиеся в срочной социальной помощи, люди в трудной жизненной ситуации",заявление и документ личности; при отсутствии документа — информация для дальнейшей социализации,RESTRICTIONS,UNVERIFIED,UNVERIFIED,UNVERIFIED,услуги в рамках стандарта срочного отделения бесплатны для всех обслуживаемых категорий,"Пн–Чт 08:00–17:00; Пт 08:00–16:00, обед 12:00–12:48",UNVERIFIED,UNVERIFIED,UNVERIFIED,2026-09-25,PARTIAL_CURRENT,UNVERIFIED,UNVERIFIED,UNVERIFIED,UNVERIFIED,UNVERIFIED,UNVERIFIED,UNVERIFIED,UNVERIFIED,OPEN,200,http://sorm.cso52.ru/index.php/ser-documents/statement/ser/1959,LOOSE_REVIEW,LOOSE_REVIEW,http://sorm.cso52.ru/index.php/ser-documents/statement/ser/1959,YES,PARTIAL_CURRENT_REPORT,UNVERIFIED_NO_LIVE_CHECK,UNVERIFIED,"Web sources cannot confirm a place, supplies, admission, or walk-in access today; contact the point before travel.",2026-09-26
Нижегородская область,Сосновское,ГБУ «Центр социального обслуживания граждан пожилого возраста и инвалидов Сосновского района»,«Банк вещей» при отделении срочного социального обслуживания,"банк вещей, выдача натуральной помощи",государственная,"ул. 1 Мая, 40А",+7 (83174) 2-84-32,UNVERIFIED,kcson@soc.ssn.nnov.ru,http://ssn.cso52.ru/,http://ssn.cso52.ru/index.php/ser-social-service/innovations/item-bank,http://ssn.cso52.ru/index.php/ser-social-service/innovations/item-bank,UNVERIFIED,RESTRICTIONS,UNVERIFIED,UNVERIFIED,RESTRICTIONS,RESTRICTIONS,UNVERIFIED,UNVERIFIED,RESTRICTIONS,UNVERIFIED,UNVERIFIED,UNVERIFIED,UNVERIFIED,RESTRICTIONS,"Официальная страница Сосновского центра указывает банк вещей по адресу ул. 1 Мая, 40А: бесплатно выдают нуждающимся одежду, обувь, предметы первой необходимости и при наличии продукты длительного хранения по заявлению и документу личности. Текущий запас вещей и продуктов требует звонка. Примечание: Положение на общем региональном CMS размещено на техническом субдомене Навашино, но текст прямо относится к Сосновскому центру. Страница банка вещей содержит шаблонное упоминание Сергачского бюджета; принадлежность Сосновскому центру подтверждают заголовок/контакты и отдельное положение. Перед визитом уточнить наличие конкретных вещей.","малоимущие семьи, одинокие малоимущие, бывшие дети-сироты, люди в трудной жизненной ситуации, люди с инвалидностью и семьи с детьми-инвалидами, пожилые нуждающиеся",заявление и паспорт либо иной документ личности,RESTRICTIONS,UNVERIFIED,UNVERIFIED,UNVERIFIED,безвозмездно по странице банка вещей,в часы работы центра; точный режим выдачи не опубликован,UNVERIFIED,UNVERIFIED,http://ssn.cso52.ru/index.php/ser-social-service/innovations/item-bank,2026-09-25,VERIFIED_CURRENT_PRIMARY,UNVERIFIED,UNVERIFIED,UNVERIFIED,UNVERIFIED,UNVERIFIED,UNVERIFIED,UNVERIFIED,UNVERIFIED,OPEN,200,http://ssn.cso52.ru/index.php/ser-social-service/innovations/item-bank,NOT_IN_PRIMARY_TEXT,NOT_IN_PRIMARY_TEXT,http://ssn.cso52.ru/index.php/ser-social-service/innovations/item-bank,YES,CURRENT_LOCATION_AND_SERVICE_REPORTED,UNVERIFIED_NO_LIVE_CHECK,UNVERIFIED,"Web sources cannot confirm a place, supplies, admission, or walk-in access today; contact the point before travel.",2026-09-26
Нижегородская область,Шатки,Социально-экономическое частное учреждение «Доброделы»,ГумЦентр Шатки,гуманитарный пункт выдачи вещей,НКО,"ул. Федеративная, 21",+7 (920) 033-52-14,UNVERIFIED,dobrodelynn@mail.ru,https://dobrodelynn.ru/,https://dobrodelynn.ru/gumcentr,https://dobrodelynn.ru/gumcentr,UNVERIFIED,UNVERIFIED,UNVERIFIED,UNVERIFIED,RESTRICTIONS,UNVERIFIED,UNVERIFIED,UNVERIFIED,UNVERIFIED,UNVERIFIED,UNVERIFIED,UNVERIFIED,UNVERIFIED,UNVERIFIED,В стационарном ГумЦентре бесплатно выдают вещи семьям льготных категорий. Примечание: Адрес и часы каждого филиала указаны отдельно на странице проекта.,"малообеспеченные, многодетные, семьи с инвалидностью, одинокие родители, беженцы, погорельцы и другие названные категории","документ, подтверждающий льготную категорию",UNVERIFIED,UNVERIFIED,UNVERIFIED,UNVERIFIED,бесплатно для указанных категорий,Вс 10:00–14:00,UNVERIFIED,UNVERIFIED,UNVERIFIED,2026-09-25,VERIFIED_CURRENT_PRIMARY,UNVERIFIED,UNVERIFIED,UNVERIFIED,UNVERIFIED,UNVERIFIED,UNVERIFIED,UNVERIFIED,UNVERIFIED,OPEN,200,https://dobrodelynn.ru/gumcentr,LOOSE_REVIEW,LOOSE_REVIEW,https://dobrodelynn.ru/gumcentr,YES,CURRENT_LOCATION_AND_SERVICE_REPORTED,UNVERIFIED_NO_LIVE_CHECK,UNVERIFIED,"Web sources cannot confirm a place, supplies, admission, or walk-in access today; contact the point before travel.",2026-09-26
Новгородская область,Великий Новгород,Новгородское региональное отделение Российского Красного Креста,Информационный центр и гуманитарный склад,гуманитарный склад; пункт выдачи продуктовых наборов,НКО,"ул. Бояна, 9, 1 этаж",+7 (8162) 63-22-01,UNVERIFIED,53region@redcross.ru,UNVERIFIED,https://dobro.ru/organizations/152432/about,https://dobro.ru/organizations/152432/about; https://novvedomosti.ru/news/society/66998/; https://redcross.ru/news/partnery-rkk/rossiyskiy-krasnyy-krest-i-regionalnye-vlasti-novgorodskoy-oblasti-zapustyat-novye-mery-sotsialnoy-p/,UNVERIFIED,RESTRICTIONS,UNVERIFIED,UNVERIFIED,RESTRICTIONS,UNVERIFIED,UNVERIFIED,UNVERIFIED,UNVERIFIED,UNVERIFIED,UNVERIFIED,UNVERIFIED,UNVERIFIED,RESTRICTIONS,"Официальная контактная страница отделения, доступная в поисковом индексе, прямо указывала выдачу продуктовых наборов и склад одежды на 1 этаже по адресу Бояна, 9, но сам домен теперь припаркован. Профиль Добро.ру подтверждает адрес и гуманитарную программу; федеральный РКК подтверждает деятельность отделения в 2025 году. Наличие выдачи именно 25.09.2026 не подтверждено; звонить до поездки. Примечание: На контактной странице одновременно встречаются дом 9 (адрес приема) и 9а (юридический адрес). Для посетителя указан дом 9, первый этаж. Наличие наборов зависит от программы и запасов.","Люди в тяжёлой жизненной ситуации, пожилые, люди с инвалидностью, кризисные семьи.",UNVERIFIED,UNVERIFIED,UNVERIFIED,UNVERIFIED,UNVERIFIED,Бесплатная благотворительная помощь; выдачу согласовать по телефону,Пн–Пт 10:00–16:00,UNVERIFIED,UNVERIFIED,UNVERIFIED,2026-09-25,CURRENT_OPERATION_CONFIRMED_SERVICES_OLDER,UNVERIFIED,UNVERIFIED,UNVERIFIED,UNVERIFIED,UNVERIFIED,UNVERIFIED,UNVERIFIED,UNVERIFIED,OPEN,200,https://dobro.ru/organizations/152432/about,NOT_IN_PRIMARY_TEXT,NOT_IN_PRIMARY_TEXT,https://dobro.ru/organizations/152432/about,YES,CURRENT_OPERATION_SERVICE_DETAILS_OLDER,UNVERIFIED_NO_LIVE_CHECK,UNVERIFIED,"Web sources cannot confirm a place, supplies, admission, or walk-in access today; contact the point before travel.",2026-09-26
Новгородская область,Великий Новгород,Благотворительный фонд «Добродомик»,Благотворительное кафе «Добродомик»,бесплатная столовая,НКО,"ул. Волотовская, 7а",8-902-284-46-87,UNVERIFIED,UNVERIFIED,https://dobrodomik.ru/,https://xn--90afbqkklbbr.xn--p1ai/branches/velikij-novgorod/,https://xn--90afbqkklbbr.xn--p1ai/branches/velikij-novgorod/,RESTRICTIONS,UNVERIFIED,UNVERIFIED,UNVERIFIED,UNVERIFIED,UNVERIFIED,UNVERIFIED,UNVERIFIED,UNVERIFIED,UNVERIFIED,UNVERIFIED,UNVERIFIED,UNVERIFIED,UNVERIFIED,Бесплатный горячий обед в благотворительном кафе для пожилых людей.,Пожилые люди / пенсионеры,UNVERIFIED,UNVERIFIED,UNVERIFIED,UNVERIFIED,UNVERIFIED,Бесплатно для получателей проекта,12:00–16:00,12:00–16:00,UNVERIFIED,UNVERIFIED,2026-09-25,VERIFIED_CURRENT_PRIMARY,UNVERIFIED,UNVERIFIED,UNVERIFIED,UNVERIFIED,UNVERIFIED,UNVERIFIED,UNVERIFIED,UNVERIFIED,OPEN,200,https://xn--90afbqkklbbr.xn--p1ai/branches/velikij-novgorod/,LOOSE_REVIEW,LOOSE_REVIEW,https://xn--90afbqkklbbr.xn--p1ai/branches/velikij-novgorod/,YES,CURRENT_LOCATION_AND_SERVICE_REPORTED,UNVERIFIED_NO_LIVE_CHECK,UNVERIFIED,"Web sources cannot confirm a place, supplies, admission, or walk-in access today; contact the point before travel.",2026-09-26
Новгородская область,Великий Новгород,Добровольческая служба «Милосердие. Великий Новгород»,Центр помощи и вещевой склад «Милосердие»,вещевой склад,религиозная/НКО,"ул. Нутная, 8",+7 (911) 626-00-23,UNVERIFIED,UNVERIFIED,https://www.vn-eparhia.ru/,https://www.vn-eparhia.ru/novosti-eparkhii/17239-tsentr-pomoshchi-miloserdie-podarit-detyam-odezhdu-shkolnuyu-formu-i-obuv.html,https://www.vn-eparhia.ru/novosti-eparkhii/17239-tsentr-pomoshchi-miloserdie-podarit-detyam-odezhdu-shkolnuyu-formu-i-obuv.html; https://www.vn-eparhia.ru/novosti-eparkhii/18503-%D0%B4%D0%BE%D0%B1%D1%80%D0%BE%D0%B2%D0%BE%D0%BB%D1%8C%D1%86%D1%8B-%C2%AB%D0%BC%D0%B8%D0%BB%D0%BE%D1%81%D0%B5%D1%80%D0%B4%D0%B8%D0%B5-%D0%B2%D0%B5%D0%BB%D0%B8%D0%BA%D0%B8%D0%B9-%D0%BD%D0%BE%D0%B2%D0%B3%D0%BE%D1%80%D0%BE%D0%B4%C2%BB-%D0%B8%D1%89%D1%83%D1%82-%D0%B8%D0%BD%D0%B8%D1%86%D0%B8%D0%B0%D1%82%D0%B8%D0%B2%D0%BD%D1%8B%D1%85-%D0%BB%D1%8E%D0%B4%D0%B5%D0%B9-%D0%B4%D0%BB%D1%8F-%D0%BE%D1%82%D0%BA%D1%80%D1%8B%D1%82%D0%B8%D1%8F-%D0%B2%D0%B5%D1%89%D0%B5%D0%B2%D1%8B%D1%85-%D1%81%D0%BA%D0%BB%D0%B0%D0%B4%D0%BE%D0%B2-%D0%B2-%D1%80%D0%B0%D0%B9%D0%BE%D0%BD%D0%B0%D1%85.html,UNVERIFIED,UNVERIFIED,UNVERIFIED,UNVERIFIED,RESTRICTIONS,RESTRICTIONS,UNVERIFIED,UNVERIFIED,UNVERIFIED,UNVERIFIED,UNVERIFIED,UNVERIFIED,UNVERIFIED,UNVERIFIED,"Склад на Нутной выдаёт нуждающимся семьям детскую и взрослую одежду и обувь; справки о малоимущем статусе не требуются, приём по предварительному звонку. Примечание: Первичная публикация 2023 подробно описывает выдачу; епархия подтверждает работу в 2024 году. Справочник добавил тот же склад в апреле 2026, но режим и услуги в 2026 первично не перепроверены.","Нуждающиеся семьи, дети, беременные женщины; также взрослые нуждающиеся.",NO,UNVERIFIED,UNVERIFIED,RESTRICTIONS,UNVERIFIED,Бесплатно,"Вт и Чт 14:00–18:00, предварительная запись; время по публикации 2024 года",UNVERIFIED,UNVERIFIED,UNVERIFIED,2026-09-25,CURRENT_OPERATION_CONFIRMED_SERVICES_OLDER,UNVERIFIED,UNVERIFIED,UNVERIFIED,UNVERIFIED,UNVERIFIED,UNVERIFIED,UNVERIFIED,UNVERIFIED,OPEN,200,https://www.vn-eparhia.ru/novosti-eparkhii/17239-tsentr-pomoshchi-miloserdie-podarit-detyam-odezhdu-shkolnuyu-formu-i-obuv.html,LOOSE_REVIEW,LOOSE_REVIEW,https://www.vn-eparhia.ru/novosti-eparkhii/17239-tsentr-pomoshchi-miloserdie-podarit-detyam-odezhdu-shkolnuyu-formu-i-obuv.html,YES,CURRENT_OPERATION_SERVICE_DETAILS_OLDER,UNVERIFIED_NO_LIVE_CHECK,UNVERIFIED,"Web sources cannot confirm a place, supplies, admission, or walk-in access today; contact the point before travel.",2026-09-26
Новосибирская область,Маслянино,Благотворительный фонд «Добродомик»,Благотворительное кафе «Добродомик» — Маслянино,благотворительное кафе,НКО,"ул. Мостовая, 2",+7 (960) 783-81-01,UNVERIFIED,UNVERIFIED,https://xn--90afbqkklbbr.xn--p1ai/,https://xn--90afbqkklbbr.xn--p1ai/,https://xn--90afbqkklbbr.xn--p1ai/,RESTRICTIONS,UNVERIFIED,UNVERIFIED,UNVERIFIED,UNVERIFIED,UNVERIFIED,UNVERIFIED,UNVERIFIED,UNVERIFIED,UNVERIFIED,UNVERIFIED,UNVERIFIED,UNVERIFIED,UNVERIFIED,Бесплатный горячий обед для пожилых людей; адрес и время работы опубликованы фондом.,пожилые люди,UNVERIFIED,UNVERIFIED,UNVERIFIED,UNVERIFIED,UNVERIFIED,бесплатно,12:00–16:00,12:00–16:00,UNVERIFIED,UNVERIFIED,2026-09-25,VERIFIED_CURRENT_PRIMARY,UNVERIFIED,UNVERIFIED,UNVERIFIED,UNVERIFIED,UNVERIFIED,UNVERIFIED,UNVERIFIED,UNVERIFIED,OPEN,200,https://xn--90afbqkklbbr.xn--p1ai/,EXACT_NORMALIZED,EXACT_NORMALIZED,https://xn--90afbqkklbbr.xn--p1ai/,YES,CURRENT_LOCATION_AND_SERVICE_REPORTED,UNVERIFIED_NO_LIVE_CHECK,UNVERIFIED,"Web sources cannot confirm a place, supplies, admission, or walk-in access today; contact the point before travel.",2026-09-26
Новосибирская область,Новосибирск,МБУ «Городской комплексный центр социального обслуживания населения»,Отделение срочного социального обслуживания Центрального округа,отделение срочной социальной помощи,муниципальная,"ул. 2-я Союза Молодежи, 27А",+7 (383) 217-94-73,+7 (383) 236-34-37,UNVERIFIED,https://socialnsk.ru/,https://socialnsk.ru/services/predostavlenie_produktovykh_naborov/,https://socialnsk.ru/services/predostavlenie_produktovykh_naborov/; https://novo-sibirsk.ru/upload/iblock/bcb/q9pf3yaz7erfgw5x3skocvirryrjm4cj/post_5444.pdf,UNVERIFIED,RESTRICTIONS,UNVERIFIED,UNVERIFIED,UNVERIFIED,UNVERIFIED,UNVERIFIED,UNVERIFIED,UNVERIFIED,UNVERIFIED,UNVERIFIED,UNVERIFIED,UNVERIFIED,RESTRICTIONS,"Натуральная помощь в виде продуктовых наборов: личное обращение в указанное отделение срочного социального обслуживания по месту жительства/пребывания. Набор раз в месяц, срок назначения до трёх месяцев; один на семью, два для семьи с 4 и более детьми. Примечание: Адрес указан именно в разделе «Куда обращаться» по услуге продуктовых наборов на городском социальном портале; режим приема конкретного отделения не указан.","Указанные городским порталом категории нуждающихся: малоимущие одиночные граждане и семьи, многодетные семьи в трудной жизненной ситуации, одинокие инвалиды, некоторые семьи с детьми-инвалидами и другие перечисленные категории.","Заявление, документ личности, сведения о совместно проживающих; документы о доходах, инвалидности и другие подтверждения в зависимости от основания.",UNVERIFIED,UNVERIFIED,UNVERIFIED,UNVERIFIED,Бесплатная адресная натуральная помощь за счет бюджета города при подтверждении права.,UNVERIFIED,UNVERIFIED,UNVERIFIED,UNVERIFIED,2026-09-25,VERIFIED_CURRENT_GOVERNMENT,UNVERIFIED,UNVERIFIED,UNVERIFIED,UNVERIFIED,UNVERIFIED,UNVERIFIED,UNVERIFIED,UNVERIFIED,OPEN,200,https://socialnsk.ru/services/predostavlenie_produktovykh_naborov/,LOOSE_REVIEW,LOOSE_REVIEW,https://socialnsk.ru/services/predostavlenie_produktovykh_naborov/,YES,CURRENT_LOCATION_AND_SERVICE_REPORTED,UNVERIFIED_NO_LIVE_CHECK,UNVERIFIED,"Web sources cannot confirm a place, supplies, admission, or walk-in access today; contact the point before travel.",2026-09-26
Новосибирская область,Новосибирск,МБУ «Городской комплексный центр социального обслуживания населения»,Отделение срочного социального обслуживания Первомайского района,отделение срочной социальной помощи,муниципальная,"ул. 4-й Пятилетки, 28А",+7 (383) 338-22-64,UNVERIFIED,UNVERIFIED,https://socialnsk.ru/,https://socialnsk.ru/services/predostavlenie_produktovykh_naborov/,https://socialnsk.ru/services/predostavlenie_produktovykh_naborov/; https://novo-sibirsk.ru/upload/iblock/bcb/q9pf3yaz7erfgw5x3skocvirryrjm4cj/post_5444.pdf,UNVERIFIED,RESTRICTIONS,UNVERIFIED,UNVERIFIED,UNVERIFIED,UNVERIFIED,UNVERIFIED,UNVERIFIED,UNVERIFIED,UNVERIFIED,UNVERIFIED,UNVERIFIED,UNVERIFIED,RESTRICTIONS,"Натуральная помощь в виде продуктовых наборов: личное обращение в указанное отделение срочного социального обслуживания по месту жительства/пребывания. Набор раз в месяц, срок назначения до трёх месяцев; один на семью, два для семьи с 4 и более детьми. Примечание: Адрес указан именно в разделе «Куда обращаться» по услуге продуктовых наборов на городском социальном портале; режим приема конкретного отделения не указан.","Указанные городским порталом категории нуждающихся: малоимущие одиночные граждане и семьи, многодетные семьи в трудной жизненной ситуации, одинокие инвалиды, некоторые семьи с детьми-инвалидами и другие перечисленные категории.","Заявление, документ личности, сведения о совместно проживающих; документы о доходах, инвалидности и другие подтверждения в зависимости от основания.",UNVERIFIED,UNVERIFIED,UNVERIFIED,UNVERIFIED,Бесплатная адресная натуральная помощь за счет бюджета города при подтверждении права.,UNVERIFIED,UNVERIFIED,UNVERIFIED,UNVERIFIED,2026-09-25,VERIFIED_CURRENT_GOVERNMENT,UNVERIFIED,UNVERIFIED,UNVERIFIED,UNVERIFIED,UNVERIFIED,UNVERIFIED,UNVERIFIED,UNVERIFIED,OPEN,200,https://socialnsk.ru/services/predostavlenie_produktovykh_naborov/,LOOSE_REVIEW,LOOSE_REVIEW,https://socialnsk.ru/services/predostavlenie_produktovykh_naborov/,YES,CURRENT_LOCATION_AND_SERVICE_REPORTED,UNVERIFIED_NO_LIVE_CHECK,UNVERIFIED,"Web sources cannot confirm a place, supplies, admission, or walk-in access today; contact the point before travel.",2026-09-26
Новосибирская область,Новосибирск,МБУ «Городской комплексный центр социального обслуживания населения»,Отделение срочного социального обслуживания Дзержинского района,отделение срочной социальной помощи,муниципальная,"ул. Богдана Хмельницкого, 14/3",+7 (383) 228-73-31,+7 (383) 211-35-95,UNVERIFIED,https://socialnsk.ru/,https://socialnsk.ru/services/predostavlenie_produktovykh_naborov/,https://socialnsk.ru/services/predostavlenie_produktovykh_naborov/; https://www.kalinnsk.ru/industry/social-service/; https://novo-sibirsk.ru/upload/regulations/Справочная%20информация%202.22.pdf; https://novo-sibirsk.ru/upload/iblock/bcb/q9pf3yaz7erfgw5x3skocvirryrjm4cj/post_5444.pdf,UNVERIFIED,RESTRICTIONS,UNVERIFIED,UNVERIFIED,UNVERIFIED,UNVERIFIED,UNVERIFIED,UNVERIFIED,UNVERIFIED,UNVERIFIED,UNVERIFIED,UNVERIFIED,UNVERIFIED,RESTRICTIONS,"Натуральная помощь в виде продуктовых наборов: личное обращение в указанное отделение срочного социального обслуживания по месту жительства/пребывания. Набор раз в месяц, срок назначения до трёх месяцев; один на семью, два для семьи с 4 и более детьми. Примечание: Адрес указан именно в разделе «Куда обращаться» по услуге продуктовых наборов на городском социальном портале; режим приема конкретного отделения не указан.","Указанные городским порталом категории нуждающихся: малоимущие одиночные граждане и семьи, многодетные семьи в трудной жизненной ситуации, одинокие инвалиды, некоторые семьи с детьми-инвалидами и другие перечисленные категории.","Заявление, документ личности, сведения о совместно проживающих; документы о доходах, инвалидности и другие подтверждения в зависимости от основания.",UNVERIFIED,UNVERIFIED,UNVERIFIED,UNVERIFIED,Бесплатная адресная натуральная помощь за счет бюджета города при подтверждении права.,UNVERIFIED,UNVERIFIED,UNVERIFIED,UNVERIFIED,2026-09-25,VERIFIED_CURRENT_GOVERNMENT,UNVERIFIED,UNVERIFIED,UNVERIFIED,UNVERIFIED,UNVERIFIED,UNVERIFIED,UNVERIFIED,UNVERIFIED,OPEN,200,https://socialnsk.ru/services/predostavlenie_produktovykh_naborov/,NOT_IN_PRIMARY_TEXT,NOT_IN_PRIMARY_TEXT,https://socialnsk.ru/services/predostavlenie_produktovykh_naborov/,YES,CURRENT_LOCATION_AND_SERVICE_REPORTED,UNVERIFIED_NO_LIVE_CHECK,UNVERIFIED,"Web sources cannot confirm a place, supplies, admission, or walk-in access today; contact the point before travel.",2026-09-26
Новосибирская область,Новосибирск,МБУ «Городской комплексный центр социального обслуживания населения»,Отделение срочного социального обслуживания Дзержинского района,отделение срочной социальной помощи,муниципальная,"ул. Европейская, 1А",+7 (383) 228-73-31,+7 (383) 211-35-95,UNVERIFIED,https://socialnsk.ru/,https://socialnsk.ru/services/predostavlenie_produktovykh_naborov/,https://socialnsk.ru/services/predostavlenie_produktovykh_naborov/; https://novo-sibirsk.ru/upload/iblock/bcb/q9pf3yaz7erfgw5x3skocvirryrjm4cj/post_5444.pdf,UNVERIFIED,RESTRICTIONS,UNVERIFIED,UNVERIFIED,UNVERIFIED,UNVERIFIED,UNVERIFIED,UNVERIFIED,UNVERIFIED,UNVERIFIED,UNVERIFIED,UNVERIFIED,UNVERIFIED,RESTRICTIONS,"Натуральная помощь в виде продуктовых наборов: личное обращение в указанное отделение срочного социального обслуживания по месту жительства/пребывания. Набор раз в месяц, срок назначения до трёх месяцев; один на семью, два для семьи с 4 и более детьми. Примечание: Адрес указан именно в разделе «Куда обращаться» по услуге продуктовых наборов на городском социальном портале; режим приема конкретного отделения не указан.","Указанные городским порталом категории нуждающихся: малоимущие одиночные граждане и семьи, многодетные семьи в трудной жизненной ситуации, одинокие инвалиды, некоторые семьи с детьми-инвалидами и другие перечисленные категории.","Заявление, документ личности, сведения о совместно проживающих; документы о доходах, инвалидности и другие подтверждения в зависимости от основания.",UNVERIFIED,UNVERIFIED,UNVERIFIED,UNVERIFIED,Бесплатная адресная натуральная помощь за счет бюджета города при подтверждении права.,UNVERIFIED,UNVERIFIED,UNVERIFIED,UNVERIFIED,2026-09-25,VERIFIED_CURRENT_GOVERNMENT,UNVERIFIED,UNVERIFIED,UNVERIFIED,UNVERIFIED,UNVERIFIED,UNVERIFIED,UNVERIFIED,UNVERIFIED,OPEN,200,https://socialnsk.ru/services/predostavlenie_produktovykh_naborov/,EXACT_NORMALIZED,EXACT_NORMALIZED,https://socialnsk.ru/services/predostavlenie_produktovykh_naborov/,YES,CURRENT_LOCATION_AND_SERVICE_REPORTED,UNVERIFIED_NO_LIVE_CHECK,UNVERIFIED,"Web sources cannot confirm a place, supplies, admission, or walk-in access today; contact the point before travel.",2026-09-26
Новосибирская область,Новосибирск,МБУ «Городской комплексный центр социального обслуживания населения»,Отделение срочного социального обслуживания Советского района,отделение срочной социальной помощи,муниципальная,"ул. Иванова, 11А",+7 (383) 332-45-47,+7 (383) 306-48-02,UNVERIFIED,https://socialnsk.ru/,https://socialnsk.ru/services/predostavlenie_produktovykh_naborov/,https://socialnsk.ru/services/predostavlenie_produktovykh_naborov/; https://novo-sibirsk.ru/upload/iblock/bcb/q9pf3yaz7erfgw5x3skocvirryrjm4cj/post_5444.pdf,UNVERIFIED,RESTRICTIONS,UNVERIFIED,UNVERIFIED,UNVERIFIED,UNVERIFIED,UNVERIFIED,UNVERIFIED,UNVERIFIED,UNVERIFIED,UNVERIFIED,UNVERIFIED,UNVERIFIED,RESTRICTIONS,"Натуральная помощь в виде продуктовых наборов: личное обращение в указанное отделение срочного социального обслуживания по месту жительства/пребывания. Набор раз в месяц, срок назначения до трёх месяцев; один на семью, два для семьи с 4 и более детьми. Примечание: Адрес указан именно в разделе «Куда обращаться» по услуге продуктовых наборов на городском социальном портале; режим приема конкретного отделения не указан.","Указанные городским порталом категории нуждающихся: малоимущие одиночные граждане и семьи, многодетные семьи в трудной жизненной ситуации, одинокие инвалиды, некоторые семьи с детьми-инвалидами и другие перечисленные категории.","Заявление, документ личности, сведения о совместно проживающих; документы о доходах, инвалидности и другие подтверждения в зависимости от основания.",UNVERIFIED,UNVERIFIED,UNVERIFIED,UNVERIFIED,Бесплатная адресная натуральная помощь за счет бюджета города при подтверждении права.,UNVERIFIED,UNVERIFIED,UNVERIFIED,UNVERIFIED,2026-09-25,VERIFIED_CURRENT_GOVERNMENT,UNVERIFIED,UNVERIFIED,UNVERIFIED,UNVERIFIED,UNVERIFIED,UNVERIFIED,UNVERIFIED,UNVERIFIED,OPEN,200,https://socialnsk.ru/services/predostavlenie_produktovykh_naborov/,LOOSE_REVIEW,LOOSE_REVIEW,https://socialnsk.ru/services/predostavlenie_produktovykh_naborov/,YES,CURRENT_LOCATION_AND_SERVICE_REPORTED,UNVERIFIED_NO_LIVE_CHECK,UNVERIFIED,"Web sources cannot confirm a place, supplies, admission, or walk-in access today; contact the point before travel.",2026-09-26
Новосибирская область,Новосибирск,МБУ «Городской комплексный центр социального обслуживания населения»,Отделение срочного социального обслуживания Ленинского района,отделение срочной социальной помощи,муниципальная,"ул. Котовского, 1",+7 (383) 308-11-27,UNVERIFIED,UNVERIFIED,https://socialnsk.ru/,https://socialnsk.ru/services/predostavlenie_produktovykh_naborov/,https://socialnsk.ru/services/predostavlenie_produktovykh_naborov/; https://novo-sibirsk.ru/upload/iblock/bcb/q9pf3yaz7erfgw5x3skocvirryrjm4cj/post_5444.pdf,UNVERIFIED,RESTRICTIONS,UNVERIFIED,UNVERIFIED,UNVERIFIED,UNVERIFIED,UNVERIFIED,UNVERIFIED,UNVERIFIED,UNVERIFIED,UNVERIFIED,UNVERIFIED,UNVERIFIED,RESTRICTIONS,"Натуральная помощь в виде продуктовых наборов: личное обращение в указанное отделение срочного социального обслуживания по месту жительства/пребывания. Набор раз в месяц, срок назначения до трёх месяцев; один на семью, два для семьи с 4 и более детьми. Примечание: Адрес указан именно в разделе «Куда обращаться» по услуге продуктовых наборов на городском социальном портале; режим приема конкретного отделения не указан.","Указанные городским порталом категории нуждающихся: малоимущие одиночные граждане и семьи, многодетные семьи в трудной жизненной ситуации, одинокие инвалиды, некоторые семьи с детьми-инвалидами и другие перечисленные категории.","Заявление, документ личности, сведения о совместно проживающих; документы о доходах, инвалидности и другие подтверждения в зависимости от основания.",UNVERIFIED,UNVERIFIED,UNVERIFIED,UNVERIFIED,Бесплатная адресная натуральная помощь за счет бюджета города при подтверждении права.,UNVERIFIED,UNVERIFIED,UNVERIFIED,UNVERIFIED,2026-09-25,VERIFIED_CURRENT_GOVERNMENT,UNVERIFIED,UNVERIFIED,UNVERIFIED,UNVERIFIED,UNVERIFIED,UNVERIFIED,UNVERIFIED,UNVERIFIED,OPEN,200,https://socialnsk.ru/services/predostavlenie_produktovykh_naborov/,LOOSE_REVIEW,LOOSE_REVIEW,https://socialnsk.ru/services/predostavlenie_produktovykh_naborov/,YES,CURRENT_LOCATION_AND_SERVICE_REPORTED,UNVERIFIED_NO_LIVE_CHECK,UNVERIFIED,"Web sources cannot confirm a place, supplies, admission, or walk-in access today; contact the point before travel.",2026-09-26
Новосибирская область,Новосибирск,МБУ «Городской комплексный центр социального обслуживания населения»,Отделение срочного социального обслуживания Октябрьского района,отделение срочной социальной помощи,муниципальная,"ул. Ленинградская, 98",+7 (383) 204-95-05,UNVERIFIED,UNVERIFIED,https://socialnsk.ru/,https://socialnsk.ru/services/predostavlenie_produktovykh_naborov/,https://socialnsk.ru/services/predostavlenie_produktovykh_naborov/; https://novo-sibirsk.ru/upload/iblock/bcb/q9pf3yaz7erfgw5x3skocvirryrjm4cj/post_5444.pdf,UNVERIFIED,RESTRICTIONS,UNVERIFIED,UNVERIFIED,UNVERIFIED,UNVERIFIED,UNVERIFIED,UNVERIFIED,UNVERIFIED,UNVERIFIED,UNVERIFIED,UNVERIFIED,UNVERIFIED,RESTRICTIONS,"Натуральная помощь в виде продуктовых наборов: личное обращение в указанное отделение срочного социального обслуживания по месту жительства/пребывания. Набор раз в месяц, срок назначения до трёх месяцев; один на семью, два для семьи с 4 и более детьми. Примечание: Адрес указан именно в разделе «Куда обращаться» по услуге продуктовых наборов на городском социальном портале; режим приема конкретного отделения не указан.","Указанные городским порталом категории нуждающихся: малоимущие одиночные граждане и семьи, многодетные семьи в трудной жизненной ситуации, одинокие инвалиды, некоторые семьи с детьми-инвалидами и другие перечисленные категории.","Заявление, документ личности, сведения о совместно проживающих; документы о доходах, инвалидности и другие подтверждения в зависимости от основания.",UNVERIFIED,UNVERIFIED,UNVERIFIED,UNVERIFIED,Бесплатная адресная натуральная помощь за счет бюджета города при подтверждении права.,UNVERIFIED,UNVERIFIED,UNVERIFIED,UNVERIFIED,2026-09-25,VERIFIED_CURRENT_GOVERNMENT,UNVERIFIED,UNVERIFIED,UNVERIFIED,UNVERIFIED,UNVERIFIED,UNVERIFIED,UNVERIFIED,UNVERIFIED,OPEN,200,https://socialnsk.ru/services/predostavlenie_produktovykh_naborov/,LOOSE_REVIEW,LOOSE_REVIEW,https://socialnsk.ru/services/predostavlenie_produktovykh_naborov/,YES,CURRENT_LOCATION_AND_SERVICE_REPORTED,UNVERIFIED_NO_LIVE_CHECK,UNVERIFIED,"Web sources cannot confirm a place, supplies, admission, or walk-in access today; contact the point before travel.",2026-09-26
Новосибирская область,Новосибирск,МБУ «Городской комплексный центр социального обслуживания населения»,Отделение срочного социального обслуживания Центрального округа,отделение срочной социальной помощи,муниципальная,"ул. Революции, 6",+7 (383) 217-94-73,+7 (383) 236-34-37,UNVERIFIED,https://socialnsk.ru/,https://socialnsk.ru/services/predostavlenie_produktovykh_naborov/,https://socialnsk.ru/services/predostavlenie_produktovykh_naborov/; https://novo-sibirsk.ru/upload/iblock/bcb/q9pf3yaz7erfgw5x3skocvirryrjm4cj/post_5444.pdf,UNVERIFIED,RESTRICTIONS,UNVERIFIED,UNVERIFIED,UNVERIFIED,UNVERIFIED,UNVERIFIED,UNVERIFIED,UNVERIFIED,UNVERIFIED,UNVERIFIED,UNVERIFIED,UNVERIFIED,RESTRICTIONS,"Натуральная помощь в виде продуктовых наборов: личное обращение в указанное отделение срочного социального обслуживания по месту жительства/пребывания. Набор раз в месяц, срок назначения до трёх месяцев; один на семью, два для семьи с 4 и более детьми. Примечание: Адрес указан именно в разделе «Куда обращаться» по услуге продуктовых наборов на городском социальном портале; режим приема конкретного отделения не указан.","Указанные городским порталом категории нуждающихся: малоимущие одиночные граждане и семьи, многодетные семьи в трудной жизненной ситуации, одинокие инвалиды, некоторые семьи с детьми-инвалидами и другие перечисленные категории.","Заявление, документ личности, сведения о совместно проживающих; документы о доходах, инвалидности и другие подтверждения в зависимости от основания.",UNVERIFIED,UNVERIFIED,UNVERIFIED,UNVERIFIED,Бесплатная адресная натуральная помощь за счет бюджета города при подтверждении права.,UNVERIFIED,UNVERIFIED,UNVERIFIED,UNVERIFIED,2026-09-25,VERIFIED_CURRENT_GOVERNMENT,UNVERIFIED,UNVERIFIED,UNVERIFIED,UNVERIFIED,UNVERIFIED,UNVERIFIED,UNVERIFIED,UNVERIFIED,OPEN,200,https://socialnsk.ru/services/predostavlenie_produktovykh_naborov/,LOOSE_REVIEW,LOOSE_REVIEW,https://socialnsk.ru/services/predostavlenie_produktovykh_naborov/,YES,CURRENT_LOCATION_AND_SERVICE_REPORTED,UNVERIFIED_NO_LIVE_CHECK,UNVERIFIED,"Web sources cannot confirm a place, supplies, admission, or walk-in access today; contact the point before travel.",2026-09-26
Новосибирская область,Новосибирск,МБУ «Городской комплексный центр социального обслуживания населения»,Отделение срочного социального обслуживания Кировского района,отделение срочной социальной помощи,муниципальная,"ул. Сибиряков-Гвардейцев, 59",+7 (383) 305-46-40,UNVERIFIED,UNVERIFIED,https://socialnsk.ru/,https://socialnsk.ru/services/predostavlenie_produktovykh_naborov/,https://socialnsk.ru/services/predostavlenie_produktovykh_naborov/; https://novo-sibirsk.ru/upload/iblock/bcb/q9pf3yaz7erfgw5x3skocvirryrjm4cj/post_5444.pdf,UNVERIFIED,RESTRICTIONS,UNVERIFIED,UNVERIFIED,UNVERIFIED,UNVERIFIED,UNVERIFIED,UNVERIFIED,UNVERIFIED,UNVERIFIED,UNVERIFIED,UNVERIFIED,UNVERIFIED,RESTRICTIONS,"Натуральная помощь в виде продуктовых наборов: личное обращение в указанное отделение срочного социального обслуживания по месту жительства/пребывания. Набор раз в месяц, срок назначения до трёх месяцев; один на семью, два для семьи с 4 и более детьми. Примечание: Адрес указан именно в разделе «Куда обращаться» по услуге продуктовых наборов на городском социальном портале; режим приема конкретного отделения не указан.","Указанные городским порталом категории нуждающихся: малоимущие одиночные граждане и семьи, многодетные семьи в трудной жизненной ситуации, одинокие инвалиды, некоторые семьи с детьми-инвалидами и другие перечисленные категории.","Заявление, документ личности, сведения о совместно проживающих; документы о доходах, инвалидности и другие подтверждения в зависимости от основания.",UNVERIFIED,UNVERIFIED,UNVERIFIED,UNVERIFIED,Бесплатная адресная натуральная помощь за счет бюджета города при подтверждении права.,UNVERIFIED,UNVERIFIED,UNVERIFIED,UNVERIFIED,2026-09-25,VERIFIED_CURRENT_GOVERNMENT,UNVERIFIED,UNVERIFIED,UNVERIFIED,UNVERIFIED,UNVERIFIED,UNVERIFIED,UNVERIFIED,UNVERIFIED,OPEN,200,https://socialnsk.ru/services/predostavlenie_produktovykh_naborov/,LOOSE_REVIEW,LOOSE_REVIEW,https://socialnsk.ru/services/predostavlenie_produktovykh_naborov/,YES,CURRENT_LOCATION_AND_SERVICE_REPORTED,UNVERIFIED_NO_LIVE_CHECK,UNVERIFIED,"Web sources cannot confirm a place, supplies, admission, or walk-in access today; contact the point before travel.",2026-09-26
Новосибирская область,Новосибирск,МБУ «Городской комплексный центр социального обслуживания населения»,Отделение срочного социального обслуживания Советского района,отделение срочной социальной помощи,муниципальная,"ул. Софийская, 4",+7 (383) 332-45-47,+7 (383) 306-48-02,UNVERIFIED,https://socialnsk.ru/,https://socialnsk.ru/services/predostavlenie_produktovykh_naborov/,https://socialnsk.ru/services/predostavlenie_produktovykh_naborov/; https://novo-sibirsk.ru/upload/iblock/bcb/q9pf3yaz7erfgw5x3skocvirryrjm4cj/post_5444.pdf,UNVERIFIED,RESTRICTIONS,UNVERIFIED,UNVERIFIED,UNVERIFIED,UNVERIFIED,UNVERIFIED,UNVERIFIED,UNVERIFIED,UNVERIFIED,UNVERIFIED,UNVERIFIED,UNVERIFIED,RESTRICTIONS,"Натуральная помощь в виде продуктовых наборов: личное обращение в указанное отделение срочного социального обслуживания по месту жительства/пребывания. Набор раз в месяц, срок назначения до трёх месяцев; один на семью, два для семьи с 4 и более детьми. Примечание: Адрес указан именно в разделе «Куда обращаться» по услуге продуктовых наборов на городском социальном портале; режим приема конкретного отделения не указан.","Указанные городским порталом категории нуждающихся: малоимущие одиночные граждане и семьи, многодетные семьи в трудной жизненной ситуации, одинокие инвалиды, некоторые семьи с детьми-инвалидами и другие перечисленные категории.","Заявление, документ личности, сведения о совместно проживающих; документы о доходах, инвалидности и другие подтверждения в зависимости от основания.",UNVERIFIED,UNVERIFIED,UNVERIFIED,UNVERIFIED,Бесплатная адресная натуральная помощь за счет бюджета города при подтверждении права.,UNVERIFIED,UNVERIFIED,UNVERIFIED,UNVERIFIED,2026-09-25,VERIFIED_CURRENT_GOVERNMENT,UNVERIFIED,UNVERIFIED,UNVERIFIED,UNVERIFIED,UNVERIFIED,UNVERIFIED,UNVERIFIED,UNVERIFIED,OPEN,200,https://socialnsk.ru/services/predostavlenie_produktovykh_naborov/,LOOSE_REVIEW,LOOSE_REVIEW,https://socialnsk.ru/services/predostavlenie_produktovykh_naborov/,YES,CURRENT_LOCATION_AND_SERVICE_REPORTED,UNVERIFIED_NO_LIVE_CHECK,UNVERIFIED,"Web sources cannot confirm a place, supplies, admission, or walk-in access today; contact the point before travel.",2026-09-26
Омская область,Омск,КУ г. Омска «Центр социальной поддержки населения»,Отделение на улице Богдана Хмельницкого,муниципальный пункт натуральной помощи,муниципальная,"ул. Богдана Хмельницкого, 132",+7 (3812) 36-48-23,UNVERIFIED,UNVERIFIED,https://admomsk.gosuslugi.ru/,https://admomsk.ru/web/guest/government/divisions/62/support,https://admomsk.ru/web/guest/government/divisions/62/support; https://omskzdes.ru/society/84724.html,UNVERIFIED,RESTRICTIONS,UNVERIFIED,UNVERIFIED,RESTRICTIONS,RESTRICTIONS,UNVERIFIED,UNVERIFIED,UNVERIFIED,UNVERIFIED,UNVERIFIED,UNVERIFIED,UNVERIFIED,RESTRICTIONS,"Муниципальный центр принимает граждан и предоставляет подержанную одежду, продукты и другие материальные ценности нуждающимся; акция 2024 подтверждает выдачу вещей и обуви. Примечание: Официальная страница находится в архиве сайта мэрии; конкретная выдача в 2024 подтверждена региональным СМИ. Звонить для актуальных часов и наличия.","многодетные, инвалиды, пожилые, бездомные, малоимущие, пострадавшие от ЧС",UNVERIFIED,UNVERIFIED,UNVERIFIED,UNVERIFIED,UNVERIFIED,бесплатная натуральная помощь по оценке нуждаемости,UNVERIFIED,UNVERIFIED,UNVERIFIED,https://admomsk.ru/web/guest/government/divisions/62/support,2026-09-25,CURRENT_OPERATION_CONFIRMED_SERVICES_OLDER,UNVERIFIED,UNVERIFIED,UNVERIFIED,UNVERIFIED,UNVERIFIED,UNVERIFIED,UNVERIFIED,UNVERIFIED,OPEN,200,https://admomsk.ru/web/guest/government/divisions/62/support,NOT_IN_PRIMARY_TEXT,LOOSE_REVIEW,https://omskzdes.ru/society/84724.html,YES,CURRENT_OPERATION_SERVICE_DETAILS_OLDER,UNVERIFIED_NO_LIVE_CHECK,UNVERIFIED,"Web sources cannot confirm a place, supplies, admission, or walk-in access today; contact the point before travel.",2026-09-26
Омская область,Омск,Католический центр «Каритас» в Омске,Социальная столовая,благотворительная религиозная организация,религиозная НКО,"ул. Звездова, 62/1",+7 (3812) 56-78-88,+7 (3812) 56-96-50,caritas.omsk@sibcaritas.ru,https://caritasomsk.ru/,https://caritasomsk.ru/proyekty/sotsialnaya-stolovaya/,https://caritasomsk.ru/proyekty/sotsialnaya-stolovaya/; https://caritasomsk.ru/мне-нужна-помощь/,RESTRICTIONS,UNVERIFIED,UNVERIFIED,UNVERIFIED,UNVERIFIED,UNVERIFIED,UNVERIFIED,UNVERIFIED,UNVERIFIED,UNVERIFIED,UNVERIFIED,UNVERIFIED,UNVERIFIED,UNVERIFIED,"Бесплатные комплексные горячие обеды нуждающимся по будням 13:00–15:00; первичный приём в консультации 09:00–12:30, возможны направление КЦСОН или самообращение. Примечание: Адрес обращения прямо дан на странице «Получить помощь». У Каритас есть и другая мобильная точка на пересечении улиц Карбышева и Красного переулка; её не включали как отдельный точный адрес.","Остронуждающиеся, малоимущие семьи с детьми, одинокие пенсионеры, инвалиды, освободившиеся из мест лишения свободы.","Паспорт/свидетельство о рождении, флюорография не старше года, подтверждение дохода.",YES,UNVERIFIED,UNVERIFIED,NO,Бесплатно при подтверждении нуждаемости.,Будни; первичная консультация 09:00–12:30.,Будни 13:00–15:00.,UNVERIFIED,UNVERIFIED,2026-09-25,VERIFIED_CURRENT_PRIMARY,UNVERIFIED,UNVERIFIED,UNVERIFIED,UNVERIFIED,UNVERIFIED,UNVERIFIED,UNVERIFIED,UNVERIFIED,OPEN,200,https://caritasomsk.ru/proyekty/sotsialnaya-stolovaya/,EXACT_NORMALIZED,EXACT_NORMALIZED,https://caritasomsk.ru/proyekty/sotsialnaya-stolovaya/,YES,CURRENT_LOCATION_AND_SERVICE_REPORTED,UNVERIFIED_NO_LIVE_CHECK,UNVERIFIED,"Web sources cannot confirm a place, supplies, admission, or walk-in access today; contact the point before travel.",2026-09-26
Оренбургская область,Орск,Комплексный центр социального обслуживания населения города Орска,Кризисное отделение для граждан в трудной жизненной ситуации,кризисное отделение временного проживания,государственная,"ул. Машиностроителей, 49",+7 (3537) 25-36-29,+7 (3537) 34-03-22,UNVERIFIED,https://kcson-orsk.orb.ru/,https://ok.ru/group/70000001053272/topic/157739155403608,https://ok.ru/group/70000001053272/topic/157739155403608; https://base.garant.ru/408960257/31de5683116b8d79b08fa2d768e33df6/; https://orsk.ru/news/111246,UNVERIFIED,RESTRICTIONS,UNVERIFIED,RESTRICTIONS,UNVERIFIED,UNVERIFIED,UNVERIFIED,UNVERIFIED,RESTRICTIONS,UNVERIFIED,UNVERIFIED,UNVERIFIED,UNVERIFIED,UNVERIFIED,"Официальная публикация КЦСОН 24.07.2025 указывает отделение временного проживания по адресу Машиностроителей, 49, места и список документов. Муниципальный перечень 2024 года указывает 30 мест. Есть бесплатные и платные условия; категория, основания приёма и наличие свободного места на 25.09.2026 требуют звонка. Примечание: Детали услуг и условий относятся к 2022 году; адрес кризисного отделения в справочнике обновлён 13.05.2026. Обязательно уточнять актуальные условия по телефону.","пострадавшие от ЧС, беженцы, матери с несовершеннолетними детьми, несовершеннолетние матери, выпускники детдомов, люди после домашнего насилия",UNVERIFIED,UNVERIFIED,UNVERIFIED,UNVERIFIED,UNVERIFIED,бесплатно для названных категорий по интервью 2022 года,UNVERIFIED,UNVERIFIED,UNVERIFIED,UNVERIFIED,2026-09-25,CURRENT_OPERATION_CONFIRMED_SERVICES_OLDER,UNVERIFIED,UNVERIFIED,до 6 месяцев (источник 2022 года),UNVERIFIED,не принимают людей с алкогольной/наркотической зависимостью (по сообщению 2022 года),UNVERIFIED,UNVERIFIED,UNVERIFIED,OPEN,200,https://ok.ru/group/70000001053272/topic/157739155403608,LOOSE_REVIEW,EXACT_NORMALIZED,https://base.garant.ru/408960257/31de5683116b8d79b08fa2d768e33df6/,YES,CURRENT_OPERATION_SERVICE_DETAILS_OLDER,UNVERIFIED_NO_LIVE_CHECK,UNVERIFIED,"Web sources cannot confirm a place, supplies, admission, or walk-in access today; contact the point before travel.",2026-09-26
Орловская область,Орёл,Свято-Успенский (Михаило-Архангельский) собор,Проект «Накорми ближнего» службы милосердия «Крылья»,прихрамовой пункт бесплатного горячего питания,религиозная организация,"Михаило-Архангельский пер., 1 (территория собора)",+7 (4862) 76-15-48,UNVERIFIED,st-uspensk@ya.ru,https://xn----ctbkmfeufkqddgq0p.xn--p1ai/,https://orel-eparhia.ru/news/12534,https://orel-eparhia.ru/news/12534; https://orel-eparhia.ru/objects/territory/orel/michaila-archangela?page=1; https://xn-----6kcacffajsbdznt9cafhgb6a2anfdcb.xn--p1ai/projects/h961q4ypwh0o3pt8ishjzuei?orgName=%D0%9D%D0%B0%D0%BA%D0%BE%D1%80%D0%BC%D0%B8+%D0%B1%D0%BB%D0%B8%D0%B6%D0%BD%D0%B5%D0%B3%D0%BE,YES,UNVERIFIED,UNVERIFIED,UNVERIFIED,UNVERIFIED,UNVERIFIED,UNVERIFIED,UNVERIFIED,UNVERIFIED,UNVERIFIED,UNVERIFIED,UNVERIFIED,UNVERIFIED,UNVERIFIED,"При соборе по понедельникам, средам и субботам нуждающимся дают горячую еду, чай и свежий хлеб. Продуктовые наборы проекта доставляются адресно на дом, в этой точке их выдача не подтверждена. Примечание: Первичная страница епархии 2025 с конкретным временем; карточка проекта фиксирует выдачу горячих обедов в 2026 году. Адрес собора на отдельной странице епархии.","Нуждающиеся, бездомные, люди в сложной жизненной ситуации",UNVERIFIED,UNVERIFIED,UNVERIFIED,UNVERIFIED,UNVERIFIED,Бесплатно (благотворительный проект),"Храм открыт ежедневно 07:00–19:00; время помощи Пн, Ср, Сб 13:00–13:30","Пн, Ср, Сб 13:00–13:30",UNVERIFIED,UNVERIFIED,2026-09-25,VERIFIED_CURRENT_PRIMARY,UNVERIFIED,UNVERIFIED,UNVERIFIED,UNVERIFIED,UNVERIFIED,UNVERIFIED,UNVERIFIED,UNVERIFIED,OPEN,200,https://orel-eparhia.ru/news/12534,LOOSE_REVIEW,LOOSE_REVIEW,https://orel-eparhia.ru/news/12534,YES,CURRENT_LOCATION_AND_SERVICE_REPORTED,UNVERIFIED_NO_LIVE_CHECK,UNVERIFIED,"Web sources cannot confirm a place, supplies, admission, or walk-in access today; contact the point before travel.",2026-09-26
Орловская область,Орёл,Свято-Троицкий благотворительный гуманитарный центр «В добрые руки»,Центр нужных вещей,гуманитарный центр; пункт выдачи вещей,религиозная,"ул. Московская, 177",+7 (910) 300-04-93,UNVERIFIED,UNVERIFIED,https://orel-eparhia.ru/,https://orel-eparhia.ru/news/12713,https://orel-eparhia.ru/news/12713,UNVERIFIED,UNVERIFIED,UNVERIFIED,UNVERIFIED,YES,YES,UNVERIFIED,UNVERIFIED,UNVERIFIED,UNVERIFIED,UNVERIFIED,UNVERIFIED,UNVERIFIED,UNVERIFIED,"Гуманитарный центр бесплатно предоставляет одежду, обувь и предметы первой необходимости нуждающимся. Примечание: В 2025 году переехал с ул. Московской, 155 на 177; старый адрес не добавлять.",Люди в трудной жизненной ситуации,UNVERIFIED,UNVERIFIED,UNVERIFIED,UNVERIFIED,UNVERIFIED,Бесплатно,пн–пт 10:00–18:00; сб 10:00–16:00,UNVERIFIED,UNVERIFIED,UNVERIFIED,2026-09-25,VERIFIED_CURRENT_PRIMARY,UNVERIFIED,UNVERIFIED,UNVERIFIED,UNVERIFIED,UNVERIFIED,UNVERIFIED,UNVERIFIED,UNVERIFIED,OPEN,200,https://orel-eparhia.ru/news/12713,EXACT_NORMALIZED,EXACT_NORMALIZED,https://orel-eparhia.ru/news/12713,YES,CURRENT_LOCATION_AND_SERVICE_REPORTED,UNVERIFIED_NO_LIVE_CHECK,UNVERIFIED,"Web sources cannot confirm a place, supplies, admission, or walk-in access today; contact the point before travel.",2026-09-26
Пензенская область,Пенза,Пензенский городской комплексный центр срочной социальной помощи населению,Сезонный круглосуточный пункт обогрева,пункт обогрева,государственная,"5-й Виноградный проезд, 22",+7 (8412) 44-00-03,UNVERIFIED,UNVERIFIED,UNVERIFIED,https://kcspsokt.ru/?p=7847,https://kcspsokt.ru/?p=7847; https://penza.aif.ru/society/v-penze-v-kruglosutochnom-rezhime-zarabotal-punkt-obogreva; https://soccentrpenza.ru/chasto-zadavaemye-voprosy/; https://soccentrpenza.ru/otdeleniya/otdelenie-srochnoy-sotsialnoy-pomoshchi/; https://soccentrpenza.ru/novosti/15-iyulya-2026-goda-proveden-reyd-v-oktyabrskom-rayone-goroda-penzy-v-khode-kotorogo-lits-bez-oprede/,SEASONAL,RESTRICTIONS,UNVERIFIED,UNVERIFIED,RESTRICTIONS,UNVERIFIED,UNVERIFIED,UNVERIFIED,UNVERIFIED,SEASONAL,UNVERIFIED,UNVERIFIED,UNVERIFIED,RESTRICTIONS,"По адресу 5-й Виноградный проезд, 22 действует центр срочной социальной помощи. Официальный FAQ указывает продуктовые наборы и вещи б/у для лиц без определённого места жительства, обратившихся в отделение социальной реабилитации; новость 15.07.2026 подтверждает выдачу наборов и вещей бездомным в работе центра. Обогрев и горячее питание в круглосуточном пункте действуют только при сильном похолодании. Наличие выдачи при обращении именно сегодня не подтверждено. Примечание: Сезонная услуга: в сентябре 2026 факт работы пункта не подтверждён; звонить по указанному круглосуточному номеру.",люди без определённого места жительства и граждане в экстремальной ситуации,UNVERIFIED,UNVERIFIED,UNVERIFIED,UNVERIFIED,UNVERIFIED,Натуральная срочная помощь нуждающимся без оплаты; продуктовые наборы по заявлению и критериям нуждаемости. Условия для бездомных уточнять по телефону,"Основной центр: Пн–Пт 08:00–17:00, перерыв 12:00–13:00; круглосуточный пункт обогрева работает при сильном похолодании",UNVERIFIED,UNVERIFIED,UNVERIFIED,2026-09-25,CURRENT_OPERATION_CONFIRMED_SERVICES_OLDER,UNVERIFIED,UNVERIFIED,UNVERIFIED,UNVERIFIED,UNVERIFIED,UNVERIFIED,UNVERIFIED,UNVERIFIED,OPEN,200,https://kcspsokt.ru/?p=7847,EXACT_NORMALIZED,EXACT_NORMALIZED,https://kcspsokt.ru/?p=7847,YES,CURRENT_OPERATION_SERVICE_DETAILS_OLDER,UNVERIFIED_NO_LIVE_CHECK,UNVERIFIED,"Web sources cannot confirm a place, supplies, admission, or walk-in access today; contact the point before travel.",2026-09-26
Пензенская область,Пенза,Спасский кафедральный собор города Пензы,Социальная служба и гуманитарный склад,религиозный гуманитарный склад,религиозная,"Соборная площадь, 3",+7 (962) 472-71-15,+7 (987) 523-88-02,AnnaUKiseleva@yandex.ru,https://soborpenza.cerkov.ru/,https://soborpenza.cerkov.ru/socialnoe-sluzhenie/,https://soborpenza.cerkov.ru/socialnoe-sluzhenie/; https://soborpenza.cerkov.ru/kontakty/,UNVERIFIED,RESTRICTIONS,UNVERIFIED,UNVERIFIED,RESTRICTIONS,UNVERIFIED,UNVERIFIED,UNVERIFIED,UNVERIFIED,UNVERIFIED,UNVERIFIED,UNVERIFIED,UNVERIFIED,RESTRICTIONS,"Официальная страница собора подтверждает при храме гуманитарный склад с раздачей одежды нуждающимся и продуктовую помощь наборами людям в трудной жизненной ситуации. Контакты собора подтверждают действующий адрес Соборная площадь, 3 и телефон социальной службы. Часы работы социальной службы, порядок получения и наличие запасов не опубликованы.","Люди в тяжелой жизненной ситуации; отдельное внимание многодетным, неполным и малообеспеченным семьям.",UNVERIFIED,UNVERIFIED,UNVERIFIED,UNVERIFIED,UNVERIFIED,Благотворительная помощь; возможная плата на сайте не указана.,Храм 07:00–19:00; график социальной службы UNVERIFIED.,UNVERIFIED,UNVERIFIED,https://soborpenza.cerkov.ru/socialnoe-sluzhenie/,2026-09-25,PARTIAL_CURRENT,UNVERIFIED,UNVERIFIED,UNVERIFIED,UNVERIFIED,UNVERIFIED,UNVERIFIED,UNVERIFIED,UNVERIFIED,OPEN,200,https://soborpenza.cerkov.ru/socialnoe-sluzhenie/,NOT_IN_PRIMARY_TEXT,EXACT_NORMALIZED,https://soborpenza.cerkov.ru/kontakty/,YES,PARTIAL_CURRENT_REPORT,UNVERIFIED_NO_LIVE_CHECK,UNVERIFIED,"Web sources cannot confirm a place, supplies, admission, or walk-in access today; contact the point before travel.",2026-09-26
Пензенская область,Пенза,ГБУ ПО «Комплексный центр социального обслуживания Железнодорожного района города Пензы»,Отделение срочной социальной помощи,отделение срочной социальной помощи,государственная,"ул. Германа Титова, 13",+7 (8412) 98-49-48,+7 (8412) 98-49-07,UNVERIFIED,https://kcsonzdrpnz.socpnz.ru/,https://kcsonzdrpnz.socpnz.ru/category/25/,https://kcsonzdrpnz.socpnz.ru/category/25/; https://kcsonzdrpnz.socpnz.ru/contacts/; https://socpenza.ru/otdeleniya/otdelenie-srochnoy-sotsialnoy-pomoshchi/,UNVERIFIED,RESTRICTIONS,UNVERIFIED,UNVERIFIED,RESTRICTIONS,RESTRICTIONS,UNVERIFIED,UNVERIFIED,UNVERIFIED,UNVERIFIED,UNVERIFIED,UNVERIFIED,RESTRICTIONS,RESTRICTIONS,"Официальный отчет за I полугодие 2026 года подтверждает выдачу продуктовых наборов остро нуждающимся, новой одежды, обуви, предметов первой необходимости и талонов на бесплатное посещение муниципальной бани отдельным категориям. В I полугодии 2026 года продовольственную помощь получили 150 семей, вещевую — 14 семей. Текущая страница контактов и официальный сайт указывают отделение по Германа Титова, 13; адрес Складская, 19 на старых страницах учреждения устарел.","Жители Железнодорожного района, остро нуждающиеся в социальной поддержке; малообеспеченные семьи и граждане.",Для помощи специалисты собирают необходимый пакет документов; точный перечень UNVERIFIED.,UNVERIFIED,UNVERIFIED,UNVERIFIED,UNVERIFIED,Адресная помощь из благотворительных средств; плату за перечисленную помощь источник не указывает.,"Пн–Пт 08:00–17:00, перерыв 12:00–13:00; Сб–Вс выходной.",UNVERIFIED,UNVERIFIED,https://kcsonzdrpnz.socpnz.ru/contacts/,2026-09-25,VERIFIED_CURRENT_PRIMARY,UNVERIFIED,UNVERIFIED,UNVERIFIED,UNVERIFIED,UNVERIFIED,UNVERIFIED,UNVERIFIED,UNVERIFIED,OPEN,200,https://kcsonzdrpnz.socpnz.ru/category/25/,NOT_IN_PRIMARY_TEXT,EXACT_NORMALIZED,https://kcsonzdrpnz.socpnz.ru/contacts/,YES,CURRENT_LOCATION_AND_SERVICE_REPORTED,UNVERIFIED_NO_LIVE_CHECK,UNVERIFIED,"Web sources cannot confirm a place, supplies, admission, or walk-in access today; contact the point before travel.",2026-09-26
Пензенская область,Пенза,ГБУ ПО «Комплексный центр социального обслуживания Октябрьского района города Пензы»,"Пункт приема и выдачи одежды, обуви и предметов быта при отделении срочной социальной помощи",пункт выдачи вещей / отделение срочной социальной помощи,государственная,"ул. ИТР, 1Б",+7 (8412) 98-05-97,+7 (8412) 98-05-95,kcspsid.okt@bk.ru,https://kcspsokt.ru/,https://kcspsokt.ru/?p=4490,https://kcspsokt.ru/?p=4490; https://kcspsokt.ru/; https://kcspsokt.ru/?p=8565,UNVERIFIED,UNVERIFIED,UNVERIFIED,UNVERIFIED,RESTRICTIONS,RESTRICTIONS,UNVERIFIED,UNVERIFIED,UNVERIFIED,UNVERIFIED,UNVERIFIED,UNVERIFIED,UNVERIFIED,RESTRICTIONS,"Официальная страница пункта (2024) прямо подтверждает выдачу бывшей в употреблении одежды, обуви и предметов быта нуждающимся жителям Октябрьского района по адресу ИТР, 1Б. Текущий официальный сайт подтверждает работу центра по тому же адресу в 2026 году, но отдельной свежей публикации о продолжении выдачи вещей не найдено.","Жители района в трудной жизненной ситуации; многодетные семьи, семьи с ребёнком-инвалидом, пенсионеры, инвалиды и состоящие на учёте семьи.",UNVERIFIED,UNVERIFIED,UNVERIFIED,UNVERIFIED,UNVERIFIED,"UNVERIFIED: выдача нуждающимся указана как социальная помощь, отдельная стоимость не приведена.","Пн–Пт 08:00–17:00, перерыв 12:00–13:00; Сб–Вс выходной.",UNVERIFIED,UNVERIFIED,https://kcspsokt.ru/?p=4490,2026-09-25,CURRENT_OPERATION_CONFIRMED_SERVICES_OLDER,UNVERIFIED,UNVERIFIED,UNVERIFIED,UNVERIFIED,UNVERIFIED,UNVERIFIED,UNVERIFIED,UNVERIFIED,OPEN,200,https://kcspsokt.ru/?p=4490,EXACT_NORMALIZED,EXACT_NORMALIZED,https://kcspsokt.ru/?p=4490,YES,CURRENT_OPERATION_SERVICE_DETAILS_OLDER,UNVERIFIED_NO_LIVE_CHECK,UNVERIFIED,"Web sources cannot confirm a place, supplies, admission, or walk-in access today; contact the point before travel.",2026-09-26
Пензенская область,Пенза,ГБУ ПО «Комплексный центр социального обслуживания Первомайского района города Пензы»,Отделение срочной социальной помощи,отделение срочной социальной помощи,государственная,"ул. Куйбышева, 15, 3 этаж, каб. 31",+7 (8412) 56-07-17,+7 (8412) 56-58-68,1_centr@mail.ru,https://kcsonprpnz.socpnz.ru/,https://kcsonprpnz.socpnz.ru/page/1/,https://kcsonprpnz.socpnz.ru/page/1/; https://kcsonprpnz.socpnz.ru/category/20/; https://kcsonprpnz.socpnz.ru/contacts/,UNVERIFIED,UNVERIFIED,UNVERIFIED,UNVERIFIED,UNVERIFIED,UNVERIFIED,UNVERIFIED,UNVERIFIED,UNVERIFIED,UNVERIFIED,UNVERIFIED,UNVERIFIED,UNVERIFIED,RESTRICTIONS,"Официальный действующий сайт подтверждает отделение срочной социальной помощи по ул. Куйбышева, 15, кабинет 31. Объём услуг за 2025 год: 76 срочных услуг за счет бюджета, 0 платных и 0 частично платных. Конкретные продуктовые, вещевые и гигиенические услуги для этого отделения источником не перечислены.","Граждане, признанные нуждающимися в социальном обслуживании, Первомайского района Пензы.",UNVERIFIED,UNVERIFIED,UNVERIFIED,UNVERIFIED,UNVERIFIED,Срочные услуги по отчёту за 2025 год полностью за счет бюджета; условия для каждого обращения UNVERIFIED.,"Пн–Пт 08:00–17:00, перерыв 12:00–13:00; Сб–Вс выходной.",UNVERIFIED,UNVERIFIED,https://kcsonprpnz.socpnz.ru/contacts/,2026-09-25,VERIFIED_CURRENT_PRIMARY,UNVERIFIED,UNVERIFIED,UNVERIFIED,UNVERIFIED,UNVERIFIED,UNVERIFIED,UNVERIFIED,UNVERIFIED,OPEN,200,https://kcsonprpnz.socpnz.ru/page/1/,LOOSE_REVIEW,LOOSE_REVIEW,https://kcsonprpnz.socpnz.ru/page/1/,YES,CURRENT_LOCATION_AND_SERVICE_REPORTED,UNVERIFIED_NO_LIVE_CHECK,UNVERIFIED,"Web sources cannot confirm a place, supplies, admission, or walk-in access today; contact the point before travel.",2026-09-26
Пермский край,Пермь,АНО «Соль Прикамья — накорми голодного»,Пункт питания № 1,постоянная точка бесплатной раздачи горячих обедов,НКО,"Гайва, ул. Вильямса, 3Б, у кафе",+7 (951) 938-86-78,UNVERIFIED,UNVERIFIED,https://dobro.ru/organizations/10058615/feed,https://dobro.ru/organizations/10058615/feed,https://dobro.ru/organizations/10058615/feed; https://homelessperm.ru/needhelp; https://dobro.ru/project/10118658,YES,UNVERIFIED,UNVERIFIED,UNVERIFIED,UNVERIFIED,UNVERIFIED,UNVERIFIED,UNVERIFIED,UNVERIFIED,UNVERIFIED,UNVERIFIED,UNVERIFIED,UNVERIFIED,UNVERIFIED,Организация опубликовала в 2026 году адрес и время еженедельной бесплатной выдачи горячих обедов нуждающимся на этой точке. Примечание: Постоянное расписание опубликовано организацией на Добро.рф в 2026 году; состав обеда и фактический рейс на конкретную дату нужно уточнять по телефону.,"Бездомные, пенсионеры, малоимущие и другие люди в трудной жизненной ситуации.",UNVERIFIED,UNVERIFIED,UNVERIFIED,UNVERIFIED,UNVERIFIED,Бесплатно.,Вторник 17:00,Вторник 17:00,UNVERIFIED,UNVERIFIED,2026-09-25,VERIFIED_CURRENT_PRIMARY,UNVERIFIED,UNVERIFIED,UNVERIFIED,UNVERIFIED,UNVERIFIED,UNVERIFIED,UNVERIFIED,UNVERIFIED,OPEN,200,https://dobro.ru/organizations/10058615/feed,LOOSE_REVIEW,LOOSE_REVIEW,https://dobro.ru/organizations/10058615/feed,YES,CURRENT_LOCATION_AND_SERVICE_REPORTED,UNVERIFIED_NO_LIVE_CHECK,UNVERIFIED,"Web sources cannot confirm a place, supplies, admission, or walk-in access today; contact the point before travel.",2026-09-26
Пермский край,Пермь,Территория передышки — автобус «Еда на колёсах»,,пункт бесплатного питания,UNVERIFIED,"Пермь, ул. Василия Каменского, 24",+7 (342) 258-39-30,UNVERIFIED,UNVERIFIED,UNVERIFIED,https://homelessperm.ru/edanakolesah,https://homelessperm.ru/edanakolesah,YES,UNVERIFIED,UNVERIFIED,UNVERIFIED,UNVERIFIED,UNVERIFIED,UNVERIFIED,UNVERIFIED,UNVERIFIED,UNVERIFIED,UNVERIFIED,YES,UNVERIFIED,UNVERIFIED,"На постоянной остановке автобуса выдают бесплатный горячий ужин и чай, консультирует социальный работник. Примечание: Постоянная точка остановки мобильного проекта; ул. Василия Каменского, 24 подтверждена более свежей страницей проекта, чем старый адрес на ул. Татьяны Барамзиной.","Бездомные, малоимущие, люди без работы",UNVERIFIED,UNVERIFIED,UNVERIFIED,UNVERIFIED,UNVERIFIED,Бесплатно,"Пн, ср, пт 17:00–17:30",UNVERIFIED,UNVERIFIED,UNVERIFIED,2026-09-25,VERIFIED_CURRENT_PRIMARY,UNVERIFIED,UNVERIFIED,UNVERIFIED,UNVERIFIED,UNVERIFIED,UNVERIFIED,UNVERIFIED,UNVERIFIED,OPEN,200,https://homelessperm.ru/edanakolesah,LOOSE_REVIEW,LOOSE_REVIEW,https://homelessperm.ru/edanakolesah,YES,CURRENT_LOCATION_AND_SERVICE_REPORTED,UNVERIFIED_NO_LIVE_CHECK,UNVERIFIED,"Web sources cannot confirm a place, supplies, admission, or walk-in access today; contact the point before travel.",2026-09-26
Пермский край,Пермь,ПРОО «Территория семьи»,,пункт выдачи вещей,НКО,"Пермь, ул. Елькина, 45",+7 (342) 202-22-52,UNVERIFIED,UNVERIFIED,UNVERIFIED,https://homelessperm.ru/needhelp,https://homelessperm.ru/needhelp; https://semya59.ru/,UNVERIFIED,RESTRICTIONS,UNVERIFIED,UNVERIFIED,RESTRICTIONS,UNVERIFIED,UNVERIFIED,UNVERIFIED,UNVERIFIED,UNVERIFIED,UNVERIFIED,UNVERIFIED,UNVERIFIED,UNVERIFIED,Социальный склад выдаёт нуждающимся семьям одежду и продукты питания по записи. Примечание: Официальный сайт организации подтверждает текущий адрес и бесплатную помощь семьям; детали работы склада — из справочника Территории передышки.,Нуждающиеся семьи с детьми,UNVERIFIED,UNVERIFIED,UNVERIFIED,YES,UNVERIFIED,Бесплатно,"Вт, чт 10:00–17:00",UNVERIFIED,UNVERIFIED,UNVERIFIED,2026-09-25,CURRENT_OPERATION_CONFIRMED_SERVICES_OLDER,UNVERIFIED,UNVERIFIED,UNVERIFIED,UNVERIFIED,UNVERIFIED,UNVERIFIED,UNVERIFIED,UNVERIFIED,OPEN,200,https://homelessperm.ru/needhelp,LOOSE_REVIEW,LOOSE_REVIEW,https://homelessperm.ru/needhelp,YES,CURRENT_OPERATION_SERVICE_DETAILS_OLDER,UNVERIFIED_NO_LIVE_CHECK,UNVERIFIED,"Web sources cannot confirm a place, supplies, admission, or walk-in access today; contact the point before travel.",2026-09-26
Пермский край,Пермь,Социальная столовая «Накормим вместе»,,пункт бесплатного питания,UNVERIFIED,"Пермь, ул. Крупской, 54",+7 (342) 277-28-23,UNVERIFIED,UNVERIFIED,UNVERIFIED,https://feedtogether.ru/,https://feedtogether.ru/; https://perm.rbc.ru/perm/freenews/6a916b619a7947670f408541,YES,YES,UNVERIFIED,UNVERIFIED,UNVERIFIED,UNVERIFIED,UNVERIFIED,UNVERIFIED,UNVERIFIED,UNVERIFIED,UNVERIFIED,UNVERIFIED,UNVERIFIED,UNVERIFIED,"Готовит бесплатные горячие обеды для всех голодных без подтверждающих документов; также заявлена продуктовая помощь. Примечание: По сообщению РБК от 28.08.2026, финансирования хватало до конца сентября; есть риск закрытия после этой даты. Перед походом проверить работу по телефону.","Все люди, которым не хватает еды",UNVERIFIED,UNVERIFIED,UNVERIFIED,UNVERIFIED,UNVERIFIED,Бесплатно,"Пн, ср, пт 13:00–16:00",UNVERIFIED,UNVERIFIED,UNVERIFIED,2026-09-25,VERIFIED_CURRENT_PRIMARY,UNVERIFIED,UNVERIFIED,UNVERIFIED,UNVERIFIED,UNVERIFIED,UNVERIFIED,UNVERIFIED,UNVERIFIED,OPEN,200,https://feedtogether.ru/,EXACT_NORMALIZED,EXACT_NORMALIZED,https://feedtogether.ru/,YES,CURRENT_LOCATION_AND_SERVICE_REPORTED,UNVERIFIED_NO_LIVE_CHECK,UNVERIFIED,"Web sources cannot confirm a place, supplies, admission, or walk-in access today; contact the point before travel.",2026-09-26
Пермский край,Пермь,Территория передышки — автобус «Еда на колёсах»,,пункт бесплатного питания,UNVERIFIED,"Пермь, ул. Льва Шатрова, 4",+7 (342) 258-39-30,UNVERIFIED,UNVERIFIED,UNVERIFIED,https://homelessperm.ru/edanakolesah,https://homelessperm.ru/edanakolesah,YES,UNVERIFIED,UNVERIFIED,UNVERIFIED,UNVERIFIED,UNVERIFIED,UNVERIFIED,UNVERIFIED,UNVERIFIED,UNVERIFIED,UNVERIFIED,YES,UNVERIFIED,UNVERIFIED,"На постоянной остановке автобуса выдают бесплатный горячий ужин и чай, консультирует социальный работник. Примечание: Постоянная точка остановки мобильного проекта.","Бездомные, малоимущие, люди без работы",UNVERIFIED,UNVERIFIED,UNVERIFIED,UNVERIFIED,UNVERIFIED,Бесплатно,"Пн, ср, пт 20:45–21:15",UNVERIFIED,UNVERIFIED,UNVERIFIED,2026-09-25,VERIFIED_CURRENT_PRIMARY,UNVERIFIED,UNVERIFIED,UNVERIFIED,UNVERIFIED,UNVERIFIED,UNVERIFIED,UNVERIFIED,UNVERIFIED,OPEN,200,https://homelessperm.ru/edanakolesah,LOOSE_REVIEW,LOOSE_REVIEW,https://homelessperm.ru/edanakolesah,YES,CURRENT_LOCATION_AND_SERVICE_REPORTED,UNVERIFIED_NO_LIVE_CHECK,UNVERIFIED,"Web sources cannot confirm a place, supplies, admission, or walk-in access today; contact the point before travel.",2026-09-26
Пермский край,Пермь,Пермская епархия — гуманитарный центр «Светлица»,,пункт выдачи вещей,религиозная,"Пермь, ул. Монастырская, 93",+7 (342) 237-20-46,UNVERIFIED,UNVERIFIED,UNVERIFIED,https://www.pravperm.ru/czentr-gumanitarnoj-pomoshhi-svetlicza/,https://www.pravperm.ru/czentr-gumanitarnoj-pomoshhi-svetlicza/,UNVERIFIED,YES,UNVERIFIED,UNVERIFIED,YES,YES,UNVERIFIED,UNVERIFIED,UNVERIFIED,UNVERIFIED,UNVERIFIED,UNVERIFIED,UNVERIFIED,UNVERIFIED,"Официальная страница епархии: бесплатно выдаёт одежду, обувь и продукты питания людям в трудной жизненной ситуации. Примечание: На территории Свято-Троицкого кафедрального собора; местный справочник указывает дом 93В, официальный источник — 93.","Нуждающиеся, особенно многодетные и малоимущие семьи, одинокие мамы, беременные",UNVERIFIED,UNVERIFIED,UNVERIFIED,UNVERIFIED,UNVERIFIED,Бесплатно,Пн–ср 11:00–19:00; сб 12:00–15:00,UNVERIFIED,UNVERIFIED,UNVERIFIED,2026-09-25,VERIFIED_CURRENT_PRIMARY,UNVERIFIED,UNVERIFIED,UNVERIFIED,UNVERIFIED,UNVERIFIED,UNVERIFIED,UNVERIFIED,UNVERIFIED,OPEN,200,https://www.pravperm.ru/czentr-gumanitarnoj-pomoshhi-svetlicza/,EXACT_NORMALIZED,EXACT_NORMALIZED,https://www.pravperm.ru/czentr-gumanitarnoj-pomoshhi-svetlicza/,YES,CURRENT_LOCATION_AND_SERVICE_REPORTED,UNVERIFIED_NO_LIVE_CHECK,UNVERIFIED,"Web sources cannot confirm a place, supplies, admission, or walk-in access today; contact the point before travel.",2026-09-26
Пермский край,Пермь,Территория передышки — автобус «Еда на колёсах»,,пункт бесплатного питания,UNVERIFIED,"Пермь, ул. Солдатова, 39",+7 (342) 258-39-30,UNVERIFIED,UNVERIFIED,UNVERIFIED,https://homelessperm.ru/edanakolesah,https://homelessperm.ru/edanakolesah,YES,UNVERIFIED,UNVERIFIED,UNVERIFIED,UNVERIFIED,UNVERIFIED,UNVERIFIED,UNVERIFIED,UNVERIFIED,UNVERIFIED,UNVERIFIED,YES,UNVERIFIED,UNVERIFIED,"На постоянной остановке автобуса выдают бесплатный горячий ужин и чай, консультирует социальный работник. Примечание: Постоянная точка остановки мобильного проекта.","Бездомные, малоимущие, люди без работы",UNVERIFIED,UNVERIFIED,UNVERIFIED,UNVERIFIED,UNVERIFIED,Бесплатно,"Пн, ср, пт 20:00–20:30",UNVERIFIED,UNVERIFIED,UNVERIFIED,2026-09-25,VERIFIED_CURRENT_PRIMARY,UNVERIFIED,UNVERIFIED,UNVERIFIED,UNVERIFIED,UNVERIFIED,UNVERIFIED,UNVERIFIED,UNVERIFIED,OPEN,200,https://homelessperm.ru/edanakolesah,LOOSE_REVIEW,LOOSE_REVIEW,https://homelessperm.ru/edanakolesah,YES,CURRENT_LOCATION_AND_SERVICE_REPORTED,UNVERIFIED_NO_LIVE_CHECK,UNVERIFIED,"Web sources cannot confirm a place, supplies, admission, or walk-in access today; contact the point before travel.",2026-09-26
Пермский край,Пермь,Территория передышки — автобус «Еда на колёсах»,,пункт бесплатного питания,UNVERIFIED,"Пермь, ул. Чистопольская, 35",+7 (342) 258-39-30,UNVERIFIED,UNVERIFIED,UNVERIFIED,https://homelessperm.ru/edanakolesah,https://homelessperm.ru/edanakolesah,YES,UNVERIFIED,UNVERIFIED,UNVERIFIED,UNVERIFIED,UNVERIFIED,UNVERIFIED,UNVERIFIED,UNVERIFIED,UNVERIFIED,UNVERIFIED,YES,UNVERIFIED,UNVERIFIED,"На постоянной остановке автобуса выдают бесплатный горячий ужин и чай, консультирует социальный работник. Примечание: Постоянная точка остановки мобильного проекта.","Бездомные, малоимущие, люди без работы",UNVERIFIED,UNVERIFIED,UNVERIFIED,UNVERIFIED,UNVERIFIED,Бесплатно,"Пн, ср, пт 18:30–19:00",UNVERIFIED,UNVERIFIED,UNVERIFIED,2026-09-25,VERIFIED_CURRENT_PRIMARY,UNVERIFIED,UNVERIFIED,UNVERIFIED,UNVERIFIED,UNVERIFIED,UNVERIFIED,UNVERIFIED,UNVERIFIED,OPEN,200,https://homelessperm.ru/edanakolesah,LOOSE_REVIEW,LOOSE_REVIEW,https://homelessperm.ru/edanakolesah,YES,CURRENT_LOCATION_AND_SERVICE_REPORTED,UNVERIFIED_NO_LIVE_CHECK,UNVERIFIED,"Web sources cannot confirm a place, supplies, admission, or walk-in access today; contact the point before travel.",2026-09-26
Пермский край,Пермь,АНО «Соль Прикамья — накорми голодного»,Пункт питания № 3,постоянная точка бесплатной раздачи горячих обедов,НКО,"мкр. Загарье, ул. Краснополянская, 11, во дворе",+7 (951) 938-86-78,UNVERIFIED,UNVERIFIED,https://dobro.ru/organizations/10058615/feed,https://dobro.ru/organizations/10058615/feed,https://dobro.ru/organizations/10058615/feed; https://homelessperm.ru/needhelp; https://dobro.ru/project/10118658,YES,UNVERIFIED,UNVERIFIED,UNVERIFIED,UNVERIFIED,UNVERIFIED,UNVERIFIED,UNVERIFIED,UNVERIFIED,UNVERIFIED,UNVERIFIED,UNVERIFIED,UNVERIFIED,UNVERIFIED,Организация опубликовала в 2026 году адрес и время еженедельной бесплатной выдачи горячих обедов нуждающимся на этой точке. Примечание: Постоянное расписание опубликовано организацией на Добро.рф в 2026 году; состав обеда и фактический рейс на конкретную дату нужно уточнять по телефону.,"Бездомные, пенсионеры, малоимущие и другие люди в трудной жизненной ситуации.",UNVERIFIED,UNVERIFIED,UNVERIFIED,UNVERIFIED,UNVERIFIED,Бесплатно.,Среда 13:00,Среда 13:00,UNVERIFIED,UNVERIFIED,2026-09-25,VERIFIED_CURRENT_PRIMARY,UNVERIFIED,UNVERIFIED,UNVERIFIED,UNVERIFIED,UNVERIFIED,UNVERIFIED,UNVERIFIED,UNVERIFIED,OPEN,200,https://dobro.ru/organizations/10058615/feed,EXACT_NORMALIZED,EXACT_NORMALIZED,https://dobro.ru/organizations/10058615/feed,YES,CURRENT_LOCATION_AND_SERVICE_REPORTED,UNVERIFIED_NO_LIVE_CHECK,UNVERIFIED,"Web sources cannot confirm a place, supplies, admission, or walk-in access today; contact the point before travel.",2026-09-26
Пермский край,Пермь,АНО «Соль Прикамья — накорми голодного»,Пункт питания № 5,постоянная точка бесплатной раздачи горячих обедов,НКО,"мкр. Кислотные Дачи, ул. Черняховского, 76",+7 (951) 938-86-78,UNVERIFIED,UNVERIFIED,https://dobro.ru/organizations/10058615/feed,https://dobro.ru/organizations/10058615/feed,https://dobro.ru/organizations/10058615/feed; https://homelessperm.ru/needhelp; https://dobro.ru/project/10118658,YES,UNVERIFIED,UNVERIFIED,UNVERIFIED,UNVERIFIED,UNVERIFIED,UNVERIFIED,UNVERIFIED,UNVERIFIED,UNVERIFIED,UNVERIFIED,UNVERIFIED,UNVERIFIED,UNVERIFIED,Организация опубликовала в 2026 году адрес и время еженедельной бесплатной выдачи горячих обедов нуждающимся на этой точке. Примечание: Постоянное расписание опубликовано организацией на Добро.рф в 2026 году; состав обеда и фактический рейс на конкретную дату нужно уточнять по телефону.,"Бездомные, пенсионеры, малоимущие и другие люди в трудной жизненной ситуации.",UNVERIFIED,UNVERIFIED,UNVERIFIED,UNVERIFIED,UNVERIFIED,Бесплатно.,Пятница 15:00,Пятница 15:00,UNVERIFIED,UNVERIFIED,2026-09-25,VERIFIED_CURRENT_PRIMARY,UNVERIFIED,UNVERIFIED,UNVERIFIED,UNVERIFIED,UNVERIFIED,UNVERIFIED,UNVERIFIED,UNVERIFIED,OPEN,200,https://dobro.ru/organizations/10058615/feed,LOOSE_REVIEW,LOOSE_REVIEW,https://dobro.ru/organizations/10058615/feed,YES,CURRENT_LOCATION_AND_SERVICE_REPORTED,UNVERIFIED_NO_LIVE_CHECK,UNVERIFIED,"Web sources cannot confirm a place, supplies, admission, or walk-in access today; contact the point before travel.",2026-09-26
Пермский край,Пермь,АНО «Соль Прикамья — накорми голодного»,Пункт питания № 4,постоянная точка бесплатной раздачи горячих обедов,НКО,"ул. Подгорная, 47/2, у ЦКР",+7 (951) 938-86-78,UNVERIFIED,UNVERIFIED,https://dobro.ru/organizations/10058615/feed,https://dobro.ru/organizations/10058615/feed,https://dobro.ru/organizations/10058615/feed; https://homelessperm.ru/needhelp; https://dobro.ru/project/10118658,YES,UNVERIFIED,UNVERIFIED,UNVERIFIED,UNVERIFIED,UNVERIFIED,UNVERIFIED,UNVERIFIED,UNVERIFIED,UNVERIFIED,UNVERIFIED,UNVERIFIED,UNVERIFIED,UNVERIFIED,Организация опубликовала в 2026 году адрес и время еженедельной бесплатной выдачи горячих обедов нуждающимся на этой точке. Примечание: Постоянное расписание опубликовано организацией на Добро.рф в 2026 году; состав обеда и фактический рейс на конкретную дату нужно уточнять по телефону.,"Бездомные, пенсионеры, малоимущие и другие люди в трудной жизненной ситуации.",UNVERIFIED,UNVERIFIED,UNVERIFIED,UNVERIFIED,UNVERIFIED,Бесплатно.,Четверг 15:00,Четверг 15:00,UNVERIFIED,UNVERIFIED,2026-09-25,VERIFIED_CURRENT_PRIMARY,UNVERIFIED,UNVERIFIED,UNVERIFIED,UNVERIFIED,UNVERIFIED,UNVERIFIED,UNVERIFIED,UNVERIFIED,OPEN,200,https://dobro.ru/organizations/10058615/feed,LOOSE_REVIEW,LOOSE_REVIEW,https://dobro.ru/organizations/10058615/feed,YES,CURRENT_LOCATION_AND_SERVICE_REPORTED,UNVERIFIED_NO_LIVE_CHECK,UNVERIFIED,"Web sources cannot confirm a place, supplies, admission, or walk-in access today; contact the point before travel.",2026-09-26
Пермский край,Пермь,АНО «Соль Прикамья — накорми голодного»,Пункт питания № 2,постоянная точка бесплатной раздачи горячих обедов,НКО,"ул. Советская, 1/1, у Петропавловского храма",+7 (951) 938-86-78,UNVERIFIED,UNVERIFIED,https://dobro.ru/organizations/10058615/feed,https://dobro.ru/organizations/10058615/feed,https://dobro.ru/organizations/10058615/feed; https://homelessperm.ru/needhelp; https://dobro.ru/project/10118658,YES,UNVERIFIED,UNVERIFIED,UNVERIFIED,UNVERIFIED,UNVERIFIED,UNVERIFIED,UNVERIFIED,UNVERIFIED,UNVERIFIED,UNVERIFIED,UNVERIFIED,UNVERIFIED,UNVERIFIED,Организация опубликовала в 2026 году адрес и время еженедельной бесплатной выдачи горячих обедов нуждающимся на этой точке. Примечание: Постоянное расписание опубликовано организацией на Добро.рф в 2026 году; состав обеда и фактический рейс на конкретную дату нужно уточнять по телефону.,"Бездомные, пенсионеры, малоимущие и другие люди в трудной жизненной ситуации.",UNVERIFIED,UNVERIFIED,UNVERIFIED,UNVERIFIED,UNVERIFIED,Бесплатно.,Среда 13:00,Среда 13:00,UNVERIFIED,UNVERIFIED,2026-09-25,VERIFIED_CURRENT_PRIMARY,UNVERIFIED,UNVERIFIED,UNVERIFIED,UNVERIFIED,UNVERIFIED,UNVERIFIED,UNVERIFIED,UNVERIFIED,OPEN,200,https://dobro.ru/organizations/10058615/feed,NOT_IN_PRIMARY_TEXT,NOT_IN_PRIMARY_TEXT,https://dobro.ru/organizations/10058615/feed,YES,CURRENT_LOCATION_AND_SERVICE_REPORTED,UNVERIFIED_NO_LIVE_CHECK,UNVERIFIED,"Web sources cannot confirm a place, supplies, admission, or walk-in access today; contact the point before travel.",2026-09-26
Приморский край,Владивосток,Свято-Никольский собор,Гуманитарный склад одежды и обуви,церковный гуманитарный склад,религиозная,"ул. Махалина, 30 (территория собора)",+7 (423) 226-02-20,+7 (964) 444-18-85,basilika@rambler.ru,https://soborvl.ru/,https://soborvl.ru/socialnyy-otdel,https://soborvl.ru/socialnyy-otdel; https://soborvl.ru/,UNVERIFIED,UNVERIFIED,UNVERIFIED,UNVERIFIED,RESTRICTIONS,RESTRICTIONS,UNVERIFIED,UNVERIFIED,UNVERIFIED,UNVERIFIED,UNVERIFIED,UNVERIFIED,UNVERIFIED,UNVERIFIED,"Официальная страница социального отдела собора указывает вещевой склад на территории собора по адресу Махалина, 30 и часы работы отдела Пн–Пт 09:00–13:00. Выдача одежды и обуви нуждающимся подтверждена сайтом собора; наличие вещей и отдельный режим выдачи сегодня не опубликованы. Примечание: Точный режим склада на текущем сайте не указан; часы храма не следует считать часами выдачи.",нуждающиеся,UNVERIFIED,UNVERIFIED,UNVERIFIED,UNVERIFIED,UNVERIFIED,благотворительная выдача без платы,Социальный отдел: Пн–Пт 09:00–13:00; часы выдачи вещей уточнять,UNVERIFIED,UNVERIFIED,https://soborvl.ru/,2026-09-25,VERIFIED_CURRENT_PRIMARY,UNVERIFIED,UNVERIFIED,UNVERIFIED,UNVERIFIED,UNVERIFIED,UNVERIFIED,UNVERIFIED,UNVERIFIED,OPEN,200,https://soborvl.ru/socialnyy-otdel,NOT_IN_PRIMARY_TEXT,NOT_IN_PRIMARY_TEXT,https://soborvl.ru/socialnyy-otdel,YES,CURRENT_LOCATION_AND_SERVICE_REPORTED,UNVERIFIED_NO_LIVE_CHECK,UNVERIFIED,"Web sources cannot confirm a place, supplies, admission, or walk-in access today; contact the point before travel.",2026-09-26
Псковская область,Великие Луки,Центр социального обслуживания города Великие Луки совместно с БФ «Старость в радость»,Социальная столовая,социальная столовая,государственная/НКО,"ул. Некрасова, 20",+7 (81153) 3-93-50,UNVERIFIED,UNVERIFIED,https://starikam.org/,https://www.vluki.ru/news/2022/05/17/539627.html,https://www.vluki.ru/news/2022/05/17/539627.html; https://www.vluki.ru/news/2026/06/22/575263.html,RESTRICTIONS,UNVERIFIED,UNVERIFIED,UNVERIFIED,UNVERIFIED,UNVERIFIED,UNVERIFIED,UNVERIFIED,UNVERIFIED,UNVERIFIED,UNVERIFIED,RESTRICTIONS,UNVERIFIED,UNVERIFIED,"Социальная столовая бесплатно кормит пенсионеров, людей с инвалидностью и горожан в трудной ситуации. В 2026 году указано 80 получателей. Для участия требуется заявка в ЦСО и именной талон; указанный адрес столовой опубликован при открытии в 2022 году. Примечание: Адрес столовой подтверждён сообщением об открытии 2022 года; 2026 статья ЦСО подтверждает продолжающуюся работу единственной в городе социальной столовой, но не повторяет адрес. Заявки через ЦСО: пр-т Гагарина, 8; это НЕ отдельная точка питания.","Малоимущие пенсионеры, люди с инвалидностью и граждане в трудной жизненной ситуации; число мест ограничено.",UNVERIFIED,UNVERIFIED,UNVERIFIED,RESTRICTIONS,UNVERIFIED,Бесплатно после включения в программу ЦСО,UNVERIFIED,В 2022 году для очных получателей: понедельник и четверг в 12:00; режим 2026 года не подтверждён,UNVERIFIED,UNVERIFIED,2026-09-25,CURRENT_OPERATION_CONFIRMED_SERVICES_OLDER,"80 получателей в 2026 году, включая доставку на дом",UNVERIFIED,UNVERIFIED,UNVERIFIED,UNVERIFIED,UNVERIFIED,UNVERIFIED,UNVERIFIED,OPEN,200,https://vluki.ru/news/536247,LOOSE_REVIEW,LOOSE_REVIEW,https://www.vluki.ru/news/2022/05/17/539627.html,YES,CURRENT_OPERATION_SERVICE_DETAILS_OLDER,UNVERIFIED_NO_LIVE_CHECK,UNVERIFIED,"Web sources cannot confirm a place, supplies, admission, or walk-in access today; contact the point before travel.",2026-09-26
Псковская область,Псков,Благотворительный фонд «Вознеси сердце»,Вещевой склад «С Доброго плеча»,гуманитарный вещевой склад,НКО,"ул. Юбилейная, 62а",+7 (906) 223-97-83,+7 (925) 003-62-78,dobrieserdcem@yandex.ru,https://voznesiserdce.ru/,https://voznesiserdce.ru/news/novosti-fonda/43634/,https://voznesiserdce.ru/news/novosti-fonda/43634/; https://voznesiserdce.ru/news/novosti-fonda/43443/,UNVERIFIED,UNVERIFIED,UNVERIFIED,UNVERIFIED,RESTRICTIONS,RESTRICTIONS,UNVERIFIED,UNVERIFIED,UNVERIFIED,UNVERIFIED,UNVERIFIED,UNVERIFIED,UNVERIFIED,UNVERIFIED,"Действующий склад передаёт собранные вещи непосредственно нуждающимся; в сентябре 2026 указан адрес и часы для подопечных. В наличии сезонная одежда, обувь, постельные принадлежности в зависимости от пожертвований. Примечание: Сведения опубликованы самим фондом 21.09.2026. Телефон +7 (906) 223-97-83 — куратор Макс; предварительную запись и критерии выдачи следует уточнить.","Люди в беде, семьи беженцев, одинокие матери, нуждающиеся семьи Псковской области.",UNVERIFIED,UNVERIFIED,UNVERIFIED,UNVERIFIED,UNVERIFIED,Бесплатно; наличие вещей зависит от пожертвований,"Четверг 17:00–19:00, воскресенье 17:00–20:00",UNVERIFIED,UNVERIFIED,UNVERIFIED,2026-09-25,VERIFIED_CURRENT_PRIMARY,UNVERIFIED,UNVERIFIED,UNVERIFIED,UNVERIFIED,UNVERIFIED,UNVERIFIED,UNVERIFIED,UNVERIFIED,OPEN,200,https://voznesiserdce.ru/news/novosti-fonda/43634/,LOOSE_REVIEW,LOOSE_REVIEW,https://voznesiserdce.ru/news/novosti-fonda/43634/,YES,CURRENT_LOCATION_AND_SERVICE_REPORTED,UNVERIFIED_NO_LIVE_CHECK,UNVERIFIED,"Web sources cannot confirm a place, supplies, admission, or walk-in access today; contact the point before travel.",2026-09-26
Республика Адыгея,Майкоп,АНО «Центр благотворительной помощи людям в сложной жизненной ситуации «Важные вещи»,Центр бесплатной выдачи вещей,благотворительный банк вещей,НКО,"ул. Пролетарская, 97",UNVERIFIED,UNVERIFIED,UNVERIFIED,UNVERIFIED,https://asi.org.ru/report/2026/09/21/czentr-pomoshhi-vazhnye-veshhi-v-maikope-otmetil-pervuyu-godovshhinu/,https://asi.org.ru/report/2026/09/21/czentr-pomoshhi-vazhnye-veshhi-v-maikope-otmetil-pervuyu-godovshhinu/; https://dobro.live/publikacii/v-majkope-sostoyalos-torzhestvennoe-otkrytie-centra-blagotvoritelnoj-pomoshi-vazhnye-veshi,UNVERIFIED,UNVERIFIED,UNVERIFIED,UNVERIFIED,YES,YES,UNVERIFIED,UNVERIFIED,UNVERIFIED,UNVERIFIED,UNVERIFIED,UNVERIFIED,UNVERIFIED,UNVERIFIED,"Постоянный центр, куда нуждающиеся приходят, выбирают и примеряют одежду и обувь, затем получают их бесплатно; также выдаются постельные принадлежности по наличию. Примечание: Работа подтверждена публикацией 21.09.2026. Контейнеры той же организации являются пунктами приёма и не включены.","Люди в сложной жизненной ситуации, малоимущие семьи, пенсионеры, люди с инвалидностью, освобождённые из мест лишения свободы",UNVERIFIED,UNVERIFIED,UNVERIFIED,UNVERIFIED,UNVERIFIED,Бесплатно,"Вт, пт, вс 10:00–15:00 (сведения 21.09.2026)",UNVERIFIED,UNVERIFIED,https://asi.org.ru/report/2026/09/21/czentr-pomoshhi-vazhnye-veshhi-v-maikope-otmetil-pervuyu-godovshhinu/,2026-09-25,VERIFIED_CURRENT_MEDIA,UNVERIFIED,UNVERIFIED,UNVERIFIED,UNVERIFIED,UNVERIFIED,UNVERIFIED,UNVERIFIED,UNVERIFIED,OPEN,200,https://asi.org.ru/report/2026/09/21/czentr-pomoshhi-vazhnye-veshhi-v-maikope-otmetil-pervuyu-godovshhinu/,LOOSE_REVIEW,LOOSE_REVIEW,https://asi.org.ru/report/2026/09/21/czentr-pomoshhi-vazhnye-veshhi-v-maikope-otmetil-pervuyu-godovshhinu/,YES,CURRENT_LOCATION_AND_SERVICE_REPORTED,UNVERIFIED_NO_LIVE_CHECK,UNVERIFIED,"Web sources cannot confirm a place, supplies, admission, or walk-in access today; contact the point before travel.",2026-09-26
Республика Алтай,Горно-Алтайск,Благотворительный фонд «Облака»,Пункт комплексной программы помощи,благотворительный пункт выдачи,НКО,"ул. Гастелло, 10А",+7 (960) 963-19-15,+7 (3852) 59-01-80,UNVERIFIED,https://fondoblaka.com/,https://fondoblaka.com/programs/compleksprogram,https://fondoblaka.com/programs/compleksprogram,UNVERIFIED,RESTRICTIONS,UNVERIFIED,UNVERIFIED,RESTRICTIONS,UNVERIFIED,UNVERIFIED,UNVERIFIED,RESTRICTIONS,UNVERIFIED,UNVERIFIED,RESTRICTIONS,RESTRICTIONS,UNVERIFIED,"Официальная страница фонда называет пункт в Горно-Алтайске и сообщает, что нуждающиеся могут бесплатно получить одежду, продукты и средства гигиены, а также консультации специалистов. Помощь ориентирована прежде всего на перечисленные фондом уязвимые группы; наличие конкретного набора необходимо уточнить.","одинокие матери с детьми, женщины-выпускницы детских домов, пострадавшие от домашнего насилия, малоимущие многодетные семьи, беженцы, погорельцы и другие люди в трудной ситуации",UNVERIFIED,UNVERIFIED,UNVERIFIED,UNVERIFIED,UNVERIFIED,бесплатно для получателей программы,ежедневно 10:00–19:00,UNVERIFIED,UNVERIFIED,https://fondoblaka.com/programs/compleksprogram,2026-09-26,VERIFIED_CURRENT_PRIMARY,UNVERIFIED,UNVERIFIED,UNVERIFIED,часть программы ориентирована на женщин и семьи; возможность помощи другим получателям уточнить,UNVERIFIED,UNVERIFIED,UNVERIFIED,UNVERIFIED,OPEN,200,https://fondoblaka.com/programs/compleksprogram,EXACT_NORMALIZED,EXACT_NORMALIZED,https://fondoblaka.com/programs/compleksprogram,YES,CURRENT_LOCATION_AND_SERVICE_REPORTED,UNVERIFIED_NO_LIVE_CHECK,UNVERIFIED,"Web sources cannot confirm a place, supplies, admission, or walk-in access today; contact the point before travel.",2026-09-26
Республика Башкортостан,Салават,Епархиальный проект «От сердца к сердцу»,Социальная столовая,социальная столовая,религиозная организация,"бульвар Матросова, 46Б",+7 (917) 795-67-71,UNVERIFIED,UNVERIFIED,UNVERIFIED,https://salavat-uspeh.ru/?action=view&id=15781&module=articles,https://salavat-uspeh.ru/?action=view&id=15781&module=articles,RESTRICTIONS,UNVERIFIED,UNVERIFIED,UNVERIFIED,UNVERIFIED,UNVERIFIED,UNVERIFIED,UNVERIFIED,UNVERIFIED,UNVERIFIED,UNVERIFIED,UNVERIFIED,UNVERIFIED,UNVERIFIED,"В социальной столовой волонтёры каждую субботу в 13:00 раздают домашнюю горячую еду бездомным, малоимущим и одиноким людям. Примечание: Публикация службы добровольцев от 22.09.2025; график и работу в сентябре 2026 нужно уточнять по телефону. Контакт указан для участия в проекте, возможность обращения получателей по нему не уточнена.","бездомные, малоимущие, одинокие люди",UNVERIFIED,UNVERIFIED,UNVERIFIED,UNVERIFIED,UNVERIFIED,благотворительная раздача; прямой фразы о плате нет,Сб 13:00 — раздача еды (по публикации 22.09.2025),Сб 13:00,UNVERIFIED,UNVERIFIED,2026-09-25,PARTIAL_OLD_SOURCE,UNVERIFIED,UNVERIFIED,UNVERIFIED,UNVERIFIED,UNVERIFIED,UNVERIFIED,UNVERIFIED,UNVERIFIED,OPEN,200,https://salavat-uspeh.ru/?action=view&id=15781&module=articles,NOT_IN_PRIMARY_TEXT,NOT_IN_PRIMARY_TEXT,https://salavat-uspeh.ru/?action=view&id=15781&module=articles,YES,OLD_SOURCE_ONLY,UNVERIFIED_NO_LIVE_CHECK,UNVERIFIED,"Web sources cannot confirm a place, supplies, admission, or walk-in access today; contact the point before travel.",2026-09-26
Республика Башкортостан,Стерлитамак,Банк вещей «С миру по нитке»,Пункт бесплатной выдачи вещей,банк вещей,НКО,"ул. Якутова, 9Б, 1-й этаж",+7 (964) 959-40-14,UNVERIFIED,UNVERIFIED,https://vk.com/fprostr,https://sterlitamakadm.ru/city/info/news/?ELEMENT_ID=17935,https://sterlitamakadm.ru/city/info/news/?ELEMENT_ID=17935; https://t.me/s/strkoroche?before=14505; https://urbanplaces.su/ru_respublika-bashkortostan/sterlitamak-gorodskoj-okrug-sterlitamak/card-1682473-s-miru-po-nitke,UNVERIFIED,UNVERIFIED,UNVERIFIED,UNVERIFIED,YES,YES,UNVERIFIED,UNVERIFIED,UNVERIFIED,UNVERIFIED,UNVERIFIED,UNVERIFIED,UNVERIFIED,UNVERIFIED,"Муниципальный источник указывает, что нуждающиеся приходят в банк вещей на Якутова, 9Б и выбирают одежду и обувь. Сообщение 2025 года подтверждает продолжающуюся выдачу по тому же адресу даже во время паузы в приёме пожертвований. Примечание: Основной источник 2021 года; работа выдачи по этому адресу дополнительно подтверждена публикацией 2025 года и текущей картой. Дополнительные контейнеры принимают вещи и не включены.",Нуждающиеся,UNVERIFIED,UNVERIFIED,UNVERIFIED,UNVERIFIED,UNVERIFIED,Бесплатная благотворительная выдача вещей.,"Выдача: четверг 10:00–12:00, воскресенье 12:00–13:00 по сообщению 2025 года; уточнить перед визитом.",UNVERIFIED,UNVERIFIED,https://sterlitamakadm.ru/city/info/news/?ELEMENT_ID=17935,2026-09-25,CURRENT_OPERATION_CONFIRMED_SERVICES_OLDER,UNVERIFIED,UNVERIFIED,UNVERIFIED,UNVERIFIED,UNVERIFIED,UNVERIFIED,UNVERIFIED,UNVERIFIED,OPEN,200,https://sterlitamakadm.ru/city/info/news/?ELEMENT_ID=17935,NOT_IN_PRIMARY_TEXT,NOT_IN_PRIMARY_TEXT,https://sterlitamakadm.ru/city/info/news/?ELEMENT_ID=17935,YES,CURRENT_OPERATION_SERVICE_DETAILS_OLDER,UNVERIFIED_NO_LIVE_CHECK,UNVERIFIED,"Web sources cannot confirm a place, supplies, admission, or walk-in access today; contact the point before travel.",2026-09-26
Республика Бурятия,Кяхта,Свято-Успенский храм,Пункт вещевой помощи,религиозный вещевой пункт,религиозная,"ул. Крупской, 4",+7 (30142) 92-7-86,UNVERIFIED,UNVERIFIED,UNVERIFIED,http://social.diaconia.ru/service/2230,http://social.diaconia.ru/service/2230,UNVERIFIED,UNVERIFIED,UNVERIFIED,UNVERIFIED,YES,UNVERIFIED,UNVERIFIED,UNVERIFIED,UNVERIFIED,UNVERIFIED,UNVERIFIED,UNVERIFIED,UNVERIFIED,UNVERIFIED,Пункт собирает вещи и раздаёт их нуждающимся; за помощью следует обратиться к свечному ящику храма. Карточка указывает ежедневную помощь. Примечание: Карточка в церковной базе обновлена 28.05.2025.,Нуждающиеся.,UNVERIFIED,UNVERIFIED,UNVERIFIED,UNVERIFIED,UNVERIFIED,Безвозмездная раздача пожертвованных вещей.,"Ежедневно, часы не указаны.",UNVERIFIED,UNVERIFIED,UNVERIFIED,2026-09-25,VERIFIED_CURRENT_PRIMARY,UNVERIFIED,UNVERIFIED,UNVERIFIED,UNVERIFIED,UNVERIFIED,UNVERIFIED,UNVERIFIED,UNVERIFIED,OPEN,200,http://social.diaconia.ru/service/2230,EXACT_NORMALIZED,EXACT_NORMALIZED,http://social.diaconia.ru/service/2230,YES,CURRENT_LOCATION_AND_SERVICE_REPORTED,UNVERIFIED_NO_LIVE_CHECK,UNVERIFIED,"Web sources cannot confirm a place, supplies, admission, or walk-in access today; contact the point before travel.",2026-09-26
Республика Бурятия,Улан-Удэ,Свято-Одигитриевский собор,Благотворительная столовая и гуманитарный склад,религиозный пункт помощи,религиозная,"ул. Ленина, 2",+7 (3012) 21-53-93,UNVERIFIED,UNVERIFIED,UNVERIFIED,http://social.diaconia.ru/service/7846,http://social.diaconia.ru/service/7846; https://social.diaconia.ru/service/7845,RESTRICTIONS,UNVERIFIED,UNVERIFIED,UNVERIFIED,RESTRICTIONS,UNVERIFIED,UNVERIFIED,UNVERIFIED,UNVERIFIED,UNVERIFIED,UNVERIFIED,UNVERIFIED,UNVERIFIED,UNVERIFIED,"По адресу собора действуют благотворительная столовая для бездомных и малоимущих и гуманитарный склад с распределением помощи тем же группам. Состав вещей на странице не раскрыт. Примечание: Две службы в одном здании объединены в одну физическую точку. База соцслужения РПЦ обновила обе карточки 28.05.2025. Для склада конкретные категории вещей не названы, поэтому clothes=RESTRICTIONS как вероятная, но уточняемая натуральная помощь.",Бездомные и малоимущие.,UNVERIFIED,UNVERIFIED,UNVERIFIED,UNVERIFIED,UNVERIFIED,Благотворительная помощь; денежная плата не указана.,UNVERIFIED,UNVERIFIED,UNVERIFIED,UNVERIFIED,2026-09-25,VERIFIED_CURRENT_PRIMARY,UNVERIFIED,UNVERIFIED,UNVERIFIED,UNVERIFIED,UNVERIFIED,UNVERIFIED,UNVERIFIED,UNVERIFIED,OPEN,200,http://social.diaconia.ru/service/7846,EXACT_NORMALIZED,EXACT_NORMALIZED,http://social.diaconia.ru/service/7846,YES,CURRENT_LOCATION_AND_SERVICE_REPORTED,UNVERIFIED_NO_LIVE_CHECK,UNVERIFIED,"Web sources cannot confirm a place, supplies, admission, or walk-in access today; contact the point before travel.",2026-09-26
Республика Бурятия,Улан-Удэ,Свято-Никольский храм,Благотворительная столовая,религиозная столовая,религиозная,"ул. Революции 1905 года, 56А",+7 (3012) 28-30-42,UNVERIFIED,UNVERIFIED,UNVERIFIED,https://arigus.tv/news/society/174396-blagotvoritelnaya-stolovaya-otkrylas-v-khrame-ulan-ude/,https://arigus.tv/news/society/174396-blagotvoritelnaya-stolovaya-otkrylas-v-khrame-ulan-ude/; https://social.diaconia.ru/service/2211,YES,UNVERIFIED,UNVERIFIED,UNVERIFIED,UNVERIFIED,UNVERIFIED,UNVERIFIED,UNVERIFIED,UNVERIFIED,UNVERIFIED,UNVERIFIED,UNVERIFIED,UNVERIFIED,UNVERIFIED,"На территории Свято-Никольского храма 31.05.2026 открылась после обновления благотворительная столовая, желающие бесплатно получают горячий обед; церковный реестр подтверждает адрес. Примечание: Открытие после реконструкции 31.05.2026 подтверждено сообщением регионального СМИ со ссылкой на пресс-службу епархии; реестр соцслужения РПЦ обновлен 28.05.2025.","Нуждающиеся, бездомные и малоимущие.",UNVERIFIED,UNVERIFIED,UNVERIFIED,UNVERIFIED,UNVERIFIED,Бесплатно.,UNVERIFIED,UNVERIFIED,UNVERIFIED,UNVERIFIED,2026-09-25,VERIFIED_CURRENT_MEDIA,UNVERIFIED,UNVERIFIED,UNVERIFIED,UNVERIFIED,UNVERIFIED,UNVERIFIED,UNVERIFIED,UNVERIFIED,OPEN,200,https://arigus.tv/news/society/174396-blagotvoritelnaya-stolovaya-otkrylas-v-khrame-ulan-ude/,NOT_IN_PRIMARY_TEXT,NOT_IN_PRIMARY_TEXT,https://arigus.tv/news/society/174396-blagotvoritelnaya-stolovaya-otkrylas-v-khrame-ulan-ude/,YES,CURRENT_LOCATION_AND_SERVICE_REPORTED,UNVERIFIED_NO_LIVE_CHECK,UNVERIFIED,"Web sources cannot confirm a place, supplies, admission, or walk-in access today; contact the point before travel.",2026-09-26
Республика Дагестан,Дербент,Благотворительный фонд «Чистое Сердце»,Дербентский филиал,"благотворительный фонд, филиал",НКО,"ул. Гагарина, 27А",+7 (960) 413-32-68,UNVERIFIED,UNVERIFIED,https://fond05.ru/,https://fond05.ru/projects/93,https://fond05.ru/projects/93; https://derbent.ru/upload/iblock/a63/a63221361777d63f9dcce2e515798460.pdf; https://vfokuse.mail.ru/articles/69615321-navodnenie-v-dagestane-kak-i-chem-mozhno-pomoch-postradavshim-zhitelyam-regiona/; https://derbent.spravker.ru/blagotvoritelnye-fondy/chistoe-serdtse-1.htm,UNVERIFIED,RESTRICTIONS,UNVERIFIED,UNVERIFIED,RESTRICTIONS,RESTRICTIONS,UNVERIFIED,UNVERIFIED,UNVERIFIED,UNVERIFIED,UNVERIFIED,UNVERIFIED,UNVERIFIED,UNVERIFIED,"Официальный сайт фонда говорит о регулярных продуктовых раздачах в филиалах по Дагестану. Муниципальная газета сообщала о выдаче одежды и обуви нуждающимся детям в Дербентском филиале. Публикация 2026 года подтверждает работу этого филиала по адресу Гагарина, 27А, однако описывает адрес как пункт приема гумпомощи. Выдачу в настоящее время и точные часы нужно уточнить по телефону. Примечание: В 2026 году адрес подтвержден как действующий пункт фонда, но именно текущая выдача помощи по адресу не подтверждена. Не направлять человека без звонка.","малоимущие семьи и дети, другие нуждающиеся",UNVERIFIED,UNVERIFIED,UNVERIFIED,UNVERIFIED,UNVERIFIED,Бесплатная благотворительная помощь при наличии раздачи; предварительно уточнить,UNVERIFIED,UNVERIFIED,UNVERIFIED,https://fond05.ru/projects/93,2026-09-25,CURRENT_OPERATION_CONFIRMED_SERVICES_OLDER,UNVERIFIED,UNVERIFIED,UNVERIFIED,UNVERIFIED,UNVERIFIED,UNVERIFIED,UNVERIFIED,UNVERIFIED,OPEN,200,https://fond05.ru/projects/93,NOT_IN_PRIMARY_TEXT,EXACT_NORMALIZED,https://vfokuse.mail.ru/articles/69615321-navodnenie-v-dagestane-kak-i-chem-mozhno-pomoch-postradavshim-zhitelyam-regiona/,YES,CURRENT_OPERATION_SERVICE_DETAILS_OLDER,UNVERIFIED_NO_LIVE_CHECK,UNVERIFIED,"Web sources cannot confirm a place, supplies, admission, or walk-in access today; contact the point before travel.",2026-09-26
Республика Дагестан,Махачкала,Благотворительный фонд «Чистое Сердце»,Главный офис и пункт выдачи помощи,"благотворительный фонд, пункт выдачи продуктовой и вещевой помощи",НКО,"ул. Акушинского, 17-я линия, д. 21",+7 (938) 800-81-81,+7 (988) 292-18-92,dagfond05@mail.ru,https://fond05.ru/,https://fond05.ru/projects/93,https://fond05.ru/projects/93; https://fond05.ru/requisites; https://fond05.ru/projects/96; https://dobro.ru/organizations/10034779/about,UNVERIFIED,YES,UNVERIFIED,UNVERIFIED,YES,UNVERIFIED,UNVERIFIED,UNVERIFIED,UNVERIFIED,UNVERIFIED,UNVERIFIED,UNVERIFIED,UNVERIFIED,UNVERIFIED,"Официальный сайт фонда: «Продуктовые раздачи проводятся регулярно в главном офисе „Чистого Сердца“ в Махачкале, а также в филиалах фонда по Дагестану». Раздел реквизитов указывает фактический адрес офиса — ул. Акушинского, 17-я линия, д. 21. Профиль фонда на Добро.рф сообщает, что каждую неделю в офисе проходят раздачи продуктов питания и одежды. Примечание: Точный день и время еженедельной раздачи не опубликованы; позвонить перед поездкой. Фонд публикует свежие новости 2026 года. Другие адреса филиалов без точного подтверждения не добавлены.","малоимущие семьи, одинокие матери, семьи с детьми, люди с инвалидностью, дети-сироты, ветераны, одинокие пожилые люди и другие нуждающиеся",UNVERIFIED,UNVERIFIED,UNVERIFIED,UNVERIFIED,UNVERIFIED,Бесплатно для нуждающихся; порядок допуска и наличие помощи уточнять у фонда,Пн–Пт 10:00–17:00 (по справочнику; часы выдачи не подтверждены),UNVERIFIED,UNVERIFIED,https://fond05.ru/projects/93,2026-09-25,VERIFIED_CURRENT_PRIMARY,UNVERIFIED,UNVERIFIED,UNVERIFIED,UNVERIFIED,UNVERIFIED,UNVERIFIED,UNVERIFIED,UNVERIFIED,OPEN,200,https://fond05.ru/projects/93,NOT_IN_PRIMARY_TEXT,EXACT_NORMALIZED,https://fond05.ru/requisites,YES,CURRENT_LOCATION_AND_SERVICE_REPORTED,UNVERIFIED_NO_LIVE_CHECK,UNVERIFIED,"Web sources cannot confirm a place, supplies, admission, or walk-in access today; contact the point before travel.",2026-09-26
Республика Ингушетия,Назрань,Благотворительный фонд «Тешам»,Вещевой склад,гуманитарный склад с выдачей вещей,НКО,"ул. Чеченская, 34А (склад указан как д. 34)",+7 (8732) 26-20-20,+7 (928) 729-80-87,fondtesham@gmail.com,https://foundtesham.ru/,https://foundtesham.ru/nemnogo-o-veshhevoj-programme-fonda/,https://foundtesham.ru/nemnogo-o-veshhevoj-programme-fonda/; https://foundtesham.ru/contacts/; https://tooba.com/ru/charities/ru/tesham-respublika-ingushetiya,UNVERIFIED,UNVERIFIED,UNVERIFIED,UNVERIFIED,RESTRICTIONS,RESTRICTIONS,UNVERIFIED,UNVERIFIED,RESTRICTIONS,UNVERIFIED,UNVERIFIED,UNVERIFIED,UNVERIFIED,UNVERIFIED,"Собственная публикация фонда прямо называет действующие вещевые склады в Назрани и Сагопши и сообщает о выдаче собранной одежды, обуви и хозяйственно-гигиенических средств нуждающимся. Текущая контактная страница фонда указывает адрес Чеченская, 34А; склад в старой публикации — Чеченская, 34. Примечание: Адреса 34 и 34А рассматриваются как одна физическая точка; режим и наличие конкретных вещей лучше уточнить у фонда.","семьи и люди, оказавшиеся в трудной жизненной ситуации",UNVERIFIED,UNVERIFIED,UNVERIFIED,UNVERIFIED,UNVERIFIED,благотворительная выдача бесплатно,Ежедневно 09:00–18:00 — контактный режим фонда; часы выдачи склада отдельно не подтверждены,UNVERIFIED,UNVERIFIED,https://foundtesham.ru/contacts/,2026-09-25,CURRENT_OPERATION_CONFIRMED_SERVICES_OLDER,UNVERIFIED,UNVERIFIED,UNVERIFIED,UNVERIFIED,UNVERIFIED,UNVERIFIED,UNVERIFIED,UNVERIFIED,OPEN,200,https://foundtesham.ru/nemnogo-o-veshhevoj-programme-fonda/,LOOSE_REVIEW,LOOSE_REVIEW,https://foundtesham.ru/nemnogo-o-veshhevoj-programme-fonda/,YES,CURRENT_OPERATION_SERVICE_DETAILS_OLDER,UNVERIFIED_NO_LIVE_CHECK,UNVERIFIED,"Web sources cannot confirm a place, supplies, admission, or walk-in access today; contact the point before travel.",2026-09-26
Республика Ингушетия,с. Сагопши,Благотворительный фонд «Тешам»,Вещевой склад в Сагопши,гуманитарный склад с выдачей вещей,НКО,"ул. Белхароева, 41",+7 (8732) 26-20-20,+7 (928) 729-80-87,UNVERIFIED,https://foundtesham.ru/,https://foundtesham.ru/nemnogo-o-veshhevoj-programme-fonda/,https://foundtesham.ru/nemnogo-o-veshhevoj-programme-fonda/; https://foundtesham.ru/contacts/,UNVERIFIED,UNVERIFIED,UNVERIFIED,UNVERIFIED,RESTRICTIONS,RESTRICTIONS,UNVERIFIED,UNVERIFIED,RESTRICTIONS,UNVERIFIED,UNVERIFIED,UNVERIFIED,UNVERIFIED,UNVERIFIED,"Публикация фонда о вещевой программе прямо называет второй склад в селе Сагопши по ул. Белхароева, 41 и выдачу одежды, обуви, хозяйственных и гигиенических средств нуждающимся. Примечание: Последнее адресное подтверждение склада относится к 2020 году. Указаны общие телефоны фонда; работу склада и время выдачи необходимо предварительно уточнять.",семьи и люди в трудной жизненной ситуации,UNVERIFIED,UNVERIFIED,UNVERIFIED,UNVERIFIED,UNVERIFIED,благотворительная выдача бесплатно,UNVERIFIED,UNVERIFIED,UNVERIFIED,https://foundtesham.ru/contacts/,2026-09-25,PARTIAL_OLD_SOURCE,UNVERIFIED,UNVERIFIED,UNVERIFIED,UNVERIFIED,UNVERIFIED,UNVERIFIED,UNVERIFIED,UNVERIFIED,OPEN,200,https://foundtesham.ru/nemnogo-o-veshhevoj-programme-fonda/,EXACT_NORMALIZED,EXACT_NORMALIZED,https://foundtesham.ru/nemnogo-o-veshhevoj-programme-fonda/,YES,OLD_SOURCE_ONLY,UNVERIFIED_NO_LIVE_CHECK,UNVERIFIED,"Web sources cannot confirm a place, supplies, admission, or walk-in access today; contact the point before travel.",2026-09-26
Республика Калмыкия,Малые Дербеты,БУ РК «Малодербетовский комплексный центр социального обслуживания населения»,Отделение срочной помощи; вещевой фонд,государственный комплексный центр социального обслуживания,государственная,"ул. Советская, 7",+7 (84734) 9-18-14,UNVERIFIED,gumkcson@mail.ru,https://kcson-derbety.kalm.socinfo.ru/,https://iap.minsoc08.ru/SP/Offices/GeneralInfo/8?returnUrl=%2FSP%2FOffices%2FSpProvider,https://iap.minsoc08.ru/SP/Offices/GeneralInfo/8?returnUrl=%2FSP%2FOffices%2FSpProvider; https://kcson-derbety.kalm.socinfo.ru/; https://kcson-derbety.kalm.socinfo.ru/veschevoi-fond,UNVERIFIED,UNVERIFIED,UNVERIFIED,UNVERIFIED,YES,UNVERIFIED,UNVERIFIED,UNVERIFIED,UNVERIFIED,UNVERIFIED,UNVERIFIED,UNVERIFIED,UNVERIFIED,YES,"Официальный реестр Минсоцразвития Калмыкии указывает бесплатную выдачу вещей б/у из вещевого фонда и адрес с. Малые Дербеты, ул. Советская, 7. Официальный сайт учреждения указывает другой адрес: ул. 40 лет Победы, 7. Оба адреса одновременно опубликованы; адрес выдачи вещей в сентябре 2026 года необходимо уточнить по телефону до поездки. Примечание: Адрес для посетителей Советская, 7 взят из реестра соцуслуг. В других справочниках встречается юридический адрес Советская, 1/1; перед визитом уточнить адрес выдачи по телефону. Официальные сайты Минсоца и учреждения отвечают HTTP 200 лишь при обходе ошибки сертификата TLS. Наличие вещей и часы выдачи не подтверждены.","малообеспеченные пожилые люди, семьи с детьми и иные нуждающиеся по правилам учреждения",UNVERIFIED,UNVERIFIED,UNVERIFIED,UNVERIFIED,UNVERIFIED,Бесплатно: выдача вещей б/у из вещевого фонда; по сведениям официального реестра,UNVERIFIED,UNVERIFIED,UNVERIFIED,https://kcson-derbety.kalm.socinfo.ru/,2026-09-25,PARTIAL_CURRENT_ADDRESS_CONFLICT,UNVERIFIED,UNVERIFIED,UNVERIFIED,UNVERIFIED,UNVERIFIED,UNVERIFIED,UNVERIFIED,UNVERIFIED,TLS_ERROR,,,UNTESTED,NOT_IN_PRIMARY_TEXT,https://kcson-derbety.kalm.socinfo.ru/,YES,CURRENT_SOURCE_ADDRESS_CONFLICT,UNVERIFIED_NO_LIVE_CHECK,UNVERIFIED,"Web sources cannot confirm a place, supplies, admission, or walk-in access today; contact the point before travel.",2026-09-26
Республика Калмыкия,Садовое,БУ РК «Сарпинский комплексный центр социального обслуживания населения»,Отделение срочных социальных услуг; вещевой фонд,государственный комплексный центр социального обслуживания,государственная,"ул. Коммунистическая, 3",+7 (84741) 2-32-70,+7 (909) 399-67-35,sarpkzson@mail.ru,https://sarp-kcson.kalm.socinfo.ru/,https://sarp-kcson.kalm.socinfo.ru/dtotdjq_ajyl,https://sarp-kcson.kalm.socinfo.ru/dtotdjq_ajyl; https://iap.minsoc08.ru/EE/Offices/GeneralInfo/15; https://sarp-kcson.kalm.socinfo.ru/,UNVERIFIED,UNVERIFIED,UNVERIFIED,UNVERIFIED,YES,UNVERIFIED,UNVERIFIED,UNVERIFIED,UNVERIFIED,UNVERIFIED,UNVERIFIED,UNVERIFIED,UNVERIFIED,YES,"Официальная страница вещевого фонда указывает натуральную помощь людям в трудной ситуации по адресу с. Садовое, ул. Коммунистическая, 3; наличие вещей следует уточнять по телефону. Минсоцразвития Калмыкии отдельно подтверждает бесплатную выдачу вещей б/у. Примечание: Сайт центра публиковал новости 07.09.2026; реестровое описание вещевого фонда основано на более старых сведениях учреждения. У сайтов Минсоца и учреждения есть ошибка проверки сертификата TLS в автоматической проверке; прямые страницы возвращают HTTP 200 при обходе ошибки. Перед поездкой необходимо позвонить и уточнить наличие вещей и часы выдачи.",малообеспеченные пожилые люди и семьи с детьми в трудной жизненной ситуации; другие нуждающиеся по правилам центра,UNVERIFIED,UNVERIFIED,UNVERIFIED,UNVERIFIED,UNVERIFIED,Бесплатно: выдача вещей б/у из вещевого фонда; по сведениям официального реестра,UNVERIFIED,UNVERIFIED,UNVERIFIED,https://sarp-kcson.kalm.socinfo.ru/,2026-09-25,CURRENT_OPERATION_CONFIRMED_SERVICES_OLDER,UNVERIFIED,UNVERIFIED,UNVERIFIED,UNVERIFIED,UNVERIFIED,UNVERIFIED,UNVERIFIED,UNVERIFIED,OPEN,200,https://sarp-kcson.kalm.socinfo.ru/dtotdjq_ajyl,EXACT_NORMALIZED,EXACT_NORMALIZED,https://sarp-kcson.kalm.socinfo.ru/dtotdjq_ajyl,YES,CURRENT_OPERATION_SERVICE_DETAILS_OLDER,UNVERIFIED_NO_LIVE_CHECK,UNVERIFIED,"Web sources cannot confirm a place, supplies, admission, or walk-in access today; contact the point before travel.",2026-09-26
Республика Карелия,Беломорск,ГБУ СО РК «Комплексный центр социального обслуживания населения Республики Карелия»,Обменно-вещевой пункт — Подразделение по Беломорскому муниципальному округу,обменно-вещевой пункт; отделение срочной социальной помощи,государственная,"ул. Комсомольская, 3а",8 (81437) 5-17-58,8 964 318 92 88,UNVERIFIED,UNVERIFIED,https://prionego.ru/sites/default/files/gazeta/prionezhje_099543_10-03-2023-dlya-sayta.pdf,https://prionego.ru/sites/default/files/gazeta/prionezhje_099543_10-03-2023-dlya-sayta.pdf; https://social-karelia.ru/2026/07/,UNVERIFIED,UNVERIFIED,UNVERIFIED,UNVERIFIED,RESTRICTIONS,RESTRICTIONS,UNVERIFIED,UNVERIFIED,UNVERIFIED,UNVERIFIED,UNVERIFIED,UNVERIFIED,UNVERIFIED,RESTRICTIONS,"Срочная социальная услуга «Обеспечение одеждой, обувью и другими предметами первой необходимости»; бесплатная выдача сезонной одежды и обуви детям и взрослым. Примечание: Официальный перечень 18 обменно-вещевых пунктов, июль 2026. Время и необходимость записи нужно уточнить по телефону.",Малоимущие граждане и семьи в трудной жизненной ситуации.,UNVERIFIED,UNVERIFIED,UNVERIFIED,UNVERIFIED,UNVERIFIED,Бесплатно для указанных получателей,UNVERIFIED,UNVERIFIED,UNVERIFIED,UNVERIFIED,2026-09-25,VERIFIED_CURRENT_PRIMARY_SITE_MAINTENANCE,UNVERIFIED,UNVERIFIED,UNVERIFIED,UNVERIFIED,UNVERIFIED,UNVERIFIED,UNVERIFIED,UNVERIFIED,OPEN,200,https://prionego.ru/sites/default/files/gazeta/prionezhje_099543_10-03-2023-dlya-sayta.pdf,UNTESTED,UNTESTED,https://prionego.ru/sites/default/files/gazeta/prionezhje_099543_10-03-2023-dlya-sayta.pdf,YES,CURRENT_LOCATION_AND_SERVICE_REPORTED,UNVERIFIED_NO_LIVE_CHECK,UNVERIFIED,"Web sources cannot confirm a place, supplies, admission, or walk-in access today; contact the point before travel.",2026-09-26
Республика Карелия,Кемь,ГБУ СО РК «Комплексный центр социального обслуживания населения Республики Карелия»,Обменно-вещевой пункт — Подразделение по Кемскому муниципальному округу,обменно-вещевой пункт; отделение срочной социальной помощи,государственная,"ул. Бланки, 12",8 963 740 55 33,UNVERIFIED,UNVERIFIED,UNVERIFIED,https://prionego.ru/sites/default/files/gazeta/prionezhje_099543_10-03-2023-dlya-sayta.pdf,https://prionego.ru/sites/default/files/gazeta/prionezhje_099543_10-03-2023-dlya-sayta.pdf; https://social-karelia.ru/2026/07/,UNVERIFIED,UNVERIFIED,UNVERIFIED,UNVERIFIED,RESTRICTIONS,RESTRICTIONS,UNVERIFIED,UNVERIFIED,UNVERIFIED,UNVERIFIED,UNVERIFIED,UNVERIFIED,UNVERIFIED,RESTRICTIONS,"Срочная социальная услуга «Обеспечение одеждой, обувью и другими предметами первой необходимости»; бесплатная выдача сезонной одежды и обуви детям и взрослым. Примечание: Официальный перечень 18 обменно-вещевых пунктов, июль 2026. Время и необходимость записи нужно уточнить по телефону.",Малоимущие граждане и семьи в трудной жизненной ситуации.,UNVERIFIED,UNVERIFIED,UNVERIFIED,UNVERIFIED,UNVERIFIED,Бесплатно для указанных получателей,UNVERIFIED,UNVERIFIED,UNVERIFIED,UNVERIFIED,2026-09-25,VERIFIED_CURRENT_PRIMARY_SITE_MAINTENANCE,UNVERIFIED,UNVERIFIED,UNVERIFIED,UNVERIFIED,UNVERIFIED,UNVERIFIED,UNVERIFIED,UNVERIFIED,OPEN,200,https://prionego.ru/sites/default/files/gazeta/prionezhje_099543_10-03-2023-dlya-sayta.pdf,UNTESTED,UNTESTED,https://prionego.ru/sites/default/files/gazeta/prionezhje_099543_10-03-2023-dlya-sayta.pdf,YES,CURRENT_LOCATION_AND_SERVICE_REPORTED,UNVERIFIED_NO_LIVE_CHECK,UNVERIFIED,"Web sources cannot confirm a place, supplies, admission, or walk-in access today; contact the point before travel.",2026-09-26
Республика Карелия,Кондопога,ГБУ СО РК «Комплексный центр социального обслуживания населения Республики Карелия»,Обменно-вещевой пункт — Подразделение по Кондопожскому району,обменно-вещевой пункт; отделение срочной социальной помощи,государственная,"ул. Заводская, 14",8 900 457 91 20,UNVERIFIED,UNVERIFIED,UNVERIFIED,https://prionego.ru/sites/default/files/gazeta/prionezhje_099543_10-03-2023-dlya-sayta.pdf,https://prionego.ru/sites/default/files/gazeta/prionezhje_099543_10-03-2023-dlya-sayta.pdf; https://social-karelia.ru/2026/07/,UNVERIFIED,UNVERIFIED,UNVERIFIED,UNVERIFIED,RESTRICTIONS,RESTRICTIONS,UNVERIFIED,UNVERIFIED,UNVERIFIED,UNVERIFIED,UNVERIFIED,UNVERIFIED,UNVERIFIED,RESTRICTIONS,"Срочная социальная услуга «Обеспечение одеждой, обувью и другими предметами первой необходимости»; бесплатная выдача сезонной одежды и обуви детям и взрослым. Примечание: Официальный перечень 18 обменно-вещевых пунктов, июль 2026. Время и необходимость записи нужно уточнить по телефону.",Малоимущие граждане и семьи в трудной жизненной ситуации.,UNVERIFIED,UNVERIFIED,UNVERIFIED,UNVERIFIED,UNVERIFIED,Бесплатно для указанных получателей,UNVERIFIED,UNVERIFIED,UNVERIFIED,UNVERIFIED,2026-09-25,VERIFIED_CURRENT_PRIMARY_SITE_MAINTENANCE,UNVERIFIED,UNVERIFIED,UNVERIFIED,UNVERIFIED,UNVERIFIED,UNVERIFIED,UNVERIFIED,UNVERIFIED,OPEN,200,https://prionego.ru/sites/default/files/gazeta/prionezhje_099543_10-03-2023-dlya-sayta.pdf,UNTESTED,UNTESTED,https://prionego.ru/sites/default/files/gazeta/prionezhje_099543_10-03-2023-dlya-sayta.pdf,YES,CURRENT_LOCATION_AND_SERVICE_REPORTED,UNVERIFIED_NO_LIVE_CHECK,UNVERIFIED,"Web sources cannot confirm a place, supplies, admission, or walk-in access today; contact the point before travel.",2026-09-26
Республика Карелия,Костомукша,ГБУ СО РК «Комплексный центр социального обслуживания населения Республики Карелия»,Обменно-вещевой пункт — Подразделение по Костомукшскому муниципальному округу,обменно-вещевой пункт; отделение срочной социальной помощи,государственная,"ул. Первомайская, 12а",8 911 661 35 97,UNVERIFIED,UNVERIFIED,UNVERIFIED,https://prionego.ru/sites/default/files/gazeta/prionezhje_099543_10-03-2023-dlya-sayta.pdf,https://prionego.ru/sites/default/files/gazeta/prionezhje_099543_10-03-2023-dlya-sayta.pdf; https://social-karelia.ru/2026/07/,UNVERIFIED,UNVERIFIED,UNVERIFIED,UNVERIFIED,RESTRICTIONS,RESTRICTIONS,UNVERIFIED,UNVERIFIED,UNVERIFIED,UNVERIFIED,UNVERIFIED,UNVERIFIED,UNVERIFIED,RESTRICTIONS,"Срочная социальная услуга «Обеспечение одеждой, обувью и другими предметами первой необходимости»; бесплатная выдача сезонной одежды и обуви детям и взрослым. Примечание: Официальный перечень 18 обменно-вещевых пунктов, июль 2026. Время и необходимость записи нужно уточнить по телефону.",Малоимущие граждане и семьи в трудной жизненной ситуации.,UNVERIFIED,UNVERIFIED,UNVERIFIED,UNVERIFIED,UNVERIFIED,Бесплатно для указанных получателей,UNVERIFIED,UNVERIFIED,UNVERIFIED,UNVERIFIED,2026-09-25,VERIFIED_CURRENT_PRIMARY_SITE_MAINTENANCE,UNVERIFIED,UNVERIFIED,UNVERIFIED,UNVERIFIED,UNVERIFIED,UNVERIFIED,UNVERIFIED,UNVERIFIED,OPEN,200,https://prionego.ru/sites/default/files/gazeta/prionezhje_099543_10-03-2023-dlya-sayta.pdf,UNTESTED,UNTESTED,https://prionego.ru/sites/default/files/gazeta/prionezhje_099543_10-03-2023-dlya-sayta.pdf,YES,CURRENT_LOCATION_AND_SERVICE_REPORTED,UNVERIFIED_NO_LIVE_CHECK,UNVERIFIED,"Web sources cannot confirm a place, supplies, admission, or walk-in access today; contact the point before travel.",2026-09-26
Республика Карелия,Лахденпохья,ГБУ СО РК «Комплексный центр социального обслуживания населения Республики Карелия»,Обменно-вещевой пункт — Подразделение по Лахденпохскому муниципальному округу,обменно-вещевой пункт; отделение срочной социальной помощи,государственная,"ул. Школьная, 3",8 911 420 54 60,UNVERIFIED,UNVERIFIED,UNVERIFIED,https://prionego.ru/sites/default/files/gazeta/prionezhje_099543_10-03-2023-dlya-sayta.pdf,https://prionego.ru/sites/default/files/gazeta/prionezhje_099543_10-03-2023-dlya-sayta.pdf; https://social-karelia.ru/2026/07/,UNVERIFIED,UNVERIFIED,UNVERIFIED,UNVERIFIED,RESTRICTIONS,RESTRICTIONS,UNVERIFIED,UNVERIFIED,UNVERIFIED,UNVERIFIED,UNVERIFIED,UNVERIFIED,UNVERIFIED,RESTRICTIONS,"Срочная социальная услуга «Обеспечение одеждой, обувью и другими предметами первой необходимости»; бесплатная выдача сезонной одежды и обуви детям и взрослым. Примечание: Официальный перечень 18 обменно-вещевых пунктов, июль 2026. Время и необходимость записи нужно уточнить по телефону.",Малоимущие граждане и семьи в трудной жизненной ситуации.,UNVERIFIED,UNVERIFIED,UNVERIFIED,UNVERIFIED,UNVERIFIED,Бесплатно для указанных получателей,UNVERIFIED,UNVERIFIED,UNVERIFIED,UNVERIFIED,2026-09-25,VERIFIED_CURRENT_PRIMARY_SITE_MAINTENANCE,UNVERIFIED,UNVERIFIED,UNVERIFIED,UNVERIFIED,UNVERIFIED,UNVERIFIED,UNVERIFIED,UNVERIFIED,OPEN,200,https://prionego.ru/sites/default/files/gazeta/prionezhje_099543_10-03-2023-dlya-sayta.pdf,UNTESTED,UNTESTED,https://prionego.ru/sites/default/files/gazeta/prionezhje_099543_10-03-2023-dlya-sayta.pdf,YES,CURRENT_LOCATION_AND_SERVICE_REPORTED,UNVERIFIED_NO_LIVE_CHECK,UNVERIFIED,"Web sources cannot confirm a place, supplies, admission, or walk-in access today; contact the point before travel.",2026-09-26
Республика Карелия,Медвежьегорск,ГБУ СО РК «Комплексный центр социального обслуживания населения Республики Карелия»,Обменно-вещевой пункт — Подразделение по Медвежьегорскому муниципальному округу,обменно-вещевой пункт; отделение срочной социальной помощи,государственная,"ул. Дзержинского, 6",8 (81434) 5-12-29,UNVERIFIED,UNVERIFIED,UNVERIFIED,https://prionego.ru/sites/default/files/gazeta/prionezhje_099543_10-03-2023-dlya-sayta.pdf,https://prionego.ru/sites/default/files/gazeta/prionezhje_099543_10-03-2023-dlya-sayta.pdf; https://social-karelia.ru/2026/07/,UNVERIFIED,UNVERIFIED,UNVERIFIED,UNVERIFIED,RESTRICTIONS,RESTRICTIONS,UNVERIFIED,UNVERIFIED,UNVERIFIED,UNVERIFIED,UNVERIFIED,UNVERIFIED,UNVERIFIED,RESTRICTIONS,"Срочная социальная услуга «Обеспечение одеждой, обувью и другими предметами первой необходимости»; бесплатная выдача сезонной одежды и обуви детям и взрослым. Примечание: Официальный перечень 18 обменно-вещевых пунктов, июль 2026. Время и необходимость записи нужно уточнить по телефону.",Малоимущие граждане и семьи в трудной жизненной ситуации.,UNVERIFIED,UNVERIFIED,UNVERIFIED,UNVERIFIED,UNVERIFIED,Бесплатно для указанных получателей,UNVERIFIED,UNVERIFIED,UNVERIFIED,UNVERIFIED,2026-09-25,VERIFIED_CURRENT_PRIMARY_SITE_MAINTENANCE,UNVERIFIED,UNVERIFIED,UNVERIFIED,UNVERIFIED,UNVERIFIED,UNVERIFIED,UNVERIFIED,UNVERIFIED,OPEN,200,https://prionego.ru/sites/default/files/gazeta/prionezhje_099543_10-03-2023-dlya-sayta.pdf,UNTESTED,UNTESTED,https://prionego.ru/sites/default/files/gazeta/prionezhje_099543_10-03-2023-dlya-sayta.pdf,YES,CURRENT_LOCATION_AND_SERVICE_REPORTED,UNVERIFIED_NO_LIVE_CHECK,UNVERIFIED,"Web sources cannot confirm a place, supplies, admission, or walk-in access today; contact the point before travel.",2026-09-26
Республика Карелия,Олонец,ГБУ СО РК «Комплексный центр социального обслуживания населения Республики Карелия»,Обменно-вещевой пункт — Подразделение по Олонецкому району,обменно-вещевой пункт; отделение срочной социальной помощи,государственная,"ул. Полевая, 11а",8 (81436) 4-11-26,8 921 459 48 31,UNVERIFIED,UNVERIFIED,https://prionego.ru/sites/default/files/gazeta/prionezhje_099543_10-03-2023-dlya-sayta.pdf,https://prionego.ru/sites/default/files/gazeta/prionezhje_099543_10-03-2023-dlya-sayta.pdf; https://social-karelia.ru/2026/07/,UNVERIFIED,UNVERIFIED,UNVERIFIED,UNVERIFIED,RESTRICTIONS,RESTRICTIONS,UNVERIFIED,UNVERIFIED,UNVERIFIED,UNVERIFIED,UNVERIFIED,UNVERIFIED,UNVERIFIED,RESTRICTIONS,"Срочная социальная услуга «Обеспечение одеждой, обувью и другими предметами первой необходимости»; бесплатная выдача сезонной одежды и обуви детям и взрослым. Примечание: Официальный перечень 18 обменно-вещевых пунктов, июль 2026. Время и необходимость записи нужно уточнить по телефону.",Малоимущие граждане и семьи в трудной жизненной ситуации.,UNVERIFIED,UNVERIFIED,UNVERIFIED,UNVERIFIED,UNVERIFIED,Бесплатно для указанных получателей,UNVERIFIED,UNVERIFIED,UNVERIFIED,UNVERIFIED,2026-09-25,VERIFIED_CURRENT_PRIMARY_SITE_MAINTENANCE,UNVERIFIED,UNVERIFIED,UNVERIFIED,UNVERIFIED,UNVERIFIED,UNVERIFIED,UNVERIFIED,UNVERIFIED,OPEN,200,https://prionego.ru/sites/default/files/gazeta/prionezhje_099543_10-03-2023-dlya-sayta.pdf,UNTESTED,UNTESTED,https://prionego.ru/sites/default/files/gazeta/prionezhje_099543_10-03-2023-dlya-sayta.pdf,YES,CURRENT_LOCATION_AND_SERVICE_REPORTED,UNVERIFIED_NO_LIVE_CHECK,UNVERIFIED,"Web sources cannot confirm a place, supplies, admission, or walk-in access today; contact the point before travel.",2026-09-26
Республика Карелия,Петрозаводск,ГБУ СО РК «Комплексный центр социального обслуживания населения Республики Карелия»,Обменно-вещевой пункт — Подразделение по Петрозаводскому городскому округу и Прионежскому району,обменно-вещевой пункт; отделение срочной социальной помощи,государственная,"ул. Лизы Чайкиной, 9",8 (8142) 78-27-81,UNVERIFIED,UNVERIFIED,UNVERIFIED,https://prionego.ru/sites/default/files/gazeta/prionezhje_099543_10-03-2023-dlya-sayta.pdf,https://prionego.ru/sites/default/files/gazeta/prionezhje_099543_10-03-2023-dlya-sayta.pdf; https://social-karelia.ru/2026/07/,UNVERIFIED,UNVERIFIED,UNVERIFIED,UNVERIFIED,RESTRICTIONS,RESTRICTIONS,UNVERIFIED,UNVERIFIED,UNVERIFIED,UNVERIFIED,UNVERIFIED,UNVERIFIED,UNVERIFIED,RESTRICTIONS,"Срочная социальная услуга «Обеспечение одеждой, обувью и другими предметами первой необходимости»; бесплатная выдача сезонной одежды и обуви детям и взрослым. Примечание: Официальный перечень 18 обменно-вещевых пунктов, июль 2026. Время и необходимость записи нужно уточнить по телефону.",Малоимущие граждане и семьи в трудной жизненной ситуации.,UNVERIFIED,UNVERIFIED,UNVERIFIED,UNVERIFIED,UNVERIFIED,Бесплатно для указанных получателей,UNVERIFIED,UNVERIFIED,UNVERIFIED,UNVERIFIED,2026-09-25,VERIFIED_CURRENT_PRIMARY_SITE_MAINTENANCE,UNVERIFIED,UNVERIFIED,UNVERIFIED,UNVERIFIED,UNVERIFIED,UNVERIFIED,UNVERIFIED,UNVERIFIED,OPEN,200,https://prionego.ru/sites/default/files/gazeta/prionezhje_099543_10-03-2023-dlya-sayta.pdf,UNTESTED,UNTESTED,https://prionego.ru/sites/default/files/gazeta/prionezhje_099543_10-03-2023-dlya-sayta.pdf,YES,CURRENT_LOCATION_AND_SERVICE_REPORTED,UNVERIFIED_NO_LIVE_CHECK,UNVERIFIED,"Web sources cannot confirm a place, supplies, admission, or walk-in access today; contact the point before travel.",2026-09-26
Республика Карелия,Питкяранта,ГБУ СО РК «Комплексный центр социального обслуживания населения Республики Карелия»,Обменно-вещевой пункт — Подразделение по Питкярантскому муниципальному округу,обменно-вещевой пункт; отделение срочной социальной помощи,государственная,"ул. Ленина, 43а",8 911 420 31 84,UNVERIFIED,UNVERIFIED,UNVERIFIED,https://prionego.ru/sites/default/files/gazeta/prionezhje_099543_10-03-2023-dlya-sayta.pdf,https://prionego.ru/sites/default/files/gazeta/prionezhje_099543_10-03-2023-dlya-sayta.pdf; https://social-karelia.ru/2026/07/,UNVERIFIED,UNVERIFIED,UNVERIFIED,UNVERIFIED,RESTRICTIONS,RESTRICTIONS,UNVERIFIED,UNVERIFIED,UNVERIFIED,UNVERIFIED,UNVERIFIED,UNVERIFIED,UNVERIFIED,RESTRICTIONS,"Срочная социальная услуга «Обеспечение одеждой, обувью и другими предметами первой необходимости»; бесплатная выдача сезонной одежды и обуви детям и взрослым. Примечание: Официальный перечень 18 обменно-вещевых пунктов, июль 2026. Время и необходимость записи нужно уточнить по телефону.",Малоимущие граждане и семьи в трудной жизненной ситуации.,UNVERIFIED,UNVERIFIED,UNVERIFIED,UNVERIFIED,UNVERIFIED,Бесплатно для указанных получателей,UNVERIFIED,UNVERIFIED,UNVERIFIED,UNVERIFIED,2026-09-25,VERIFIED_CURRENT_PRIMARY_SITE_MAINTENANCE,UNVERIFIED,UNVERIFIED,UNVERIFIED,UNVERIFIED,UNVERIFIED,UNVERIFIED,UNVERIFIED,UNVERIFIED,OPEN,200,https://prionego.ru/sites/default/files/gazeta/prionezhje_099543_10-03-2023-dlya-sayta.pdf,UNTESTED,UNTESTED,https://prionego.ru/sites/default/files/gazeta/prionezhje_099543_10-03-2023-dlya-sayta.pdf,YES,CURRENT_LOCATION_AND_SERVICE_REPORTED,UNVERIFIED_NO_LIVE_CHECK,UNVERIFIED,"Web sources cannot confirm a place, supplies, admission, or walk-in access today; contact the point before travel.",2026-09-26
Республика Карелия,Пудож,ГБУ СО РК «Комплексный центр социального обслуживания населения Республики Карелия»,Обменно-вещевой пункт — Подразделение по Пудожскому району,обменно-вещевой пункт; отделение срочной социальной помощи,государственная,"ул. Пионерская, 1",8 963 740 67 73,UNVERIFIED,UNVERIFIED,UNVERIFIED,https://prionego.ru/sites/default/files/gazeta/prionezhje_099543_10-03-2023-dlya-sayta.pdf,https://prionego.ru/sites/default/files/gazeta/prionezhje_099543_10-03-2023-dlya-sayta.pdf; https://social-karelia.ru/2026/07/,UNVERIFIED,UNVERIFIED,UNVERIFIED,UNVERIFIED,RESTRICTIONS,RESTRICTIONS,UNVERIFIED,UNVERIFIED,UNVERIFIED,UNVERIFIED,UNVERIFIED,UNVERIFIED,UNVERIFIED,RESTRICTIONS,"Срочная социальная услуга «Обеспечение одеждой, обувью и другими предметами первой необходимости»; бесплатная выдача сезонной одежды и обуви детям и взрослым. Примечание: Официальный перечень 18 обменно-вещевых пунктов, июль 2026. Время и необходимость записи нужно уточнить по телефону.",Малоимущие граждане и семьи в трудной жизненной ситуации.,UNVERIFIED,UNVERIFIED,UNVERIFIED,UNVERIFIED,UNVERIFIED,Бесплатно для указанных получателей,UNVERIFIED,UNVERIFIED,UNVERIFIED,UNVERIFIED,2026-09-25,VERIFIED_CURRENT_PRIMARY_SITE_MAINTENANCE,UNVERIFIED,UNVERIFIED,UNVERIFIED,UNVERIFIED,UNVERIFIED,UNVERIFIED,UNVERIFIED,UNVERIFIED,OPEN,200,https://prionego.ru/sites/default/files/gazeta/prionezhje_099543_10-03-2023-dlya-sayta.pdf,UNTESTED,UNTESTED,https://prionego.ru/sites/default/files/gazeta/prionezhje_099543_10-03-2023-dlya-sayta.pdf,YES,CURRENT_LOCATION_AND_SERVICE_REPORTED,UNVERIFIED_NO_LIVE_CHECK,UNVERIFIED,"Web sources cannot confirm a place, supplies, admission, or walk-in access today; contact the point before travel.",2026-09-26
Республика Карелия,Сегежа,ГБУ СО РК «Комплексный центр социального обслуживания населения Республики Карелия»,Обменно-вещевой пункт — Подразделение по Сегежскому муниципальному округу,обменно-вещевой пункт; отделение срочной социальной помощи,государственная,"ул. Лесная, 3а",8 (81431) 4-35-71,UNVERIFIED,UNVERIFIED,UNVERIFIED,https://prionego.ru/sites/default/files/gazeta/prionezhje_099543_10-03-2023-dlya-sayta.pdf,https://prionego.ru/sites/default/files/gazeta/prionezhje_099543_10-03-2023-dlya-sayta.pdf; https://social-karelia.ru/2026/07/,UNVERIFIED,UNVERIFIED,UNVERIFIED,UNVERIFIED,RESTRICTIONS,RESTRICTIONS,UNVERIFIED,UNVERIFIED,UNVERIFIED,UNVERIFIED,UNVERIFIED,UNVERIFIED,UNVERIFIED,RESTRICTIONS,"Срочная социальная услуга «Обеспечение одеждой, обувью и другими предметами первой необходимости»; бесплатная выдача сезонной одежды и обуви детям и взрослым. Примечание: Официальный перечень 18 обменно-вещевых пунктов, июль 2026. Время и необходимость записи нужно уточнить по телефону.",Малоимущие граждане и семьи в трудной жизненной ситуации.,UNVERIFIED,UNVERIFIED,UNVERIFIED,UNVERIFIED,UNVERIFIED,Бесплатно для указанных получателей,UNVERIFIED,UNVERIFIED,UNVERIFIED,UNVERIFIED,2026-09-25,VERIFIED_CURRENT_PRIMARY_SITE_MAINTENANCE,UNVERIFIED,UNVERIFIED,UNVERIFIED,UNVERIFIED,UNVERIFIED,UNVERIFIED,UNVERIFIED,UNVERIFIED,OPEN,200,https://prionego.ru/sites/default/files/gazeta/prionezhje_099543_10-03-2023-dlya-sayta.pdf,UNTESTED,UNTESTED,https://prionego.ru/sites/default/files/gazeta/prionezhje_099543_10-03-2023-dlya-sayta.pdf,YES,CURRENT_LOCATION_AND_SERVICE_REPORTED,UNVERIFIED_NO_LIVE_CHECK,UNVERIFIED,"Web sources cannot confirm a place, supplies, admission, or walk-in access today; contact the point before travel.",2026-09-26
Республика Карелия,Сортавала,ГБУ СО РК «Комплексный центр социального обслуживания населения Республики Карелия»,Обменно-вещевой пункт — Подразделение по Сортавальскому муниципальному округу,обменно-вещевой пункт; отделение срочной социальной помощи,государственная,"ул. Горького, 4",8 (81430) 4-52-88,UNVERIFIED,UNVERIFIED,UNVERIFIED,https://prionego.ru/sites/default/files/gazeta/prionezhje_099543_10-03-2023-dlya-sayta.pdf,https://prionego.ru/sites/default/files/gazeta/prionezhje_099543_10-03-2023-dlya-sayta.pdf; https://social-karelia.ru/2026/07/,UNVERIFIED,UNVERIFIED,UNVERIFIED,UNVERIFIED,RESTRICTIONS,RESTRICTIONS,UNVERIFIED,UNVERIFIED,UNVERIFIED,UNVERIFIED,UNVERIFIED,UNVERIFIED,UNVERIFIED,RESTRICTIONS,"Срочная социальная услуга «Обеспечение одеждой, обувью и другими предметами первой необходимости»; бесплатная выдача сезонной одежды и обуви детям и взрослым. Примечание: Официальный перечень 18 обменно-вещевых пунктов, июль 2026. Время и необходимость записи нужно уточнить по телефону.",Малоимущие граждане и семьи в трудной жизненной ситуации.,UNVERIFIED,UNVERIFIED,UNVERIFIED,UNVERIFIED,UNVERIFIED,Бесплатно для указанных получателей,UNVERIFIED,UNVERIFIED,UNVERIFIED,UNVERIFIED,2026-09-25,VERIFIED_CURRENT_PRIMARY_SITE_MAINTENANCE,UNVERIFIED,UNVERIFIED,UNVERIFIED,UNVERIFIED,UNVERIFIED,UNVERIFIED,UNVERIFIED,UNVERIFIED,OPEN,200,https://prionego.ru/sites/default/files/gazeta/prionezhje_099543_10-03-2023-dlya-sayta.pdf,UNTESTED,UNTESTED,https://prionego.ru/sites/default/files/gazeta/prionezhje_099543_10-03-2023-dlya-sayta.pdf,YES,CURRENT_LOCATION_AND_SERVICE_REPORTED,UNVERIFIED_NO_LIVE_CHECK,UNVERIFIED,"Web sources cannot confirm a place, supplies, admission, or walk-in access today; contact the point before travel.",2026-09-26
Республика Карелия,Суоярви,ГБУ СО РК «Комплексный центр социального обслуживания населения Республики Карелия»,Обменно-вещевой пункт — Подразделение по Суоярвскому муниципальному округу,обменно-вещевой пункт; отделение срочной социальной помощи,государственная,"ул. Н. Идрисова, 10",8 (81457) 5-15-58,UNVERIFIED,UNVERIFIED,UNVERIFIED,https://prionego.ru/sites/default/files/gazeta/prionezhje_099543_10-03-2023-dlya-sayta.pdf,https://prionego.ru/sites/default/files/gazeta/prionezhje_099543_10-03-2023-dlya-sayta.pdf; https://social-karelia.ru/2026/07/,UNVERIFIED,UNVERIFIED,UNVERIFIED,UNVERIFIED,RESTRICTIONS,RESTRICTIONS,UNVERIFIED,UNVERIFIED,UNVERIFIED,UNVERIFIED,UNVERIFIED,UNVERIFIED,UNVERIFIED,RESTRICTIONS,"Срочная социальная услуга «Обеспечение одеждой, обувью и другими предметами первой необходимости»; бесплатная выдача сезонной одежды и обуви детям и взрослым. Примечание: Официальный перечень 18 обменно-вещевых пунктов, июль 2026. Время и необходимость записи нужно уточнить по телефону.",Малоимущие граждане и семьи в трудной жизненной ситуации.,UNVERIFIED,UNVERIFIED,UNVERIFIED,UNVERIFIED,UNVERIFIED,Бесплатно для указанных получателей,UNVERIFIED,UNVERIFIED,UNVERIFIED,UNVERIFIED,2026-09-25,VERIFIED_CURRENT_PRIMARY_SITE_MAINTENANCE,UNVERIFIED,UNVERIFIED,UNVERIFIED,UNVERIFIED,UNVERIFIED,UNVERIFIED,UNVERIFIED,UNVERIFIED,OPEN,200,https://prionego.ru/sites/default/files/gazeta/prionezhje_099543_10-03-2023-dlya-sayta.pdf,UNTESTED,UNTESTED,https://prionego.ru/sites/default/files/gazeta/prionezhje_099543_10-03-2023-dlya-sayta.pdf,YES,CURRENT_LOCATION_AND_SERVICE_REPORTED,UNVERIFIED_NO_LIVE_CHECK,UNVERIFIED,"Web sources cannot confirm a place, supplies, admission, or walk-in access today; contact the point before travel.",2026-09-26
Республика Карелия,пгт Калевала,ГБУ СО РК «Комплексный центр социального обслуживания населения Республики Карелия»,Обменно-вещевой пункт — Подразделение по Калевальскому району,обменно-вещевой пункт; отделение срочной социальной помощи,государственная,"ул. Пионерская, 15",8 (81454) 4-23-34,UNVERIFIED,UNVERIFIED,UNVERIFIED,https://prionego.ru/sites/default/files/gazeta/prionezhje_099543_10-03-2023-dlya-sayta.pdf,https://prionego.ru/sites/default/files/gazeta/prionezhje_099543_10-03-2023-dlya-sayta.pdf; https://social-karelia.ru/2026/07/,UNVERIFIED,UNVERIFIED,UNVERIFIED,UNVERIFIED,RESTRICTIONS,RESTRICTIONS,UNVERIFIED,UNVERIFIED,UNVERIFIED,UNVERIFIED,UNVERIFIED,UNVERIFIED,UNVERIFIED,RESTRICTIONS,"Срочная социальная услуга «Обеспечение одеждой, обувью и другими предметами первой необходимости»; бесплатная выдача сезонной одежды и обуви детям и взрослым. Примечание: Официальный перечень 18 обменно-вещевых пунктов, июль 2026. Время и необходимость записи нужно уточнить по телефону.",Малоимущие граждане и семьи в трудной жизненной ситуации.,UNVERIFIED,UNVERIFIED,UNVERIFIED,UNVERIFIED,UNVERIFIED,Бесплатно для указанных получателей,UNVERIFIED,UNVERIFIED,UNVERIFIED,UNVERIFIED,2026-09-25,VERIFIED_CURRENT_PRIMARY_SITE_MAINTENANCE,UNVERIFIED,UNVERIFIED,UNVERIFIED,UNVERIFIED,UNVERIFIED,UNVERIFIED,UNVERIFIED,UNVERIFIED,OPEN,200,https://prionego.ru/sites/default/files/gazeta/prionezhje_099543_10-03-2023-dlya-sayta.pdf,UNTESTED,UNTESTED,https://prionego.ru/sites/default/files/gazeta/prionezhje_099543_10-03-2023-dlya-sayta.pdf,YES,CURRENT_LOCATION_AND_SERVICE_REPORTED,UNVERIFIED_NO_LIVE_CHECK,UNVERIFIED,"Web sources cannot confirm a place, supplies, admission, or walk-in access today; contact the point before travel.",2026-09-26
Республика Карелия,пгт Лоухи,ГБУ СО РК «Комплексный центр социального обслуживания населения Республики Карелия»,Обменно-вещевой пункт — Подразделение по Лоухскому району,обменно-вещевой пункт; отделение срочной социальной помощи,государственная,"ул. Октябрьская, 18",8 (81439) 5-26-05,UNVERIFIED,UNVERIFIED,UNVERIFIED,https://prionego.ru/sites/default/files/gazeta/prionezhje_099543_10-03-2023-dlya-sayta.pdf,https://prionego.ru/sites/default/files/gazeta/prionezhje_099543_10-03-2023-dlya-sayta.pdf; https://social-karelia.ru/2026/07/,UNVERIFIED,UNVERIFIED,UNVERIFIED,UNVERIFIED,RESTRICTIONS,RESTRICTIONS,UNVERIFIED,UNVERIFIED,UNVERIFIED,UNVERIFIED,UNVERIFIED,UNVERIFIED,UNVERIFIED,RESTRICTIONS,"Срочная социальная услуга «Обеспечение одеждой, обувью и другими предметами первой необходимости»; бесплатная выдача сезонной одежды и обуви детям и взрослым. Примечание: Официальный перечень 18 обменно-вещевых пунктов, июль 2026. Время и необходимость записи нужно уточнить по телефону.",Малоимущие граждане и семьи в трудной жизненной ситуации.,UNVERIFIED,UNVERIFIED,UNVERIFIED,UNVERIFIED,UNVERIFIED,Бесплатно для указанных получателей,UNVERIFIED,UNVERIFIED,UNVERIFIED,UNVERIFIED,2026-09-25,VERIFIED_CURRENT_PRIMARY_SITE_MAINTENANCE,UNVERIFIED,UNVERIFIED,UNVERIFIED,UNVERIFIED,UNVERIFIED,UNVERIFIED,UNVERIFIED,UNVERIFIED,OPEN,200,https://prionego.ru/sites/default/files/gazeta/prionezhje_099543_10-03-2023-dlya-sayta.pdf,UNTESTED,UNTESTED,https://prionego.ru/sites/default/files/gazeta/prionezhje_099543_10-03-2023-dlya-sayta.pdf,YES,CURRENT_LOCATION_AND_SERVICE_REPORTED,UNVERIFIED_NO_LIVE_CHECK,UNVERIFIED,"Web sources cannot confirm a place, supplies, admission, or walk-in access today; contact the point before travel.",2026-09-26
Республика Карелия,пгт Муезерский,ГБУ СО РК «Комплексный центр социального обслуживания населения Республики Карелия»,Обменно-вещевой пункт — Подразделение по Муезерскому муниципальному округу,обменно-вещевой пункт; отделение срочной социальной помощи,государственная,"ул. Октябрьская, 22–2",8 911 420 56 49,UNVERIFIED,UNVERIFIED,UNVERIFIED,https://prionego.ru/sites/default/files/gazeta/prionezhje_099543_10-03-2023-dlya-sayta.pdf,https://prionego.ru/sites/default/files/gazeta/prionezhje_099543_10-03-2023-dlya-sayta.pdf; https://social-karelia.ru/2026/07/,UNVERIFIED,UNVERIFIED,UNVERIFIED,UNVERIFIED,RESTRICTIONS,RESTRICTIONS,UNVERIFIED,UNVERIFIED,UNVERIFIED,UNVERIFIED,UNVERIFIED,UNVERIFIED,UNVERIFIED,RESTRICTIONS,"Срочная социальная услуга «Обеспечение одеждой, обувью и другими предметами первой необходимости»; бесплатная выдача сезонной одежды и обуви детям и взрослым. Примечание: Официальный перечень 18 обменно-вещевых пунктов, июль 2026. Время и необходимость записи нужно уточнить по телефону.",Малоимущие граждане и семьи в трудной жизненной ситуации.,UNVERIFIED,UNVERIFIED,UNVERIFIED,UNVERIFIED,UNVERIFIED,Бесплатно для указанных получателей,UNVERIFIED,UNVERIFIED,UNVERIFIED,UNVERIFIED,2026-09-25,VERIFIED_CURRENT_PRIMARY_SITE_MAINTENANCE,UNVERIFIED,UNVERIFIED,UNVERIFIED,UNVERIFIED,UNVERIFIED,UNVERIFIED,UNVERIFIED,UNVERIFIED,OPEN,200,https://prionego.ru/sites/default/files/gazeta/prionezhje_099543_10-03-2023-dlya-sayta.pdf,UNTESTED,UNTESTED,https://prionego.ru/sites/default/files/gazeta/prionezhje_099543_10-03-2023-dlya-sayta.pdf,YES,CURRENT_LOCATION_AND_SERVICE_REPORTED,UNVERIFIED_NO_LIVE_CHECK,UNVERIFIED,"Web sources cannot confirm a place, supplies, admission, or walk-in access today; contact the point before travel.",2026-09-26
Республика Карелия,пгт Пряжа,ГБУ СО РК «Комплексный центр социального обслуживания населения Республики Карелия»,Обменно-вещевой пункт — Подразделение по Пряжинскому району,обменно-вещевой пункт; отделение срочной социальной помощи,государственная,"ул. Советская, 101",8 953 537 68 92,UNVERIFIED,UNVERIFIED,UNVERIFIED,https://prionego.ru/sites/default/files/gazeta/prionezhje_099543_10-03-2023-dlya-sayta.pdf,https://prionego.ru/sites/default/files/gazeta/prionezhje_099543_10-03-2023-dlya-sayta.pdf; https://social-karelia.ru/2026/07/,UNVERIFIED,UNVERIFIED,UNVERIFIED,UNVERIFIED,RESTRICTIONS,RESTRICTIONS,UNVERIFIED,UNVERIFIED,UNVERIFIED,UNVERIFIED,UNVERIFIED,UNVERIFIED,UNVERIFIED,RESTRICTIONS,"Срочная социальная услуга «Обеспечение одеждой, обувью и другими предметами первой необходимости»; бесплатная выдача сезонной одежды и обуви детям и взрослым. Примечание: Официальный перечень 18 обменно-вещевых пунктов, июль 2026. Время и необходимость записи нужно уточнить по телефону.",Малоимущие граждане и семьи в трудной жизненной ситуации.,UNVERIFIED,UNVERIFIED,UNVERIFIED,UNVERIFIED,UNVERIFIED,Бесплатно для указанных получателей,UNVERIFIED,UNVERIFIED,UNVERIFIED,UNVERIFIED,2026-09-25,VERIFIED_CURRENT_PRIMARY_SITE_MAINTENANCE,UNVERIFIED,UNVERIFIED,UNVERIFIED,UNVERIFIED,UNVERIFIED,UNVERIFIED,UNVERIFIED,UNVERIFIED,OPEN,200,https://prionego.ru/sites/default/files/gazeta/prionezhje_099543_10-03-2023-dlya-sayta.pdf,UNTESTED,UNTESTED,https://prionego.ru/sites/default/files/gazeta/prionezhje_099543_10-03-2023-dlya-sayta.pdf,YES,CURRENT_LOCATION_AND_SERVICE_REPORTED,UNVERIFIED_NO_LIVE_CHECK,UNVERIFIED,"Web sources cannot confirm a place, supplies, admission, or walk-in access today; contact the point before travel.",2026-09-26
Республика Карелия,пос. Эссойла,ГБУ СО РК «Комплексный центр социального обслуживания населения Республики Карелия»,Обменно-вещевой пункт — Подразделение по Пряжинскому району,обменно-вещевой пункт; отделение срочной социальной помощи,государственная,"ул. Строителей, 10",8 953 537 87 10,UNVERIFIED,UNVERIFIED,UNVERIFIED,https://prionego.ru/sites/default/files/gazeta/prionezhje_099543_10-03-2023-dlya-sayta.pdf,https://prionego.ru/sites/default/files/gazeta/prionezhje_099543_10-03-2023-dlya-sayta.pdf; https://social-karelia.ru/2026/07/,UNVERIFIED,UNVERIFIED,UNVERIFIED,UNVERIFIED,RESTRICTIONS,RESTRICTIONS,UNVERIFIED,UNVERIFIED,UNVERIFIED,UNVERIFIED,UNVERIFIED,UNVERIFIED,UNVERIFIED,RESTRICTIONS,"Срочная социальная услуга «Обеспечение одеждой, обувью и другими предметами первой необходимости»; бесплатная выдача сезонной одежды и обуви детям и взрослым. Примечание: Официальный перечень 18 обменно-вещевых пунктов, июль 2026. Время и необходимость записи нужно уточнить по телефону.",Малоимущие граждане и семьи в трудной жизненной ситуации.,UNVERIFIED,UNVERIFIED,UNVERIFIED,UNVERIFIED,UNVERIFIED,Бесплатно для указанных получателей,UNVERIFIED,UNVERIFIED,UNVERIFIED,UNVERIFIED,2026-09-25,VERIFIED_CURRENT_PRIMARY_SITE_MAINTENANCE,UNVERIFIED,UNVERIFIED,UNVERIFIED,UNVERIFIED,UNVERIFIED,UNVERIFIED,UNVERIFIED,UNVERIFIED,OPEN,200,https://prionego.ru/sites/default/files/gazeta/prionezhje_099543_10-03-2023-dlya-sayta.pdf,UNTESTED,UNTESTED,https://prionego.ru/sites/default/files/gazeta/prionezhje_099543_10-03-2023-dlya-sayta.pdf,YES,CURRENT_LOCATION_AND_SERVICE_REPORTED,UNVERIFIED_NO_LIVE_CHECK,UNVERIFIED,"Web sources cannot confirm a place, supplies, admission, or walk-in access today; contact the point before travel.",2026-09-26
Республика Коми,Сыктывкар,Кылтовский Крестовоздвиженский женский монастырь,Благотворительная столовая при подворье,благотворительная столовая,религиозная,"Октябрьский пр-т, 43/1",UNVERIFIED,UNVERIFIED,UNVERIFIED,UNVERIFIED,https://komiinform.ru/news/283155,https://komiinform.ru/news/283155; https://www.bnkomi.ru/data/news/curdate/13-07-2025; https://2gis.ru/syktyvkar/firm/10133627442615171/tab/inside; https://proza.ru/2026/06/02/905,RESTRICTIONS,UNVERIFIED,UNVERIFIED,UNVERIFIED,UNVERIFIED,UNVERIFIED,UNVERIFIED,UNVERIFIED,UNVERIFIED,UNVERIFIED,UNVERIFIED,UNVERIFIED,UNVERIFIED,UNVERIFIED,"Региональные СМИ в июле 2025 года подтверждают действующую бесплатную столовую при Кылтовском монастыре на Октябрьском проспекте. 2ГИС указывает благотворительную столовую внутри здания 43/1; источник 2026 года также называет 43/1, но не является первичным. Точные часы выдачи, доступность сегодня и совпадение входа требуют проверки по телефону. Примечание: Публикация 2026 и текущий картографический справочник относят саму столовую к дому 43/1; старые церковные и региональные страницы дают для подворья дом 41а. Перед визитом требуется уточнить вход/адрес и часы.","Нуждающиеся, включая бездомных, пенсионеров и людей в тяжёлой ситуации.",UNVERIFIED,UNVERIFIED,UNVERIFIED,UNVERIFIED,UNVERIFIED,Бесплатная благотворительная столовая,UNVERIFIED,Ежедневно; часы по свежему источнику не указаны,UNVERIFIED,UNVERIFIED,2026-09-25,PARTIAL_CURRENT,UNVERIFIED,UNVERIFIED,UNVERIFIED,UNVERIFIED,UNVERIFIED,UNVERIFIED,UNVERIFIED,UNVERIFIED,OPEN,200,https://komiinform.ru/news/283155,NOT_IN_PRIMARY_TEXT,EXACT_NORMALIZED,https://2gis.ru/syktyvkar/firm/10133627442615171/tab/inside,YES,PARTIAL_CURRENT_REPORT,UNVERIFIED_NO_LIVE_CHECK,UNVERIFIED,"Web sources cannot confirm a place, supplies, admission, or walk-in access today; contact the point before travel.",2026-09-26
Республика Коми,Сыктывкар,Благотворительный проект «Сытый гражданин» / КРОО «Дома жить»,Пункт еженедельной раздачи горячего питания у железнодорожной платформы Эжва,стационарная по месту уличная точка горячего питания,НКО,"ул. Менделеева, 27А, платформа Эжва (уличная площадка)",+7 (912) 863-66-66,+7 (950) 565-85-54,domazhit@mail.ru,https://vk.com/sg_komi,https://xn----7sbaa5bregjedpro7d6d.xn--p1ai/wp-content/uploads/2025/11/%D0%9F%D0%B0%D0%BD%D0%BE%D1%80%D0%B0%D0%BC%D0%B0-%D1%81%D1%82%D0%BE%D0%BB%D0%B8%D1%86%D1%8B.pdf,https://xn----7sbaa5bregjedpro7d6d.xn--p1ai/wp-content/uploads/2025/11/%D0%9F%D0%B0%D0%BD%D0%BE%D1%80%D0%B0%D0%BC%D0%B0-%D1%81%D1%82%D0%BE%D0%BB%D0%B8%D1%86%D1%8B.pdf; https://www.bizkontakte.com/%D0%B6-%D0%B4-%D0%BF%D0%BB%D0%B0%D1%82%D1%84%D0%BE%D1%80%D0%BC%D0%B0-%D1%8D%D0%B6%D0%B2%D0%B0; https://poezd-po-rossii.ru/zhd/station/ezhva; https://www.bnkomi.ru/data/news/179185/,YES,UNVERIFIED,UNVERIFIED,UNVERIFIED,UNVERIFIED,UNVERIFIED,UNVERIFIED,UNVERIFIED,UNVERIFIED,UNVERIFIED,UNVERIFIED,UNVERIFIED,UNVERIFIED,UNVERIFIED,"Местная газета 01.11.2025 сообщает о регулярной бесплатной раздаче горячей еды проектом «Сытый гражданин» каждое воскресенье в 12:00 у ж/д платформы Эжва. Два картографических/туристических справочника независимо относят платформу Эжва к ул. Менделеева, 27А; публикация БНК 13.12.2024 подтверждала здесь же раздачу еды нуждающимся. Номер 27А означает ориентир платформы, а не помещение, где принимают людей. На 25.09.2026 (пятница) по опубликованному графику выдачи нет.",Люди без жилья и другие нуждающиеся в Эжвинском районе Сыктывкара.,UNVERIFIED,UNVERIFIED,UNVERIFIED,UNVERIFIED,UNVERIFIED,Бесплатный благотворительный обед.,"Воскресенье, 12:00; фактическая длительность выдачи в 2026 году UNVERIFIED.","Воскресенье, с 12:00; расписание опубликовано 01.11.2025.",UNVERIFIED,https://vk.com/sg_komi,2026-09-25,PARTIAL_CURRENT,UNVERIFIED,UNVERIFIED,UNVERIFIED,UNVERIFIED,UNVERIFIED,UNVERIFIED,UNVERIFIED,NO,OPEN,200,https://xn----7sbaa5bregjedpro7d6d.xn--p1ai/wp-content/uploads/2025/11/%D0%9F%D0%B0%D0%BD%D0%BE%D1%80%D0%B0%D0%BC%D0%B0-%D1%81%D1%82%D0%BE%D0%BB%D0%B8%D1%86%D1%8B.pdf,UNTESTED,NOT_IN_PRIMARY_TEXT,https://poezd-po-rossii.ru/zhd/station/ezhva,YES,PARTIAL_CURRENT_REPORT,NO_REPORTED,NO,The source reports this point unavailable on the audit date.,2026-09-26
Республика Коми,Сыктывкар,Коми региональная общественная организация помощи бездомным «Дома жить»,Социальная прачечная и санитарный пункт «Чистый гражданин»,"социальная прачечная, душевая и пункт выдачи одежды",НКО,"ул. Морозова, 63",+7 (912) 863-66-66,+7 (950) 565-85-54,domazhit@mail.ru,https://vk.com/sg_komi,https://mysyktyvkar.ru/новости/В_Сыктывкаре_открылся_второй_корпус_реабилитационного_центра_для_бездомных_и_нуждающихся,https://mysyktyvkar.ru/новости/В_Сыктывкаре_открылся_второй_корпус_реабилитационного_центра_для_бездомных_и_нуждающихся; https://xn----7sbaa5bregjedpro7d6d.xn--p1ai/wp-content/uploads/2025/11/%D0%9F%D0%B0%D0%BD%D0%BE%D1%80%D0%B0%D0%BC%D0%B0-%D1%81%D1%82%D0%BE%D0%BB%D0%B8%D1%86%D1%8B.pdf; https://m-czn.ru/vacancy/g-syktyvkar/raznorabochij-2625032,UNVERIFIED,UNVERIFIED,UNVERIFIED,UNVERIFIED,YES,UNVERIFIED,YES,YES,UNVERIFIED,UNVERIFIED,UNVERIFIED,YES,YES,YES,"Местное СМИ о фактическом открытии 31.10.2024 прямо подтверждает: любой человек может бесплатно помыться, постирать одежду, выбрать одежду со склада по запросу и получить помощь соцработника и юриста по адресу Морозова, 63. Газета 01.11.2025 сообщает, что здесь работает социальная прачечная «Чистый гражданин». Вакансия КРОО «Дома жить» от 05.08.2026 подтверждает деятельность организации по адресу Морозова, 63, но не доказывает часы и свободные ресурсы сегодня.","Люди без жилья и другие нуждающиеся; местное СМИ пишет, что обратиться может любой человек.",UNVERIFIED,UNVERIFIED,UNVERIFIED,UNVERIFIED,UNVERIFIED,"Бесплатно, прямо подтверждено публикацией об открытии санитарного пункта.",UNVERIFIED,UNVERIFIED,UNVERIFIED,https://vk.com/sg_komi,2026-09-25,CURRENT_OPERATION_CONFIRMED_SERVICES_OLDER,UNVERIFIED,UNVERIFIED,UNVERIFIED,UNVERIFIED,UNVERIFIED,UNVERIFIED,UNVERIFIED,UNVERIFIED,OPEN,200,https://mysyktyvkar.ru/%D0%BD%D0%BE%D0%B2%D0%BE%D1%81%D1%82%D0%B8/%D0%92_%D0%A1%D1%8B%D0%BA%D1%82%D1%8B%D0%B2%D0%BA%D0%B0%D1%80%D0%B5_%D0%BE%D1%82%D0%BA%D1%80%D1%8B%D0%BB%D1%81%D1%8F_%D0%B2%D1%82%D0%BE%D1%80%D0%BE%D0%B9_%D0%BA%D0%BE%D1%80%D0%BF%D1%83%D1%81_%D1%80%D0%B5%D0%B0%D0%B1%D0%B8%D0%BB%D0%B8%D1%82%D0%B0%D1%86%D0%B8%D0%BE%D0%BD%D0%BD%D0%BE%D0%B3%D0%BE_%D1%86%D0%B5%D0%BD%D1%82%D1%80%D0%B0_%D0%B4%D0%BB%D1%8F_%D0%B1%D0%B5%D0%B7%D0%B4%D0%BE%D0%BC%D0%BD%D1%8B%D1%85_%D0%B8_%D0%BD%D1%83%D0%B6%D0%B4%D0%B0%D1%8E%D1%89%D0%B8%D1%85%D1%81%D1%8F,LOOSE_REVIEW,LOOSE_REVIEW,https://mysyktyvkar.ru/новости/В_Сыктывкаре_открылся_второй_корпус_реабилитационного_центра_для_бездомных_и_нуждающихся,YES,CURRENT_OPERATION_SERVICE_DETAILS_OLDER,UNVERIFIED_NO_LIVE_CHECK,UNVERIFIED,"Web sources cannot confirm a place, supplies, admission, or walk-in access today; contact the point before travel.",2026-09-26
Республика Коми,Сыктывкар,ГБУ РК «Республиканский кризисный центр для мужчин и женщин»,Отделение социальной реабилитации женщин,кризисный центр с временным проживанием,государственная,"ул. Савина, 54",+7 (8212) 30-48-06,UNVERIFIED,UNVERIFIED,https://kcmsyktyvkar.rkomi.ru/,https://deti.gov.ru/Press-Centr/region-news/20661,https://deti.gov.ru/Press-Centr/region-news/20661; https://www.bnkomi.ru/data/news/192573/; https://synapsenet.ru/organizacii/1021100527690-gbu-rk-rkc,UNVERIFIED,UNVERIFIED,UNVERIFIED,RESTRICTIONS,UNVERIFIED,UNVERIFIED,UNVERIFIED,UNVERIFIED,UNVERIFIED,UNVERIFIED,UNVERIFIED,RESTRICTIONS,RESTRICTIONS,RESTRICTIONS,"29.11.2025 федеральный уполномоченный по правам ребёнка сообщил об открытии отделения на 15 мест по адресу Савина, 54 для женщин в кризисе, в том числе с детьми, пострадавших от насилия или без жилья. Региональное издание со слов директора сообщило, что временное проживание бесплатно до шести месяцев. Юрлицо центра действует по этому адресу в 2026 году. Телефон общий для центра; прямая линия отделения и свободные места не подтверждены.","Женщины в трудной жизненной ситуации, в том числе с детьми, после домашнего насилия, без жилья или после освобождения из мест лишения свободы.",UNVERIFIED,UNVERIFIED,UNVERIFIED,UNVERIFIED,UNVERIFIED,Временное проживание бесплатно до шести месяцев для принятой женщины.,UNVERIFIED,UNVERIFIED,UNVERIFIED,https://deti.gov.ru/Press-Centr/region-news/20661,2026-09-25,VERIFIED_CURRENT_GOVERNMENT,15,UNVERIFIED,До 6 месяцев бесплатно,Женщины; возможно проживание с детьми.,UNVERIFIED,UNVERIFIED,UNVERIFIED,UNVERIFIED,OPEN,200,https://deti.gov.ru/Press-Centr/region-news/20661,EXACT_NORMALIZED,EXACT_NORMALIZED,https://deti.gov.ru/Press-Centr/region-news/20661,YES,CURRENT_LOCATION_AND_SERVICE_REPORTED,UNVERIFIED_NO_LIVE_CHECK,UNVERIFIED,"Web sources cannot confirm a place, supplies, admission, or walk-in access today; contact the point before travel.",2026-09-26
Республика Коми,Сыктывкар,Благотворительный проект «Сытый гражданин» / КРОО «Дома жить»,Пункт еженедельной раздачи горячего питания у Центра занятости,стационарная по месту уличная точка горячего питания,НКО,"ул. Свободы, 25, сквер у Центра занятости населения (уличная площадка)",+7 (912) 863-66-66,+7 (950) 565-85-54,domazhit@mail.ru,https://vk.com/sg_komi,https://xn----7sbaa5bregjedpro7d6d.xn--p1ai/wp-content/uploads/2025/11/%D0%9F%D0%B0%D0%BD%D0%BE%D1%80%D0%B0%D0%BC%D0%B0-%D1%81%D1%82%D0%BE%D0%BB%D0%B8%D1%86%D1%8B.pdf,https://xn----7sbaa5bregjedpro7d6d.xn--p1ai/wp-content/uploads/2025/11/%D0%9F%D0%B0%D0%BD%D0%BE%D1%80%D0%B0%D0%BC%D0%B0-%D1%81%D1%82%D0%BE%D0%BB%D0%B8%D1%86%D1%8B.pdf; https://www.bnkomi.ru/data/news/175590/; https://www.bnkomi.ru/data/news/179185/,YES,UNVERIFIED,UNVERIFIED,UNVERIFIED,UNVERIFIED,UNVERIFIED,UNVERIFIED,UNVERIFIED,UNVERIFIED,UNVERIFIED,UNVERIFIED,UNVERIFIED,UNVERIFIED,UNVERIFIED,"Местная газета 01.11.2025 указывает постоянную точку горячего питания «Сытого гражданина» в сквере около ЦЗН на ул. Свободы, 25: воскресенье, 14:00. БНК 2024 подтверждает раздачу нуждающимся здесь же и благотворительный характер горячих обедов; раздача бесплатна. На 25.09.2026 (пятница) по опубликованному графику выдачи нет. Вне расписания помощь на площадке не подтверждена.",Люди без жилья и другие нуждающиеся.,UNVERIFIED,UNVERIFIED,UNVERIFIED,UNVERIFIED,UNVERIFIED,Бесплатный благотворительный обед.,"Воскресенье, 14:00; фактическая длительность выдачи в 2026 году UNVERIFIED.","Воскресенье, с 14:00; расписание опубликовано 01.11.2025.",UNVERIFIED,https://vk.com/sg_komi,2026-09-25,PARTIAL_CURRENT,UNVERIFIED,UNVERIFIED,UNVERIFIED,UNVERIFIED,UNVERIFIED,UNVERIFIED,UNVERIFIED,NO,OPEN,200,https://xn----7sbaa5bregjedpro7d6d.xn--p1ai/wp-content/uploads/2025/11/%D0%9F%D0%B0%D0%BD%D0%BE%D1%80%D0%B0%D0%BC%D0%B0-%D1%81%D1%82%D0%BE%D0%BB%D0%B8%D1%86%D1%8B.pdf,UNTESTED,NOT_IN_PRIMARY_TEXT,https://www.bnkomi.ru/data/news/175590/,YES,PARTIAL_CURRENT_REPORT,NO_REPORTED,NO,The source reports this point unavailable on the audit date.,2026-09-26
Республика Коми,Ухта,АНО «Центр социальной помощи «Милосердие»,Центр вещевой и продуктовой помощи,центр социальной помощи / бесплатный вещевой пункт,"НКО, религиозный проект","ул. Октябрьская, 10",+7 (912) 546-06-31,UNVERIFIED,UNVERIFIED,https://vk.com/miloserdieuhta,http://www.xn--80adibwagbybb2aj.xn--p1ai/%D0%BF%D1%80%D0%B0%D0%B2%D0%BE%D1%81%D0%BB%D0%B0%D0%B2%D0%BD%D0%B0%D1%8F-%D1%81%D0%BB%D1%83%D0%B6%D0%B1%D0%B0-%D0%BC%D0%B8%D0%BB%D0%BE%D1%81%D0%B5%D1%80%D0%B4%D0%B8%D0%B5-%D0%B7%D0%B0-2,http://www.xn--80adibwagbybb2aj.xn--p1ai/%D0%BF%D1%80%D0%B0%D0%B2%D0%BE%D1%81%D0%BB%D0%B0%D0%B2%D0%BD%D0%B0%D1%8F-%D1%81%D0%BB%D1%83%D0%B6%D0%B1%D0%B0-%D0%BC%D0%B8%D0%BB%D0%BE%D1%81%D0%B5%D1%80%D0%B4%D0%B8%D0%B5-%D0%B7%D0%B0-2; https://2gis.ru/ukhta/search/%D0%91%D0%BB%D0%B0%D0%B3%D0%BE%D1%82%D0%B2%D0%BE%D1%80%D0%B8%D1%82%D0%B5%D0%BB%D1%8C%D0%BD%D1%8B%D0%B5%20%D1%84%D0%BE%D0%BD%D0%B4%D1%8B%20%D0%B8%20%D0%BE%D1%80%D0%B3%D0%B0%D0%BD%D0%B8%D0%B7%D0%B0%D1%86%D0%B8%D0%B8/rubricId/494; http://www.xn--80adibwagbybb2aj.xn--p1ai/wp-content/uploads/2023/02/%D0%9A%D0%BE%D0%BB%D0%BE%D0%BA%D0%BE%D0%BB_01_small.pdf,UNVERIFIED,UNVERIFIED,UNVERIFIED,UNVERIFIED,RESTRICTIONS,UNVERIFIED,UNVERIFIED,UNVERIFIED,UNVERIFIED,UNVERIFIED,UNVERIFIED,UNVERIFIED,UNVERIFIED,RESTRICTIONS,"Епархиальное издание 08.07.2024 прямо указывает, что нуждающие в сложной ситуации могут прийти в центр по адресу Октябрьская, 10. Текущая карточка 2ГИС называет этот же адрес бесплатным магазином; более раннее церковное объявление уточняет, что за вещевой помощью следует предварительно звонить. Продуктовые наборы упоминались в материале университета 2023 года, но их выдача сейчас по этому адресу не подтверждена. Вход со стороны магазина «Магнит». Наличие конкретных вещей сегодня и актуальность расписания не подтверждены.","Малоимущие, многодетные семьи, люди в трудной жизненной ситуации и бездомные.",UNVERIFIED,UNVERIFIED,UNVERIFIED,RESTRICTIONS,UNVERIFIED,Бесплатная благотворительная помощь; перечень доступных вещей и продуктов уточнять по телефону.,"По источнику 2024 года: Пн–Пт 10:00–17:00, Сб 10:00–14:00; актуальность на 2026 год не подтверждена.",UNVERIFIED,UNVERIFIED,https://vk.com/miloserdieuhta,2026-09-25,CURRENT_OPERATION_CONFIRMED_SERVICES_OLDER,UNVERIFIED,UNVERIFIED,UNVERIFIED,UNVERIFIED,UNVERIFIED,UNVERIFIED,UNVERIFIED,UNVERIFIED,SERVER_ERROR,503,http://www.xn--80adibwagbybb2aj.xn--p1ai/%D0%BF%D1%80%D0%B0%D0%B2%D0%BE%D1%81%D0%BB%D0%B0%D0%B2%D0%BD%D0%B0%D1%8F-%D1%81%D0%BB%D1%83%D0%B6%D0%B1%D0%B0-%D0%BC%D0%B8%D0%BB%D0%BE%D1%81%D0%B5%D1%80%D0%B4%D0%B8%D0%B5-%D0%B7%D0%B0-2,UNTESTED,LOOSE_REVIEW,https://2gis.ru/ukhta/search/%D0%91%D0%BB%D0%B0%D0%B3%D0%BE%D1%82%D0%B2%D0%BE%D1%80%D0%B8%D1%82%D0%B5%D0%BB%D1%8C%D0%BD%D1%8B%D0%B5%20%D1%84%D0%BE%D0%BD%D0%B4%D1%8B%20%D0%B8%20%D0%BE%D1%80%D0%B3%D0%B0%D0%BD%D0%B8%D0%B7%D0%B0%D1%86%D0%B8%D0%B8/rubricId/494,YES,CURRENT_OPERATION_SERVICE_DETAILS_OLDER,UNVERIFIED_NO_LIVE_CHECK,UNVERIFIED,"Web sources cannot confirm a place, supplies, admission, or walk-in access today; contact the point before travel.",2026-09-26
Республика Крым,Алушта,Крымская митрополия,Пункт раздачи бесплатного питания при храме,пункт бесплатного питания,религиозная организация,"ул. Хромых, 14, подворье храма Всех Крымских святых",UNVERIFIED,UNVERIFIED,UNVERIFIED,https://crimea-eparhia.ru/,https://crimea-eparhia.ru/179678.html,https://crimea-eparhia.ru/179678.html; https://civitora.ru/krymskaya-mitropoliya-besplatno-kormit-nuzhdayushchikhsya-po-2026-07-07,YES,UNVERIFIED,UNVERIFIED,UNVERIFIED,UNVERIFIED,UNVERIFIED,UNVERIFIED,UNVERIFIED,UNVERIFIED,UNVERIFIED,UNVERIFIED,UNVERIFIED,UNVERIFIED,UNVERIFIED,Бесплатное питание для малоимущих и жителей в трудной жизненной ситуации.,малоимущие и люди в трудной жизненной ситуации,UNVERIFIED,UNVERIFIED,UNVERIFIED,UNVERIFIED,UNVERIFIED,бесплатно,Вс 11:00,Вс 11:00,UNVERIFIED,UNVERIFIED,2026-09-25,VERIFIED_CURRENT_PRIMARY,UNVERIFIED,UNVERIFIED,UNVERIFIED,UNVERIFIED,UNVERIFIED,UNVERIFIED,UNVERIFIED,UNVERIFIED,OPEN,200,https://crimea-eparhia.ru/179678.html,LOOSE_REVIEW,LOOSE_REVIEW,https://crimea-eparhia.ru/179678.html,YES,CURRENT_LOCATION_AND_SERVICE_REPORTED,UNVERIFIED_NO_LIVE_CHECK,UNVERIFIED,"Web sources cannot confirm a place, supplies, admission, or walk-in access today; contact the point before travel.",2026-09-26
Республика Крым,Симферополь,Крымская митрополия,Пункт раздачи бесплатного питания,пункт бесплатного питания,религиозная организация,"ул. Киевская, 138",+7 (978) 557-58-56,UNVERIFIED,UNVERIFIED,https://crimea-eparhia.ru/,https://crimea-eparhia.ru/179678.html,https://crimea-eparhia.ru/179678.html; https://civitora.ru/krymskaya-mitropoliya-besplatno-kormit-nuzhdayushchikhsya-po-2026-07-07,YES,UNVERIFIED,UNVERIFIED,UNVERIFIED,UNVERIFIED,UNVERIFIED,UNVERIFIED,UNVERIFIED,UNVERIFIED,UNVERIFIED,UNVERIFIED,UNVERIFIED,UNVERIFIED,UNVERIFIED,Бесплатное питание для малоимущих и жителей в трудной жизненной ситуации.,малоимущие и люди в трудной жизненной ситуации,UNVERIFIED,UNVERIFIED,UNVERIFIED,UNVERIFIED,UNVERIFIED,бесплатно,Чт 12:00,Чт 12:00,UNVERIFIED,UNVERIFIED,2026-09-25,VERIFIED_CURRENT_PRIMARY,UNVERIFIED,UNVERIFIED,UNVERIFIED,UNVERIFIED,UNVERIFIED,UNVERIFIED,UNVERIFIED,UNVERIFIED,OPEN,200,https://crimea-eparhia.ru/179678.html,EXACT_NORMALIZED,EXACT_NORMALIZED,https://crimea-eparhia.ru/179678.html,YES,CURRENT_LOCATION_AND_SERVICE_REPORTED,UNVERIFIED_NO_LIVE_CHECK,UNVERIFIED,"Web sources cannot confirm a place, supplies, admission, or walk-in access today; contact the point before travel.",2026-09-26
Республика Крым,Феодосия,Крымская митрополия,Пункт бесплатных обедов,пункт бесплатного питания,религиозная организация,"ул. Крымская, 84",UNVERIFIED,UNVERIFIED,UNVERIFIED,https://crimea-eparhia.ru/,https://crimea-eparhia.ru/179678.html,https://crimea-eparhia.ru/179678.html,YES,UNVERIFIED,UNVERIFIED,UNVERIFIED,UNVERIFIED,UNVERIFIED,UNVERIFIED,UNVERIFIED,UNVERIFIED,UNVERIFIED,UNVERIFIED,UNVERIFIED,UNVERIFIED,UNVERIFIED,Регулярная бесплатная раздача обедов людям в трудной жизненной ситуации; место и время указаны Крымской митрополией.,люди в трудной жизненной ситуации,UNVERIFIED,UNVERIFIED,UNVERIFIED,UNVERIFIED,UNVERIFIED,бесплатно,Вс 14:00,Вс 14:00,UNVERIFIED,UNVERIFIED,2026-09-25,VERIFIED_CURRENT_PRIMARY,UNVERIFIED,UNVERIFIED,UNVERIFIED,UNVERIFIED,UNVERIFIED,UNVERIFIED,UNVERIFIED,UNVERIFIED,OPEN,200,https://crimea-eparhia.ru/179678.html,EXACT_NORMALIZED,EXACT_NORMALIZED,https://crimea-eparhia.ru/179678.html,YES,CURRENT_LOCATION_AND_SERVICE_REPORTED,UNVERIFIED_NO_LIVE_CHECK,UNVERIFIED,"Web sources cannot confirm a place, supplies, admission, or walk-in access today; contact the point before travel.",2026-09-26
Республика Крым,Ялта,Крымская митрополия,Пункт горячего питания / пункт социальной помощи «Переправа»,пункт бесплатного питания,религиозная организация,"ул. Ломоносова, 27, у Центра социального обслуживания",+7 (978) 971-02-75,UNVERIFIED,UNVERIFIED,https://crimea-eparhia.ru/,https://crimea-eparhia.ru/179678.html,https://crimea-eparhia.ru/179678.html; https://civitora.ru/krymskaya-mitropoliya-besplatno-kormit-nuzhdayushchikhsya-po-2026-07-07; https://yalta-official.ru/info/news/Besplatnoe-goryachee-pitanie-nuzhdayushchimsya-teper-organizovano-u-sten-TSentra-sotsobsluzhivaniya-/; https://xn--80afcdbalict6afooklqi5o.xn--p1ai/public/application/item?id=f5183382-2cf2-4275-a4d8-2cec84fef8cb,YES,UNVERIFIED,UNVERIFIED,UNVERIFIED,YES,UNVERIFIED,YES,UNVERIFIED,UNVERIFIED,UNVERIFIED,UNVERIFIED,UNVERIFIED,UNVERIFIED,UNVERIFIED,Бесплатный горячий комплексный обед ежедневно; по заявке проекта «Переправа» на этом же адресе действует пункт социальной помощи с душем и одеждой.,малоимущие и люди в трудной жизненной ситуации,UNVERIFIED,UNVERIFIED,UNVERIFIED,UNVERIFIED,UNVERIFIED,бесплатно,Ежедневно 14:00,Ежедневно 14:00,UNVERIFIED,UNVERIFIED,2026-09-25,VERIFIED_CURRENT_PRIMARY,UNVERIFIED,UNVERIFIED,UNVERIFIED,UNVERIFIED,UNVERIFIED,UNVERIFIED,UNVERIFIED,UNVERIFIED,OPEN,200,https://crimea-eparhia.ru/179678.html,LOOSE_REVIEW,LOOSE_REVIEW,https://crimea-eparhia.ru/179678.html,YES,CURRENT_LOCATION_AND_SERVICE_REPORTED,UNVERIFIED_NO_LIVE_CHECK,UNVERIFIED,"Web sources cannot confirm a place, supplies, admission, or walk-in access today; contact the point before travel.",2026-09-26
Республика Крым,село Рыбачье,Фонд «Солнце в ладошках»,Кладовая добра,пункт выдачи вещей,НКО,"село Рыбачье, ул. Центральная, 9",+7 (978) 783-46-09,UNVERIFIED,UNVERIFIED,UNVERIFIED,https://solncevladoshkah.ru/sbory/aktivnye-sbory-i-programmy/kladovaya-dobra/,https://solncevladoshkah.ru/sbory/aktivnye-sbory-i-programmy/kladovaya-dobra/,UNVERIFIED,UNVERIFIED,UNVERIFIED,UNVERIFIED,RESTRICTIONS,RESTRICTIONS,UNVERIFIED,UNVERIFIED,UNVERIFIED,UNVERIFIED,UNVERIFIED,UNVERIFIED,UNVERIFIED,UNVERIFIED,"Фонд указывает пункт программы «Кладовая добра», где нуждающиеся получают вещи по предварительной записи. Примечание: Сведения с действующей страницы организации.",UNVERIFIED,UNVERIFIED,UNVERIFIED,UNVERIFIED,UNVERIFIED,UNVERIFIED,Бесплатная выдача вещей нуждающимся по предварительной записи,UNVERIFIED,UNVERIFIED,UNVERIFIED,UNVERIFIED,2026-09-25,VERIFIED_CURRENT_PRIMARY,UNVERIFIED,UNVERIFIED,UNVERIFIED,UNVERIFIED,UNVERIFIED,UNVERIFIED,UNVERIFIED,UNVERIFIED,OPEN,200,https://solncevladoshkah.ru/sbory/aktivnye-sbory-i-programmy/kladovaya-dobra/,NOT_IN_PRIMARY_TEXT,NOT_IN_PRIMARY_TEXT,https://solncevladoshkah.ru/sbory/aktivnye-sbory-i-programmy/kladovaya-dobra/,YES,CURRENT_LOCATION_AND_SERVICE_REPORTED,UNVERIFIED_NO_LIVE_CHECK,UNVERIFIED,"Web sources cannot confirm a place, supplies, admission, or walk-in access today; contact the point before travel.",2026-09-26
Республика Марий Эл,Волжск,Проект «Раифская трапеза»,Пункт бесплатного горячего питания: Храм Новомучеников и Исповедников Российских,Пункт горячего питания,религиозная,"ул. Щербакова, храм Новомучеников и Исповедников Церкви Русской (район дома 4)",+7 (83631) 6-42-52,UNVERIFIED,UNVERIFIED,https://kazanmiloserdie.ru/,https://www.raifa.ru/publications/?ID=3645,https://www.raifa.ru/publications/?ID=3645; https://www.mari-eparhia.ru/churches/eparhii_volzhskoi/volzhsk/?ID=5258; https://12.mchs.gov.ru/uploads/resource/2022-03-22/2022_1647935646513764205.pdf,YES,UNVERIFIED,UNVERIFIED,UNVERIFIED,UNVERIFIED,UNVERIFIED,UNVERIFIED,UNVERIFIED,UNVERIFIED,UNVERIFIED,UNVERIFIED,UNVERIFIED,UNVERIFIED,UNVERIFIED,"Раифский монастырь 20.06.2025 указал бесплатную раздачу горячей еды по воскресеньям при храме Новомучеников на ул. Щербакова. Епархия подтверждает храм на этой улице, документ МЧС ориентирует на район дома 4. Номер здания храма не найден. Старый адрес ул. Сосновая, 102 из перечня 2024 года устарел; работа 25.09.2026 не подтверждена. Примечание: Адрес киоска указан в действующей странице проекта, однако график для выездного пункта опубликован в 2024 году и не перепроверен на сентябрь 2026.","Люди в трудной жизненной ситуации, бездомные, малоимущие и пенсионеры.",UNVERIFIED,UNVERIFIED,UNVERIFIED,UNVERIFIED,UNVERIFIED,Бесплатно,"Воскресенье, точные часы не указаны; данные монастыря от 20.06.2025","Воскресенье, точные часы не указаны; данные монастыря от 20.06.2025",UNVERIFIED,UNVERIFIED,2026-09-25,PARTIAL_OLD_SOURCE_ADDRESS_APPROXIMATE,UNVERIFIED,UNVERIFIED,UNVERIFIED,UNVERIFIED,UNVERIFIED,UNVERIFIED,UNVERIFIED,UNVERIFIED,OPEN,200,https://www.raifa.ru/publications/?ID=3645,LOOSE_REVIEW,LOOSE_REVIEW,https://www.raifa.ru/publications/?ID=3645,YES,OLD_SOURCE_ONLY,UNVERIFIED_NO_LIVE_CHECK,UNVERIFIED,"Web sources cannot confirm a place, supplies, admission, or walk-in access today; contact the point before travel.",2026-09-26
Республика Марий Эл,Йошкар-Ола,ГБУ РМЭ «Центр социальной адаптации „Перспектива“»,Отделение «Социальная гостиница»,социальная гостиница / отделение временного проживания,государственная,"Йошкар-Ола, ул. Прохорова, 21",+7 (8362) 46-55-44,UNVERIFIED,dnp-yola@mari-el.gov.ru,https://ok.ru/group/66593620951078,https://pg12.ru/news/100907,https://pg12.ru/news/100907; https://ok.ru/group/66593620951078,UNVERIFIED,UNVERIFIED,UNVERIFIED,RESTRICTIONS,UNVERIFIED,UNVERIFIED,UNVERIFIED,UNVERIFIED,UNVERIFIED,UNVERIFIED,UNVERIFIED,UNVERIFIED,UNVERIFIED,UNVERIFIED,"Журналист «Про Город» 23.10.2025 связался с отделением: социальная гостиница на Прохорова, 21 имеет 50 мест, заявлены свободные места на момент публикации; сотрудники сообщили, что проживание бесплатно за счёт государства до шести месяцев, требуется желание человека и прохождение медкомиссии; помогают восстанавливать утраченные документы. МЧС 29.12.2025 зарегистрировало объект «Социальная гостиница» по этому адресу, но страница декларации при прямом открытии перенаправляет на вход. Страница самого учреждения в ОК активна в 2026, но даёт контакт головного офиса на Советской, 176, а не прямой телефон гостиницы. Нынешняя доступность мест и возможность заселения сегодня не подтверждены.",Взрослые люди без определённого места жительства / в трудной жизненной ситуации; специальные критерии приёма не опубликованы.,"UNVERIFIED; требуется прохождение медицинской комиссии, но список документов не опубликован.",UNVERIFIED,UNVERIFIED,UNVERIFIED,UNVERIFIED,Временное проживание бесплатно за счёт государства до шести месяцев по прямому сообщению отделения 23.10.2025.,UNVERIFIED,UNVERIFIED,UNVERIFIED,https://ok.ru/group/66593620951078,2026-09-25,PARTIAL_CURRENT,50 (по интервью отделения 23.10.2025),UNVERIFIED,До 6 месяцев бесплатно по интервью отделения 23.10.2025.,UNVERIFIED,UNVERIFIED,Необходима медицинская комиссия; перечень документов UNVERIFIED.,UNVERIFIED,UNVERIFIED,OPEN,200,https://pg12.ru/news/100907,LOOSE_REVIEW,LOOSE_REVIEW,https://pg12.ru/news/100907,YES,PARTIAL_CURRENT_REPORT,UNVERIFIED_NO_LIVE_CHECK,UNVERIFIED,"Web sources cannot confirm a place, supplies, admission, or walk-in access today; contact the point before travel.",2026-09-26
Республика Марий Эл,Йошкар-Ола,Отдел по церковной благотворительности и социальному служению Йошкар-Олинской епархии,Центр гуманитарно-продовольственной помощи / Центр гуманитарной помощи Сестричества милосердия,гуманитарный склад с очной выдачей вещей и продуктов,религиозная,"ул. Вознесенская, 81",+7 (8362) 63-83-18,+7 (987) 719-69-33; выдача вещей: +7 (8362) 63-83-17,UNVERIFIED,https://xn--80aicbmacvfcytgm.xn--p1ai/,https://xn--80aicbmacvfcytgm.xn--p1ai/,https://xn--80aicbmacvfcytgm.xn--p1ai/; https://mari.eparhia.ru/all_newses/anonses/?ID=18084,UNVERIFIED,RESTRICTIONS,UNVERIFIED,UNVERIFIED,RESTRICTIONS,UNVERIFIED,UNVERIFIED,UNVERIFIED,RESTRICTIONS,UNVERIFIED,UNVERIFIED,UNVERIFIED,UNVERIFIED,RESTRICTIONS,"Действующий сайт социального отдела епархии прямо сообщает, что в центре по адресу Вознесенская, 81 нуждающиеся получают продуктовую и вещевую помощь, преимущественно малообеспеченные семьи с детьми. Епархия 10.08.2024 отдельно подтвердила выдачу мужской, женской и детской одежды, гигиенических принадлежностей. Опубликованные часы самой выдачи датированы 2024 годом и требуют уточнения.",Люди в трудной жизненной ситуации; приоритет малообеспеченным семьям с детьми.,UNVERIFIED,UNVERIFIED,UNVERIFIED,UNVERIFIED,UNVERIFIED,"Благотворительная помощь, бесплатно для получателей.","Социальный отдел: пн–чт 08:30–17:00, пт 08:30–16:00; выдача вещей в источнике 2024: пн–чт 10:00–17:00, перерыв 12:00–12:30.",UNVERIFIED,UNVERIFIED,https://xn--80aicbmacvfcytgm.xn--p1ai/,2026-09-25,CURRENT_OPERATION_CONFIRMED_SERVICES_OLDER,UNVERIFIED,UNVERIFIED,UNVERIFIED,UNVERIFIED,UNVERIFIED,UNVERIFIED,UNVERIFIED,UNVERIFIED,OPEN,200,https://xn--80aicbmacvfcytgm.xn--p1ai/,EXACT_NORMALIZED,EXACT_NORMALIZED,https://xn--80aicbmacvfcytgm.xn--p1ai/,YES,CURRENT_OPERATION_SERVICE_DETAILS_OLDER,UNVERIFIED_NO_LIVE_CHECK,UNVERIFIED,"Web sources cannot confirm a place, supplies, admission, or walk-in access today; contact the point before travel.",2026-09-26
Республика Марий Эл,Йошкар-Ола,Марийское региональное отделение Российского Красного Креста,Гуманитарный центр РКК,гуманитарный центр с выдачей вещей и продуктовых наборов,НКО,"ул. Красноармейская, 55",UNVERIFIED,UNVERIFIED,UNVERIFIED,https://redcross.ru/,https://www.gg12.ru/v-joshkar-ole-otkrylsya-gumanitarnyj-czentr-rossijskogo-krasnogo-kresta/,https://www.gg12.ru/v-joshkar-ole-otkrylsya-gumanitarnyj-czentr-rossijskogo-krasnogo-kresta/; https://metr12.ru/telekanal-metr/news/42371-35-tonny-dobra-itogi-pervogo-mesjaca-raboty-gumanitarnogo-centra-krasnogo-kresta-v-marij-jel.html; https://www.marimedia.ru/news/yola/item/206680/,UNVERIFIED,RESTRICTIONS,UNVERIFIED,UNVERIFIED,YES,YES,UNVERIFIED,UNVERIFIED,RESTRICTIONS,UNVERIFIED,UNVERIFIED,UNVERIFIED,UNVERIFIED,RESTRICTIONS,"Муниципальная газета 11.12.2025: в центре по Красноармейской, 55 любой житель или гость республики может получить одежду и обувь без документов; нуждающимся также выдают еду, воду и продуктовые и гигиенические наборы. Региональный телеканал в январе 2026 подтвердил работающую точку приёма, сортировки и выдачи помощи по тому же адресу. График пн–пт 10:00–20:00 опубликован при открытии, телефон не найден.",Одежда и обувь — любой житель или гость; продукты и гигиена — люди в трудной жизненной ситуации.,Для одежды и обуви документы не требуются; для продуктовых наборов условия не подтверждены.,NO для одежды и обуви; для другой помощи UNVERIFIED.,UNVERIFIED,UNVERIFIED,UNVERIFIED,Бесплатная гуманитарная выдача.,Пн–пт 10:00–20:00 по публикации 10.12.2025; уточнить актуальность.,UNVERIFIED,UNVERIFIED,https://www.gg12.ru/v-joshkar-ole-otkrylsya-gumanitarnyj-czentr-rossijskogo-krasnogo-kresta/,2026-09-25,VERIFIED_CURRENT_MEDIA,UNVERIFIED,UNVERIFIED,UNVERIFIED,UNVERIFIED,UNVERIFIED,UNVERIFIED,UNVERIFIED,UNVERIFIED,OPEN,200,https://www.gg12.ru/v-joshkar-ole-otkrylsya-gumanitarnyj-czentr-rossijskogo-krasnogo-kresta/,NOT_IN_PRIMARY_TEXT,NOT_IN_PRIMARY_TEXT,https://www.gg12.ru/v-joshkar-ole-otkrylsya-gumanitarnyj-czentr-rossijskogo-krasnogo-kresta/,YES,CURRENT_LOCATION_AND_SERVICE_REPORTED,UNVERIFIED_NO_LIVE_CHECK,UNVERIFIED,"Web sources cannot confirm a place, supplies, admission, or walk-in access today; contact the point before travel.",2026-09-26
Республика Мордовия,Саранск,"Благотворительный фонд защиты семьи, материнства и детства «Сохраним жизнь»",Центр гуманитарной помощи кризисным беременным и молодым мамам,"гуманитарный центр выдачи продуктов, одежды и предметов гигиены",НКО / религиозный проект,"ул. Кирова, 63Г, 2-й этаж",+7 (953) 030-84-78,+7 (960) 338-25-25,UNVERIFIED,UNVERIFIED,https://www.hramkazanskoi.ru/news/cgp_sar.html,https://www.hramkazanskoi.ru/news/cgp_sar.html; https://www.mrckb.ru/patients/zhizn-kazhdogo-iz-nas-nepovtorima.html; https://cityratings.ru/kuda-sdat-nenuzhnye-veshi-v-saranske/,UNVERIFIED,RESTRICTIONS,UNVERIFIED,UNVERIFIED,RESTRICTIONS,UNVERIFIED,UNVERIFIED,UNVERIFIED,RESTRICTIONS,UNVERIFIED,UNVERIFIED,UNVERIFIED,UNVERIFIED,UNVERIFIED,"Центр выдавал месячные продуктовые наборы, одежду и средства ухода за ребёнком, включая личную гигиену, кризисным беременным и молодым мамам. Для помощи просили копию паспорта и свидетельства о рождении детей. Примечание: Подробное описание выдачи опубликовано при открытии в 2017 году. Адрес и контакты присутствуют в более поздних списках, но текущая выдача 2026 года не подтверждена; необходим звонок перед визитом.","кризисные беременные, молодые матери, многодетные необеспеченные семьи",ксерокопии паспорта и свидетельств о рождении детей,RESTRICTIONS,UNVERIFIED,UNVERIFIED,UNVERIFIED,благотворительная выдача; отдельная цена не названа,UNVERIFIED,UNVERIFIED,UNVERIFIED,UNVERIFIED,2026-09-25,PARTIAL_OLD_SOURCE,UNVERIFIED,UNVERIFIED,UNVERIFIED,UNVERIFIED,UNVERIFIED,UNVERIFIED,UNVERIFIED,UNVERIFIED,OPEN,200,https://www.hramkazanskoi.ru/news/cgp_sar.html,LOOSE_REVIEW,LOOSE_REVIEW,https://www.hramkazanskoi.ru/news/cgp_sar.html,YES,OLD_SOURCE_ONLY,UNVERIFIED_NO_LIVE_CHECK,UNVERIFIED,"Web sources cannot confirm a place, supplies, admission, or walk-in access today; contact the point before travel.",2026-09-26
Республика Мордовия,Саранск,Группа добровольцев «Доброделание» при Союзе православной молодёжи Мордовии,Волонтёрский гуманитарный склад при церкви Успения Пресвятой Богородицы,гуманитарный склад выдачи вещей и продуктов,религиозная организация,"ул. Красноармейская, 10",+7 (906) 161-78-61,UNVERIFIED,UNVERIFIED,https://uspeniya-saransk.cerkov.ru/,https://mordoviatv.ru/saranskaya-czerkov-uspeniya-presvyatoj-bogorodiczy-sobiraet-gumanitarnuyu-pomoshh/,https://mordoviatv.ru/saranskaya-czerkov-uspeniya-presvyatoj-bogorodiczy-sobiraet-gumanitarnuyu-pomoshh/; https://uspeniya-saransk.cerkov.ru/; https://www.mrckb.ru/patients/zhizn-kazhdogo-iz-nas-nepovtorima.html,RESTRICTIONS,RESTRICTIONS,UNVERIFIED,UNVERIFIED,RESTRICTIONS,UNVERIFIED,UNVERIFIED,UNVERIFIED,UNVERIFIED,UNVERIFIED,UNVERIFIED,UNVERIFIED,UNVERIFIED,UNVERIFIED,"Склад при церкви выдаёт вещи и продукты переселенцам, малообеспеченным семьям и бездомным; для части бездомных готовят обеды. Телесюжет 27.02.2024 прямо называет этот адрес. Примечание: Служба и выдача доказаны телесюжетом 2024 года; официальный сайт подтверждает действующий храм по адресу. Телефон из справочника 2024 года.","переселенцы, малообеспеченные семьи, бездомные",UNVERIFIED,UNVERIFIED,UNVERIFIED,UNVERIFIED,UNVERIFIED,благотворительная помощь; плата не указана,пункт работал два раза в неделю по сообщению 2024 года; актуальные дни не подтверждены,UNVERIFIED,UNVERIFIED,UNVERIFIED,2026-09-25,CURRENT_OPERATION_CONFIRMED_SERVICES_OLDER,UNVERIFIED,UNVERIFIED,UNVERIFIED,UNVERIFIED,UNVERIFIED,UNVERIFIED,UNVERIFIED,UNVERIFIED,OPEN,200,https://mordoviatv.ru/saranskaya-czerkov-uspeniya-presvyatoj-bogorodiczy-sobiraet-gumanitarnuyu-pomoshh/,NOT_IN_PRIMARY_TEXT,EXACT_NORMALIZED,https://uspeniya-saransk.cerkov.ru/,YES,CURRENT_OPERATION_SERVICE_DETAILS_OLDER,UNVERIFIED_NO_LIVE_CHECK,UNVERIFIED,"Web sources cannot confirm a place, supplies, admission, or walk-in access today; contact the point before travel.",2026-09-26
Республика Саха (Якутия),Якутск,ГБУ РС(Я) «Республиканский комплексный центр социального обслуживания»,Отделение социальной адаптации «Тирэх»,стационарное отделение социальной адаптации,государственная,"ул. Богдана Чижика, 31/4",+7 (4112) 21-00-29,+7 (4112) 21-00-52,rkcso@gov14.ru,https://rkcso14.ru/,https://rkcso14.ru/struktura/otdelenie-sotsialnoj-adaptatsii-tireh/,https://rkcso14.ru/struktura/otdelenie-sotsialnoj-adaptatsii-tireh/; https://rkcso14.ru/news/tireh-eto-podderzhka/; https://rkcso14.ru/wp-content/uploads/2019/07/goryachee-pitanie.pdf; https://rkcso14.ru/wp-content/uploads/2020/01/godovoj-otchet-za-2025-god.pdf,RESTRICTIONS,UNVERIFIED,UNVERIFIED,RESTRICTIONS,UNVERIFIED,UNVERIFIED,UNVERIFIED,UNVERIFIED,UNVERIFIED,UNVERIFIED,UNVERIFIED,UNVERIFIED,UNVERIFIED,UNVERIFIED,Официальная карточка подтверждает стационарное отделение на 90 мест для лиц без определённого места жительства и обязательный договор социальных услуг. Материалы учреждения подтверждают питание проживающих и продолжающуюся работу отделения. Бесплатность проживания и питания для конкретного заявителя на основной странице не указана.,"совершеннолетние лица без определённого места жительства, способные к самообслуживанию; действуют медицинские противопоказания",договор о предоставлении социальных услуг; полный перечень документов уточнить,UNVERIFIED,UNVERIFIED,UNVERIFIED,UNVERIFIED,не подтверждено; условия договора уточнить до поездки,стационар; часы первичного обращения уточнить,UNVERIFIED,UNVERIFIED,https://rkcso14.ru/struktura/otdelenie-sotsialnoj-adaptatsii-tireh/,2026-09-26,VERIFIED_CURRENT_PRIMARY_RECHECKED_OLD_DIRECTORY_POINT,90,UNVERIFIED,UNVERIFIED,UNVERIFIED,медицинские противопоказания опубликованы на странице отделения,UNVERIFIED,UNVERIFIED,UNVERIFIED,OPEN,200,https://rkcso14.ru/struktura/otdelenie-sotsialnoj-adaptatsii-tireh/,EXACT_NORMALIZED,EXACT_NORMALIZED,https://rkcso14.ru/struktura/otdelenie-sotsialnoj-adaptatsii-tireh/,YES,CURRENT_LOCATION_AND_SERVICE_REPORTED,UNVERIFIED_NO_LIVE_CHECK,UNVERIFIED,"Web sources cannot confirm a place, supplies, admission, or walk-in access today; contact the point before travel.",2026-09-26
Республика Саха (Якутия),Якутск,ГБУ РС(Я) «Республиканский комплексный центр социального обслуживания»,Отдел срочных и дополнительных услуг,государственное отделение срочной социальной помощи,государственная,"ул. Федора Попова, 14/6",+7 (4112) 40-35-15,+7 (924) 867-88-58,rkcso@gov14.ru,https://rkcso14.ru/,https://rkcso14.ru/ob-organizatsii/struktura/,https://rkcso14.ru/ob-organizatsii/struktura/; https://rkcso14.ru/news/sotrudniki-otdela-srochnyh-dopolnitelnyh-uslug-rkczso-proveli-blagotvoritelnuyu-akcziyu-po-obespecheniyu-odezhdoj-lyudej-okazavshihsya-v-slozhnoj-zhiznennoj-situaczii/; https://rkcso14.ru/wp-content/uploads/2022/07/prikaz-17-n.pdf,UNVERIFIED,UNVERIFIED,UNVERIFIED,UNVERIFIED,UNVERIFIED,UNVERIFIED,UNVERIFIED,UNVERIFIED,UNVERIFIED,UNVERIFIED,UNVERIFIED,UNVERIFIED,UNVERIFIED,YES,"Действующая страница учреждения прямо указывает отдел срочных и дополнительных услуг по этому адресу для разовой неотложной помощи остро нуждающимся. Отдел проводил благотворительную выдачу одежды и обуви в августе 2025 года; постоянный режим выдачи одежды не установлен. Размещенный учреждением региональный приказ указывает, что срочные социальные услуги предоставляются гражданам бесплатно. Примечание: Отделение социальной адаптации «Тирэх» на Богдана Чижика 31/4 исключено: этот адрес присутствует в старом каталоге 2023 года. Старый каталог указывает для головной организации адрес Пушкина 31/1, тогда как действующая страница размещает отдел срочной помощи на Федора Попова 14/6.","Граждане в обстоятельствах, ухудшающих жизнедеятельность, остро нуждающиеся в социальной поддержке.",UNVERIFIED,UNVERIFIED,UNVERIFIED,UNVERIFIED,UNVERIFIED,Срочные социальные услуги бесплатно; условия отдельных дополнительных услуг требуют уточнения.,Пн–Пт 09:00–18:00; обед 13:00–14:00 (общий режим центра).,UNVERIFIED,UNVERIFIED,UNVERIFIED,2026-09-25,CURRENT_OPERATION_CONFIRMED_SERVICES_OLDER,UNVERIFIED,UNVERIFIED,UNVERIFIED,UNVERIFIED,UNVERIFIED,UNVERIFIED,UNVERIFIED,UNVERIFIED,OPEN,200,https://rkcso14.ru/ob-organizatsii/struktura/,EXACT_NORMALIZED,EXACT_NORMALIZED,https://rkcso14.ru/ob-organizatsii/struktura/,YES,CURRENT_OPERATION_SERVICE_DETAILS_OLDER,UNVERIFIED_NO_LIVE_CHECK,UNVERIFIED,"Web sources cannot confirm a place, supplies, admission, or walk-in access today; contact the point before travel.",2026-09-26
Республика Северная Осетия — Алания,Владикавказ,ГБУ СО РСО — Алания «Республиканский центр социальной реабилитации несовершеннолетних «Доброе сердце»,Отделение кризисной помощи женщинам с детьми,кризисный центр с временным проживанием,государственная,"ул. Павлика Морозова, 27",+7 (8672) 24-09-89,UNVERIFIED,dobroeserdce@minsotc.alania.gov.ru,https://dobrserdce.aln.socinfo.ru/,https://dobrserdce.aln.socinfo.ru/postavshik,https://dobrserdce.aln.socinfo.ru/postavshik; https://t.me/s/mintrud_15/3480; https://fond-detyam.ru/novosti-fonda/18320/,UNVERIFIED,UNVERIFIED,UNVERIFIED,RESTRICTIONS,UNVERIFIED,UNVERIFIED,UNVERIFIED,UNVERIFIED,UNVERIFIED,UNVERIFIED,UNVERIFIED,YES,YES,RESTRICTIONS,"Минтруд Северной Осетии и Фонд поддержки детей сообщали об открытии в 2025 году отделения для женщин с детьми в кризисной ситуации на базе «Доброго сердца». Временное безопасное проживание до 4 семей, по сообщению фонда на 3–6 месяцев, с социальной и юридической помощью. Действующая страница учреждения подтверждает адрес и бесплатность социальных услуг; текущее наличие мест, порядок приёма и функционирование именно отделения в день проверки требуют звонка.",Женщины с детьми в кризисной ситуации,UNVERIFIED,UNVERIFIED,UNVERIFIED,UNVERIFIED,UNVERIFIED,Социальные услуги бесплатно по действующей странице учреждения; условия конкретного заселения необходимо уточнить,UNVERIFIED,UNVERIFIED,UNVERIFIED,https://dobrserdce.aln.socinfo.ru/,2026-09-25,CURRENT_OPERATION_CONFIRMED_SERVICES_OLDER,До 4 семей,UNVERIFIED,3–6 месяцев по сообщению Фонда поддержки детей 16.05.2025,Женщины с детьми,UNVERIFIED,UNVERIFIED,UNVERIFIED,UNVERIFIED,OPEN,200,https://dobrserdce.aln.socinfo.ru/postavshik,LOOSE_REVIEW,EXACT_NORMALIZED,https://t.me/s/mintrud_15/3480,YES,CURRENT_OPERATION_SERVICE_DETAILS_OLDER,UNVERIFIED_NO_LIVE_CHECK,UNVERIFIED,"Web sources cannot confirm a place, supplies, admission, or walk-in access today; contact the point before travel.",2026-09-26
Республика Северная Осетия — Алания,Владикавказ,"ГБУ СО РСО — Алания «Социальный приют для лиц, оказавшихся в экстремальных условиях, без определённого места жительства и занятий»",Срочные социальные услуги и стационарное отделение,государственный социальный приют,государственная,"ул. Тельмана, 33 (тот же объект: ул. Павлика Морозова, 43 / ул. Ушакова, 2)",+7 (8672) 76-27-54,+7 (8672) 76-48-76,sotc_pr@mail.ru,https://sotcpr.aln.socinfo.ru/,https://sotcpr.aln.socinfo.ru/uslugi,https://sotcpr.aln.socinfo.ru/uslugi; https://sotcpr.aln.socinfo.ru/mesta; https://sotcpr.aln.socinfo.ru/,YES,YES,UNVERIFIED,RESTRICTIONS,YES,YES,UNVERIFIED,UNVERIFIED,UNVERIFIED,UNVERIFIED,UNVERIFIED,UNVERIFIED,UNVERIFIED,YES,"Официальный сайт подтверждает бесплатные срочные услуги: горячее питание или продуктовые наборы, одежда, обувь, предметы первой необходимости, содействие во временном жилье. Размещение может быть платным с учётом дохода и требует оформления; на 22.09.2026 официальный сайт показывает 0 свободных мужских и 0 женских мест из 32. Не обещать ночлег без звонка.",Лица в экстремальных условиях и без определённого места жительства,"Для планового стационарного приёма: решение УСЗН, заявление и ИППСУ; при угрозе жизни и здоровью допускается личное заявление",UNVERIFIED,UNVERIFIED,UNVERIFIED,RESTRICTIONS,"Срочные социальные услуги бесплатно; стационарное размещение бесплатно для установленных категорий/при доходе ниже порога, иначе возможна плата",Дежурный администратор принимает граждан; часы обращения за отдельными срочными услугами не опубликованы,UNVERIFIED,UNVERIFIED,https://sotcpr.aln.socinfo.ru/uslugi,2026-09-25,VERIFIED_CURRENT_PRIMARY,32; 0 свободных на 22.09.2026,UNVERIFIED,UNVERIFIED,UNVERIFIED,При остром алкогольном/наркотическом опьянении экстренное размещение противопоказано,Для стационарного приёма официальный сайт требует отрицательный ПЦР-тест на COVID-19 не старше 48 часов; порядок срочной помощи и экстренного размещения см. на сайте/у дежурного,YES: https://sotcpr.aln.socinfo.ru/mesta; 22.09.2026 свободных мест 0,UNVERIFIED,OPEN,200,https://sotcpr.aln.socinfo.ru/uslugi,NOT_IN_PRIMARY_TEXT,NOT_IN_PRIMARY_TEXT,https://sotcpr.aln.socinfo.ru/uslugi,YES,CURRENT_LOCATION_AND_SERVICE_REPORTED,UNVERIFIED_NO_LIVE_CHECK,UNVERIFIED,"Web sources cannot confirm a place, supplies, admission, or walk-in access today; contact the point before travel.",2026-09-26
Республика Татарстан,Алексеевское,Чистопольская епархия,Гуманитарный склад при храме Воскресения Христова,Гуманитарный склад,религиозная,"Алексеевское, Соборная пл., 1, цокольный этаж храма",+7 (927) 402-49-85,UNVERIFIED,UNVERIFIED,UNVERIFIED,https://alekseevskiy.tatarstan.ru/index.htm/news/2076484.htm,https://alekseevskiy.tatarstan.ru/index.htm/news/2076484.htm; https://kazanmiloserdie.ru/projects/czentr-gumanitarnoj-pomoshhi/; https://tatmitropolia.ru/newses/kaznews/?id=75812; https://diaconia.ru/n/predstavitel-sinodalnogo-otdela-posetila-chistopolskuyu-eparhiyu/,UNVERIFIED,UNVERIFIED,UNVERIFIED,UNVERIFIED,YES,YES,UNVERIFIED,UNVERIFIED,UNVERIFIED,UNVERIFIED,UNVERIFIED,UNVERIFIED,UNVERIFIED,UNVERIFIED,"Муниципальное сообщение о складе по адресу Соборная площадь 1: нуждающиеся могли бесплатно получить одежду, обувь и игрушки. Адрес есть в действующем перечне службы, но указан как Соборная площадь 2. Примечание: Адресный номер расходится между источниками: муниципалитет указывает 1, действующий перечень — 2. Возможно, это один комплекс; перед посещением уточнить по телефону. The Synodal Department confirmed the same center operating on 16 September 2026; the 2022 Eparchy report confirms building no. 1 and clothing/footwear distribution. Current project directory says building no. 2 for the same church; call before travel. 2022 hours are not reconfirmed.",Нуждающиеся,UNVERIFIED,UNVERIFIED,UNVERIFIED,UNVERIFIED,UNVERIFIED,Бесплатно,"Ср, Сб, Вс 12:00–15:00 (по данным 2022 года)",UNVERIFIED,UNVERIFIED,UNVERIFIED,2026-09-25,CURRENT_OPERATION_CONFIRMED_SERVICES_OLDER,UNVERIFIED,UNVERIFIED,UNVERIFIED,UNVERIFIED,UNVERIFIED,UNVERIFIED,UNVERIFIED,UNVERIFIED,OPEN,200,https://alekseevskiy.tatarstan.ru/index.htm/news/2076484.htm,LOOSE_REVIEW,LOOSE_REVIEW,https://alekseevskiy.tatarstan.ru/index.htm/news/2076484.htm,YES,CURRENT_OPERATION_SERVICE_DETAILS_OLDER,UNVERIFIED_NO_LIVE_CHECK,UNVERIFIED,"Web sources cannot confirm a place, supplies, admission, or walk-in access today; contact the point before travel.",2026-09-26
Республика Татарстан,Арск,Служба помощи нуждающимся «Милосердие Казань»,Гуманитарный склад: Покровская церковь,Гуманитарный склад,религиозная,"Арск, пл. Советская, 9А",+7 (996) 900-50-30,UNVERIFIED,UNVERIFIED,https://kazanmiloserdie.ru/,https://kazanmiloserdie.ru/news/dashenka-prishla-o-soczialnom-sluzhenii-materi-odinochki-iz-arska/,https://kazanmiloserdie.ru/projects/czentr-gumanitarnoj-pomoshhi/; https://kazanmiloserdie.ru/news/dashenka-prishla-o-soczialnom-sluzhenii-materi-odinochki-iz-arska/,UNVERIFIED,YES,UNVERIFIED,UNVERIFIED,YES,YES,UNVERIFIED,UNVERIFIED,UNVERIFIED,UNVERIFIED,UNVERIFIED,UNVERIFIED,UNVERIFIED,UNVERIFIED,"В 2025 году в Покровском приходе Арска фактически выдавали одежду, обувь, продуктовые наборы и бытовую химию; адрес прихода указан в официальном перечне службы. Примечание: Новость о выдаче датирована 08.02.2025; индивидуальный график не указан.","Нуждающиеся, включая малоимущие семьи и людей в трудной жизненной ситуации.",UNVERIFIED,UNVERIFIED,UNVERIFIED,UNVERIFIED,UNVERIFIED,Бесплатная благотворительная выдача; ассортимент зависит от наличия вещей и продуктов.,UNVERIFIED,UNVERIFIED,UNVERIFIED,UNVERIFIED,2026-09-25,CURRENT_OPERATION_CONFIRMED_SERVICES_OLDER,UNVERIFIED,UNVERIFIED,UNVERIFIED,UNVERIFIED,UNVERIFIED,UNVERIFIED,UNVERIFIED,UNVERIFIED,OPEN,200,https://kazanmiloserdie.ru/news/dashenka-prishla-o-soczialnom-sluzhenii-materi-odinochki-iz-arska/,LOOSE_REVIEW,LOOSE_REVIEW,https://kazanmiloserdie.ru/projects/czentr-gumanitarnoj-pomoshhi/,YES,CURRENT_OPERATION_SERVICE_DETAILS_OLDER,UNVERIFIED_NO_LIVE_CHECK,UNVERIFIED,"Web sources cannot confirm a place, supplies, admission, or walk-in access today; contact the point before travel.",2026-09-26
Республика Татарстан,Елабуга,Проект «Раифская трапеза»,Пункт бесплатного горячего питания: Спасский собор,Пункт горячего питания,религиозная,"Елабуга, ул. Набережная, 14",+7 (919) 625-80-11,UNVERIFIED,UNVERIFIED,https://kazanmiloserdie.ru/,https://kazanmiloserdie.ru/projects/raifskaya-trapeza/,https://kazanmiloserdie.ru/projects/raifskaya-trapeza/; https://kazanmiloserdie.ru/news/produkty-v-pomoshh-chtoby-kormit-nuzhdayushhihsya-raifskoj-trapeze-neobhodimo-popolnit-zapasy/,YES,UNVERIFIED,UNVERIFIED,UNVERIFIED,UNVERIFIED,UNVERIFIED,UNVERIFIED,UNVERIFIED,UNVERIFIED,UNVERIFIED,UNVERIFIED,UNVERIFIED,UNVERIFIED,UNVERIFIED,"Официальная страница проекта перечисляет адреса киосков и часы выдачи полноценных бесплатных горячих обедов нуждающимся. Примечание: Адрес киоска указан в действующей странице проекта, однако график для выездного пункта опубликован в 2024 году и не перепроверен на сентябрь 2026.","Люди в трудной жизненной ситуации, бездомные, малоимущие и пенсионеры.",UNVERIFIED,UNVERIFIED,UNVERIFIED,UNVERIFIED,UNVERIFIED,Бесплатно,Вс около 10:30–12:00,Вс около 10:30–12:00,UNVERIFIED,UNVERIFIED,2026-09-25,PARTIAL_OLD_SOURCE,UNVERIFIED,UNVERIFIED,UNVERIFIED,UNVERIFIED,UNVERIFIED,UNVERIFIED,UNVERIFIED,UNVERIFIED,OPEN,200,https://kazanmiloserdie.ru/projects/raifskaya-trapeza/,LOOSE_REVIEW,LOOSE_REVIEW,https://kazanmiloserdie.ru/projects/raifskaya-trapeza/,YES,OLD_SOURCE_ONLY,UNVERIFIED_NO_LIVE_CHECK,UNVERIFIED,"Web sources cannot confirm a place, supplies, admission, or walk-in access today; contact the point before travel.",2026-09-26
Республика Татарстан,Зеленодольск,Проект «Раифская трапеза»,Пункт бесплатного горячего питания: Парковка ТЦ «Эссен»,Пункт горячего питания,религиозная,"ул. Столичная, 1, храм Андрея Первозванного",+7 (927) 031-03-21,UNVERIFIED,UNVERIFIED,https://kazanmiloserdie.ru/,https://www.raifa.ru/publications/?ID=3645,https://www.raifa.ru/publications/?ID=3645; https://andrey-perv.cerkov.ru/kontakty/,YES,UNVERIFIED,UNVERIFIED,UNVERIFIED,UNVERIFIED,UNVERIFIED,UNVERIFIED,UNVERIFIED,UNVERIFIED,UNVERIFIED,UNVERIFIED,UNVERIFIED,UNVERIFIED,UNVERIFIED,"Раифский монастырь 20.06.2025 указал раздачу горячей еды нуждающимся на территории храма Андрея Первозванного, ул. Столичная, 1, по средам и воскресеньям 10:30–12:00. Старый адрес пр. Строителей, 30 из списка 2024 года устарел. Работа именно 25.09.2026 не подтверждена. Примечание: Адрес киоска указан в действующей странице проекта, однако график для выездного пункта опубликован в 2024 году и не перепроверен на сентябрь 2026.","Люди в трудной жизненной ситуации, бездомные, малоимущие и пенсионеры.",UNVERIFIED,UNVERIFIED,UNVERIFIED,UNVERIFIED,UNVERIFIED,Бесплатно,Среда и воскресенье 10:30–12:00 по публикации монастыря от 20.06.2025; актуальность на 25.09.2026 уточнять,Среда и воскресенье 10:30–12:00 по публикации монастыря от 20.06.2025; актуальность на 25.09.2026 уточнять,UNVERIFIED,UNVERIFIED,2026-09-25,PARTIAL_OLD_SOURCE,UNVERIFIED,UNVERIFIED,UNVERIFIED,UNVERIFIED,UNVERIFIED,UNVERIFIED,UNVERIFIED,UNVERIFIED,OPEN,200,https://www.raifa.ru/publications/?ID=3645,LOOSE_REVIEW,LOOSE_REVIEW,https://www.raifa.ru/publications/?ID=3645,YES,OLD_SOURCE_ONLY,UNVERIFIED_NO_LIVE_CHECK,UNVERIFIED,"Web sources cannot confirm a place, supplies, admission, or walk-in access today; contact the point before travel.",2026-09-26
Республика Татарстан,Казань,Проект «Раифская трапеза»,Пункт бесплатного горячего питания: Храм Рождества Христова,Пункт горячего питания,религиозная,"Казань, ул. Адоратского, 38А",+7 (919) 625-80-11,UNVERIFIED,UNVERIFIED,https://kazanmiloserdie.ru/,https://kazanmiloserdie.ru/projects/raifskaya-trapeza/,https://kazanmiloserdie.ru/projects/raifskaya-trapeza/; https://kazanmiloserdie.ru/news/produkty-v-pomoshh-chtoby-kormit-nuzhdayushhihsya-raifskoj-trapeze-neobhodimo-popolnit-zapasy/,YES,UNVERIFIED,UNVERIFIED,UNVERIFIED,UNVERIFIED,UNVERIFIED,UNVERIFIED,UNVERIFIED,UNVERIFIED,UNVERIFIED,UNVERIFIED,UNVERIFIED,UNVERIFIED,UNVERIFIED,"Официальная страница проекта перечисляет адреса киосков и часы выдачи полноценных бесплатных горячих обедов нуждающимся. Примечание: Адрес киоска указан в действующей странице проекта, однако график для выездного пункта опубликован в 2024 году и не перепроверен на сентябрь 2026.","Люди в трудной жизненной ситуации, бездомные, малоимущие и пенсионеры.",UNVERIFIED,UNVERIFIED,UNVERIFIED,UNVERIFIED,UNVERIFIED,Бесплатно,Вс,Вс,UNVERIFIED,UNVERIFIED,2026-09-25,PARTIAL_OLD_SOURCE,UNVERIFIED,UNVERIFIED,UNVERIFIED,UNVERIFIED,UNVERIFIED,UNVERIFIED,UNVERIFIED,UNVERIFIED,OPEN,200,https://kazanmiloserdie.ru/projects/raifskaya-trapeza/,LOOSE_REVIEW,LOOSE_REVIEW,https://kazanmiloserdie.ru/projects/raifskaya-trapeza/,YES,OLD_SOURCE_ONLY,UNVERIFIED_NO_LIVE_CHECK,UNVERIFIED,"Web sources cannot confirm a place, supplies, admission, or walk-in access today; contact the point before travel.",2026-09-26
Республика Татарстан,Казань,Проект «Раифская трапеза»,Пункт бесплатного горячего питания: Храм пророка Илии,Пункт горячего питания,религиозная,"Казань, ул. Запорожская, 39/1",+7 (919) 625-80-11,UNVERIFIED,UNVERIFIED,https://kazanmiloserdie.ru/,https://kazanmiloserdie.ru/projects/raifskaya-trapeza/,https://kazanmiloserdie.ru/projects/raifskaya-trapeza/; https://kazanmiloserdie.ru/news/produkty-v-pomoshh-chtoby-kormit-nuzhdayushhihsya-raifskoj-trapeze-neobhodimo-popolnit-zapasy/,YES,UNVERIFIED,UNVERIFIED,UNVERIFIED,UNVERIFIED,UNVERIFIED,UNVERIFIED,UNVERIFIED,UNVERIFIED,UNVERIFIED,UNVERIFIED,UNVERIFIED,UNVERIFIED,UNVERIFIED,"Официальная страница проекта перечисляет адреса киосков и часы выдачи полноценных бесплатных горячих обедов нуждающимся. Примечание: Адрес киоска указан в действующей странице проекта, однако график для выездного пункта опубликован в 2024 году и не перепроверен на сентябрь 2026.","Люди в трудной жизненной ситуации, бездомные, малоимущие и пенсионеры.",UNVERIFIED,UNVERIFIED,UNVERIFIED,UNVERIFIED,UNVERIFIED,Бесплатно,Вс,Вс,UNVERIFIED,UNVERIFIED,2026-09-25,PARTIAL_OLD_SOURCE,UNVERIFIED,UNVERIFIED,UNVERIFIED,UNVERIFIED,UNVERIFIED,UNVERIFIED,UNVERIFIED,UNVERIFIED,OPEN,200,https://kazanmiloserdie.ru/projects/raifskaya-trapeza/,NOT_IN_PRIMARY_TEXT,LOOSE_REVIEW,https://kazanmiloserdie.ru/news/produkty-v-pomoshh-chtoby-kormit-nuzhdayushhihsya-raifskoj-trapeze-neobhodimo-popolnit-zapasy/,YES,OLD_SOURCE_ONLY,UNVERIFIED_NO_LIVE_CHECK,UNVERIFIED,"Web sources cannot confirm a place, supplies, admission, or walk-in access today; contact the point before travel.",2026-09-26
Республика Татарстан,Казань,Проект «Раифская трапеза»,Пункт бесплатного горячего питания при храме Сергия Радонежского,Пункт горячего питания,религиозная,"Казань, ул. Краснококшайская, 101",+7 (919) 625-80-11,UNVERIFIED,UNVERIFIED,https://kazanmiloserdie.ru/,https://kazanmiloserdie.ru/projects/raifskaya-trapeza/,https://kazanmiloserdie.ru/projects/raifskaya-trapeza/; https://kazanmiloserdie.ru/news/produkty-v-pomoshh-chtoby-kormit-nuzhdayushhihsya-raifskoj-trapeze-neobhodimo-popolnit-zapasy/,YES,UNVERIFIED,UNVERIFIED,UNVERIFIED,UNVERIFIED,UNVERIFIED,UNVERIFIED,UNVERIFIED,UNVERIFIED,UNVERIFIED,UNVERIFIED,UNVERIFIED,UNVERIFIED,UNVERIFIED,По адресу официальная страница проекта «Раифская трапеза» подтверждает бесплатные горячие обеды по средам и воскресеньям. Примечание: Текущий график после публикации 2024 года не подтверждён; уточнять по телефону.,"Нуждающиеся, включая малоимущие семьи и людей в трудной жизненной ситуации.",UNVERIFIED,UNVERIFIED,UNVERIFIED,UNVERIFIED,UNVERIFIED,Бесплатно,Ср и Вс,Ср и Вс,UNVERIFIED,UNVERIFIED,2026-09-25,PARTIAL_OLD_SOURCE,UNVERIFIED,UNVERIFIED,UNVERIFIED,UNVERIFIED,UNVERIFIED,UNVERIFIED,UNVERIFIED,UNVERIFIED,OPEN,200,https://kazanmiloserdie.ru/projects/raifskaya-trapeza/,LOOSE_REVIEW,LOOSE_REVIEW,https://kazanmiloserdie.ru/projects/raifskaya-trapeza/,YES,OLD_SOURCE_ONLY,UNVERIFIED_NO_LIVE_CHECK,UNVERIFIED,"Web sources cannot confirm a place, supplies, admission, or walk-in access today; contact the point before travel.",2026-09-26
Республика Татарстан,Казань,Проект «Раифская трапеза»,Пункт бесплатного горячего питания: Храм Успения Пресвятой Богородицы,Пункт горячего питания,религиозная,"Казань, ул. Парковая, 30",+7 (919) 625-80-11,UNVERIFIED,UNVERIFIED,https://kazanmiloserdie.ru/,https://kazanmiloserdie.ru/projects/raifskaya-trapeza/,https://kazanmiloserdie.ru/projects/raifskaya-trapeza/; https://kazanmiloserdie.ru/news/produkty-v-pomoshh-chtoby-kormit-nuzhdayushhihsya-raifskoj-trapeze-neobhodimo-popolnit-zapasy/,YES,UNVERIFIED,UNVERIFIED,UNVERIFIED,UNVERIFIED,UNVERIFIED,UNVERIFIED,UNVERIFIED,UNVERIFIED,UNVERIFIED,UNVERIFIED,UNVERIFIED,UNVERIFIED,UNVERIFIED,"Официальная страница проекта перечисляет адреса киосков и часы выдачи полноценных бесплатных горячих обедов нуждающимся. Примечание: Адрес киоска указан в действующей странице проекта, однако график для выездного пункта опубликован в 2024 году и не перепроверен на сентябрь 2026.","Люди в трудной жизненной ситуации, бездомные, малоимущие и пенсионеры.",UNVERIFIED,UNVERIFIED,UNVERIFIED,UNVERIFIED,UNVERIFIED,Бесплатно,Ср и Вс,Ср и Вс,UNVERIFIED,UNVERIFIED,2026-09-25,PARTIAL_OLD_SOURCE,UNVERIFIED,UNVERIFIED,UNVERIFIED,UNVERIFIED,UNVERIFIED,UNVERIFIED,UNVERIFIED,UNVERIFIED,OPEN,200,https://kazanmiloserdie.ru/projects/raifskaya-trapeza/,LOOSE_REVIEW,LOOSE_REVIEW,https://kazanmiloserdie.ru/projects/raifskaya-trapeza/,YES,OLD_SOURCE_ONLY,UNVERIFIED_NO_LIVE_CHECK,UNVERIFIED,"Web sources cannot confirm a place, supplies, admission, or walk-in access today; contact the point before travel.",2026-09-26
Республика Татарстан,Казань,Проект «Раифская трапеза»,Пункт бесплатного горячего питания: Храм Александра Невского,Пункт горячего питания,религиозная,"Казань, ул. Сахарова, 16Б",+7 (919) 625-80-11,UNVERIFIED,UNVERIFIED,https://kazanmiloserdie.ru/,https://kazanmiloserdie.ru/projects/raifskaya-trapeza/,https://kazanmiloserdie.ru/projects/raifskaya-trapeza/; https://kazanmiloserdie.ru/news/produkty-v-pomoshh-chtoby-kormit-nuzhdayushhihsya-raifskoj-trapeze-neobhodimo-popolnit-zapasy/,YES,UNVERIFIED,UNVERIFIED,UNVERIFIED,UNVERIFIED,UNVERIFIED,UNVERIFIED,UNVERIFIED,UNVERIFIED,UNVERIFIED,UNVERIFIED,UNVERIFIED,UNVERIFIED,UNVERIFIED,"Официальная страница проекта перечисляет адреса киосков и часы выдачи полноценных бесплатных горячих обедов нуждающимся. Примечание: Адрес киоска указан в действующей странице проекта, однако график для выездного пункта опубликован в 2024 году и не перепроверен на сентябрь 2026.","Люди в трудной жизненной ситуации, бездомные, малоимущие и пенсионеры.",UNVERIFIED,UNVERIFIED,UNVERIFIED,UNVERIFIED,UNVERIFIED,Бесплатно,Ср и Вс,Ср и Вс,UNVERIFIED,UNVERIFIED,2026-09-25,PARTIAL_OLD_SOURCE,UNVERIFIED,UNVERIFIED,UNVERIFIED,UNVERIFIED,UNVERIFIED,UNVERIFIED,UNVERIFIED,UNVERIFIED,OPEN,200,https://kazanmiloserdie.ru/projects/raifskaya-trapeza/,LOOSE_REVIEW,LOOSE_REVIEW,https://kazanmiloserdie.ru/projects/raifskaya-trapeza/,YES,OLD_SOURCE_ONLY,UNVERIFIED_NO_LIVE_CHECK,UNVERIFIED,"Web sources cannot confirm a place, supplies, admission, or walk-in access today; contact the point before travel.",2026-09-26
Республика Татарстан,Казань,Проект «Раифская трапеза»,Пункт бесплатного горячего питания: Дом горячего питания имени Иоанна Кронштадтского,Пункт горячего питания,религиозная,"Казань, ул. Челюскина, 31А",+7 (919) 625-80-11,UNVERIFIED,UNVERIFIED,https://kazanmiloserdie.ru/,https://kazanmiloserdie.ru/news/vse-resursy-sluzhby-miloserdie-kazan-ko-dnyu-pozhilogo-cheloveka/,https://kazanmiloserdie.ru/projects/raifskaya-trapeza/; https://kazanmiloserdie.ru/news/vse-resursy-sluzhby-miloserdie-kazan-ko-dnyu-pozhilogo-cheloveka/,YES,UNVERIFIED,UNVERIFIED,UNVERIFIED,YES,UNVERIFIED,YES,YES,UNVERIFIED,UNVERIFIED,YES,YES,YES,YES,"Бесплатные ежедневные горячие обеды 10:00–15:00; также душ, стирка и сушка одежды, подбор одежды, первая медицинская и социальная консультация. Примечание: Ежедневную работу 10:00–15:00 подтверждает публикация 2025 года; душ и прачечная описаны на странице проекта без свежей даты.","Люди в трудной жизненной ситуации, бездомные, малоимущие и пенсионеры.",UNVERIFIED,UNVERIFIED,UNVERIFIED,UNVERIFIED,UNVERIFIED,Бесплатно,Ежедневно 10:00–15:00,Ежедневно 10:00–15:00,UNVERIFIED,UNVERIFIED,2026-09-25,CURRENT_OPERATION_CONFIRMED_SERVICES_OLDER,UNVERIFIED,UNVERIFIED,UNVERIFIED,UNVERIFIED,UNVERIFIED,UNVERIFIED,UNVERIFIED,UNVERIFIED,OPEN,200,https://kazanmiloserdie.ru/news/vse-resursy-sluzhby-miloserdie-kazan-ko-dnyu-pozhilogo-cheloveka/,LOOSE_REVIEW,EXACT_NORMALIZED,https://kazanmiloserdie.ru/projects/raifskaya-trapeza/,YES,CURRENT_OPERATION_SERVICE_DETAILS_OLDER,UNVERIFIED_NO_LIVE_CHECK,UNVERIFIED,"Web sources cannot confirm a place, supplies, admission, or walk-in access today; contact the point before travel.",2026-09-26
Республика Татарстан,Казань,АНО «Милосердие Казань»,Епархиальный центр гуманитарной помощи,Гуманитарный центр,религиозная,"Казань, ул. Чистопольская, 30",+7 (900) 999-07-04,+7 (996) 900-50-30,UNVERIFIED,https://kazanmiloserdie.ru/,https://kazanmiloserdie.ru/news/hotite-nachat-pomogat-detyam-rasskazhem-kak-ko-dnyu-zashhity-detej-o-vozmozhnostyah-sluzhby-miloserdie-kazan/,https://kazanmiloserdie.ru/projects/czentr-gumanitarnoj-pomoshhi/; https://kazanmiloserdie.ru/news/hotite-nachat-pomogat-detyam-rasskazhem-kak-ko-dnyu-zashhity-detej-o-vozmozhnostyah-sluzhby-miloserdie-kazan/,UNVERIFIED,YES,UNVERIFIED,UNVERIFIED,YES,YES,UNVERIFIED,UNVERIFIED,YES,UNVERIFIED,UNVERIFIED,UNVERIFIED,YES,YES,"Центр выдаёт нуждающимся продуктовые наборы, одежду, обувь, бытовую химию и предметы первой необходимости; оказывает консультации по социальным и юридическим вопросам. Примечание: Свежая публикация епархии 27.06.2026 подтверждает фактическую выдачу по адресу. Предварительная запись: +7 (900) 999-07-04.","Малоимущие и многодетные семьи, пенсионеры, люди с инвалидностью, погорельцы, беженцы и другие нуждающиеся; организация просит подтверждающие статус документы.",RESTRICTIONS,UNVERIFIED,UNVERIFIED,RESTRICTIONS,UNVERIFIED,Бесплатная гуманитарная помощь нуждающимся; по предварительной записи.,Приём по записи; справочный режим Пн–Пт 09:00–16:00 (на странице учреждения),UNVERIFIED,UNVERIFIED,UNVERIFIED,2026-09-25,VERIFIED_CURRENT_PRIMARY,UNVERIFIED,UNVERIFIED,UNVERIFIED,UNVERIFIED,UNVERIFIED,UNVERIFIED,UNVERIFIED,UNVERIFIED,OPEN,200,https://kazanmiloserdie.ru/news/hotite-nachat-pomogat-detyam-rasskazhem-kak-ko-dnyu-zashhity-detej-o-vozmozhnostyah-sluzhby-miloserdie-kazan/,LOOSE_REVIEW,EXACT_NORMALIZED,https://kazanmiloserdie.ru/projects/czentr-gumanitarnoj-pomoshhi/,YES,CURRENT_LOCATION_AND_SERVICE_REPORTED,UNVERIFIED_NO_LIVE_CHECK,UNVERIFIED,"Web sources cannot confirm a place, supplies, admission, or walk-in access today; contact the point before travel.",2026-09-26
Республика Татарстан,Камские Поляны,Служба помощи нуждающимся «Милосердие Казань»,Гуманитарный склад: Пункт вещевой помощи «Счастливый дом»,Гуманитарный склад,религиозная,"Камские Поляны, дом 1/46",+7 (996) 900-50-30,UNVERIFIED,UNVERIFIED,https://kazanmiloserdie.ru/,https://kazanmiloserdie.ru/projects/czentr-gumanitarnoj-pomoshhi/,https://kazanmiloserdie.ru/projects/czentr-gumanitarnoj-pomoshhi/; https://tatmitropolia.ru/newses/kaznews/?id=76917,UNVERIFIED,UNVERIFIED,UNVERIFIED,UNVERIFIED,YES,UNVERIFIED,UNVERIFIED,UNVERIFIED,UNVERIFIED,UNVERIFIED,UNVERIFIED,UNVERIFIED,UNVERIFIED,UNVERIFIED,Официальный перечень называет адрес гуманитарным пунктом; отдельные источники подтверждают раздачу вещей или еды непосредственно на этой точке. Примечание: Сведения о выдаче на самой точке старее 2026 года; точный режим посещения не указан. Источник по услуге требует уточнения в source_urls.,"Нуждающиеся, включая малоимущие семьи и людей в трудной жизненной ситуации.",UNVERIFIED,UNVERIFIED,UNVERIFIED,UNVERIFIED,UNVERIFIED,Бесплатная благотворительная выдача; ассортимент зависит от наличия вещей и продуктов.,UNVERIFIED,UNVERIFIED,UNVERIFIED,UNVERIFIED,2026-09-25,PARTIAL_CURRENT,UNVERIFIED,UNVERIFIED,UNVERIFIED,UNVERIFIED,UNVERIFIED,UNVERIFIED,UNVERIFIED,UNVERIFIED,OPEN,200,https://kazanmiloserdie.ru/projects/czentr-gumanitarnoj-pomoshhi/,LOOSE_REVIEW,LOOSE_REVIEW,https://kazanmiloserdie.ru/projects/czentr-gumanitarnoj-pomoshhi/,YES,PARTIAL_CURRENT_REPORT,UNVERIFIED_NO_LIVE_CHECK,UNVERIFIED,"Web sources cannot confirm a place, supplies, admission, or walk-in access today; contact the point before travel.",2026-09-26
Республика Тыва,Кызыл,Отдел по социальному служению и благотворительности Кызыльской епархии,«Юрта добра»: место раздачи питания у юрты,пункт бесплатного питания,религиозная,"ул. Рабочая, 335",+7 (39422) 5-67-71,UNVERIFIED,UNVERIFIED,https://pravtyva.ru/,https://patriarchia.ru/article/121853,https://patriarchia.ru/article/121853; https://pravtyva.ru/,YES,UNVERIFIED,UNVERIFIED,UNVERIFIED,UNVERIFIED,UNVERIFIED,UNVERIFIED,UNVERIFIED,UNVERIFIED,UNVERIFIED,UNVERIFIED,UNVERIFIED,UNVERIFIED,UNVERIFIED,"Патриархия 26.06.2026 подтверждает построенную юрту по адресу Рабочая, 335 и действующую рядом с ней бесплатную раздачу горячего питания людям без жилья по понедельникам, средам и пятницам в 16:00. На дату публикации внутренняя юрта ещё готовилась к открытию, поэтому кормление подтверждено у неё, а начало обслуживания внутри юрты — UNVERIFIED. Телефон — приёмная епархии, не прямой номер пункта. Примечание: Не приписывать юрте ещё не завершённые социальный центр, гостиницу для женщин с детьми и фельдшерский пункт. Само кормление рядом с юртой подтверждено.",Люди без определённого места жительства,UNVERIFIED,UNVERIFIED,UNVERIFIED,UNVERIFIED,UNVERIFIED,Бесплатно,"Пн, Ср, Пт 16:00 — раздача еды по опубликованному графику","Пн, Ср, Пт 16:00 (по информации от 26.06.2026; актуальный график уточнить)",UNVERIFIED,UNVERIFIED,2026-09-25,VERIFIED_CURRENT_PRIMARY,25 мест в планируемой юрте; раздача рядом уже работала,UNVERIFIED,UNVERIFIED,UNVERIFIED,UNVERIFIED,UNVERIFIED,UNVERIFIED,UNVERIFIED,OPEN,200,https://patriarchia.ru/article/121853,NOT_IN_PRIMARY_TEXT,NOT_IN_PRIMARY_TEXT,https://patriarchia.ru/article/121853,YES,CURRENT_LOCATION_AND_SERVICE_REPORTED,UNVERIFIED_NO_LIVE_CHECK,UNVERIFIED,"Web sources cannot confirm a place, supplies, admission, or walk-in access today; contact the point before travel.",2026-09-26
Республика Хакасия,Абакан,АНО «Точка опоры в Республике Хакасия»,Центр помощи семье «Точка опоры. Семья»,центр бесплатной гуманитарной помощи,НКО,"проспект Дружбы Народов, 52",8 (800) 770-01-87,UNVERIFIED,UNVERIFIED,https://vk.ru/tochka_opory_semiya,https://deti.gov.ru/Press-Centr/region-news/23473,https://deti.gov.ru/Press-Centr/region-news/23473; https://r-19.ru/news/obshchestvo/195226/; https://abakan.ru/index.php/chto-proiskhodit/obshchestvo/item/21623-luchshe-chem-zhenshchina-zhenshchine-nikto-ne-pomozhet-kak-v-abakane-rabotaet-krizisnyj-tsentr-s-teplom-zabotoj-i-lyubov-yu; https://vybory.oprh.ru/news/actual/v_abakane_otkrylsya_tsentr_pomoshchi_seme_tochka_opory_semya/,UNVERIFIED,RESTRICTIONS,UNVERIFIED,UNVERIFIED,RESTRICTIONS,RESTRICTIONS,UNVERIFIED,UNVERIFIED,RESTRICTIONS,UNVERIFIED,UNVERIFIED,UNVERIFIED,UNVERIFIED,RESTRICTIONS,"В июне 2026 года центр открылся по адресу проспект Дружбы Народов, 52. Федеральный сайт детского омбудсмена прямо подтверждает бесплатную выдачу вещей нуждающимся семьям в центре, а Общественная палата Хакасии сообщает о выдаче продуктов питания, средств гигиены, бытовой химии, одежды и обуви. Представитель центра в интервью называет адрес и график приема семей 10:00–18:00. Временное проживание по этому адресу не подтверждено.",Беременные женщины и семьи с детьми в трудной жизненной ситуации.,UNVERIFIED,UNVERIFIED,UNVERIFIED,UNVERIFIED,UNVERIFIED,Бесплатная гуманитарная помощь целевой группе.,Пн–Пт 10:00–18:00; Сб–Вс выходные по публикации при открытии в июне 2026.,UNVERIFIED,UNVERIFIED,https://deti.gov.ru/Press-Centr/region-news/23473,2026-09-25,VERIFIED_CURRENT_GOVERNMENT,UNVERIFIED,UNVERIFIED,UNVERIFIED,UNVERIFIED,UNVERIFIED,UNVERIFIED,UNVERIFIED,UNVERIFIED,OPEN,200,https://deti.gov.ru/Press-Centr/region-news/23473,EXACT_NORMALIZED,EXACT_NORMALIZED,https://deti.gov.ru/Press-Centr/region-news/23473,YES,CURRENT_LOCATION_AND_SERVICE_REPORTED,UNVERIFIED_NO_LIVE_CHECK,UNVERIFIED,"Web sources cannot confirm a place, supplies, admission, or walk-in access today; contact the point before travel.",2026-09-26
Республика Хакасия,Абакан,Пункт обогрева и питания граждан без определённого места жительства («походная кухня»),Территория Абаканского паркового хозяйства,сезонный пункт горячего питания и обогрева,государственная / муниципальная / религиозная совместная,"ул. Промышленная, 25",+7 (3902) 22-82-84,UNVERIFIED,UNVERIFIED,UNVERIFIED,https://pulse19.ru/261028-punkt-pitanija-i-obogreva-v-abakane-otkroetsja-1-dekabrja/,https://pulse19.ru/261028-punkt-pitanija-i-obogreva-v-abakane-otkroetsja-1-dekabrja/; https://oprh.ru/resursnyy-tsentr-nko/news/nuzhna-pomoshch-v-razdache-goryachikh-obedov,SEASONAL,UNVERIFIED,UNVERIFIED,UNVERIFIED,SEASONAL,UNVERIFIED,UNVERIFIED,UNVERIFIED,UNVERIFIED,SEASONAL,UNVERIFIED,UNVERIFIED,UNVERIFIED,UNVERIFIED,"Зимой ежедневные горячие обеды, обогрев в палатке, теплые вещи нуждающимся. Примечание: Сезонный пункт; в сентябре 2026 не подтверждено, что работает. Телефон указан Минтрудом Хакасии как номер для дополнительной информации.",Бездомные и социально уязвимые жители города.,UNVERIFIED,UNVERIFIED,UNVERIFIED,UNVERIFIED,UNVERIFIED,Бесплатно.,В холодный сезон ежедневно 10:00–12:00,В холодный сезон ежедневно 10:00–12:00,UNVERIFIED,UNVERIFIED,2026-09-25,SEASONAL_NOT_OPEN_ON_2026-09-25,UNVERIFIED,UNVERIFIED,UNVERIFIED,UNVERIFIED,UNVERIFIED,UNVERIFIED,UNVERIFIED,NO,OPEN,200,https://pulse19.ru/261028-punkt-pitanija-i-obogreva-v-abakane-otkroetsja-1-dekabrja/,EXACT_NORMALIZED,EXACT_NORMALIZED,https://pulse19.ru/261028-punkt-pitanija-i-obogreva-v-abakane-otkroetsja-1-dekabrja/,YES,SEASONAL_CLOSED_TODAY,NO_REPORTED,NO,The source reports this point unavailable on the audit date.,2026-09-26
Республика Хакасия,Абакан,Благотворительный фонд социальной поддержки населения «Кристалл»,Социальная столовая,бесплатная социальная столовая,НКО,"ул. Пушкина, 36",+7 (923) 393-10-14,+7 (923) 393-88-39,fondkristall@mail.ru,https://fondkristall.ru/,https://fondkristall.ru/projects/soczialnaya-stolovaya/,https://fondkristall.ru/projects/soczialnaya-stolovaya/; https://fondkristall.ru/news/; https://oprh.ru/upload/iblock/a34/Kristall.pdf,RESTRICTIONS,UNVERIFIED,UNVERIFIED,UNVERIFIED,UNVERIFIED,UNVERIFIED,UNVERIFIED,UNVERIFIED,UNVERIFIED,UNVERIFIED,UNVERIFIED,UNVERIFIED,UNVERIFIED,UNVERIFIED,"Официальный сайт фонда указывает бесплатное горячее комплексное питание в собственной социальной столовой по ул. Пушкина, 36. Отчет Общественной палаты Хакасии 2025 года подтверждает продолжение работы столовой; сайт фонда публикует деятельность фонда в 2026 году. Для допуска на странице столовой перечислены паспорт с регистрацией, заявление, флюорография, справки о доходах, несудимости и психоневрологическом учете; пригодность и актуальность перечня надо уточнять по телефону.","Одинокие малоимущие матери, матери детей с инвалидностью, пенсионеры с низкими доходами, инвалиды; порядок допуска по документам.",YES: перечень на странице столовой.,YES: копия паспорта с пропиской в опубликованном перечне.,YES: паспорт с пропиской указан в опубликованном перечне; актуальность проверить.,UNVERIFIED: требуется оформление для посещения.,UNVERIFIED,Бесплатное горячее питание допущенным получателям.,"Пн–Пт 08:00–17:00, Сб–Вс выходной (на странице проекта; актуальность часов UNVERIFIED).",UNVERIFIED,UNVERIFIED,https://fondkristall.ru/projects/soczialnaya-stolovaya/,2026-09-25,CURRENT_OPERATION_CONFIRMED_SERVICES_OLDER,UNVERIFIED,UNVERIFIED,UNVERIFIED,UNVERIFIED,UNVERIFIED,UNVERIFIED,UNVERIFIED,UNVERIFIED,OPEN,200,https://fondkristall.ru/projects/soczialnaya-stolovaya/,LOOSE_REVIEW,LOOSE_REVIEW,https://fondkristall.ru/projects/soczialnaya-stolovaya/,YES,CURRENT_OPERATION_SERVICE_DETAILS_OLDER,UNVERIFIED_NO_LIVE_CHECK,UNVERIFIED,"Web sources cannot confirm a place, supplies, admission, or walk-in access today; contact the point before travel.",2026-09-26
Ростовская область,Азов,Православная служба помощи «Милосердие-на-Дону»,Пункт выдачи гуманитарной помощи,пункт выдачи вещей,религиозная,"Азов, ул. Московская, 260",8-800-775-81-30,UNVERIFIED,UNVERIFIED,UNVERIFIED,https://miloserdie-na-donu.ru/sitegumhelp/,https://miloserdie-na-donu.ru/sitegumhelp/,UNVERIFIED,UNVERIFIED,UNVERIFIED,UNVERIFIED,YES,UNVERIFIED,UNVERIFIED,UNVERIFIED,UNVERIFIED,UNVERIFIED,UNVERIFIED,UNVERIFIED,UNVERIFIED,UNVERIFIED,Официальный перечень пунктов выдачи гуманитарной помощи службы «Милосердие-на-Дону». Примечание: Сведения с действующей страницы организации.,UNVERIFIED,UNVERIFIED,UNVERIFIED,UNVERIFIED,UNVERIFIED,UNVERIFIED,Благотворительная помощь бесплатно,UNVERIFIED,UNVERIFIED,UNVERIFIED,UNVERIFIED,2026-09-25,VERIFIED_CURRENT_PRIMARY,UNVERIFIED,UNVERIFIED,UNVERIFIED,UNVERIFIED,UNVERIFIED,UNVERIFIED,UNVERIFIED,UNVERIFIED,OPEN,200,https://miloserdie-na-donu.ru/sitegumhelp/,EXACT_NORMALIZED,EXACT_NORMALIZED,https://miloserdie-na-donu.ru/sitegumhelp/,YES,CURRENT_LOCATION_AND_SERVICE_REPORTED,UNVERIFIED_NO_LIVE_CHECK,UNVERIFIED,"Web sources cannot confirm a place, supplies, admission, or walk-in access today; contact the point before travel.",2026-09-26
Ростовская область,Аксай,Православная служба помощи «Милосердие-на-Дону»,,отделение срочной социальной помощи,религиозная,"Аксай, ул. Гулаева, 66",8-800-775-81-30,UNVERIFIED,UNVERIFIED,UNVERIFIED,https://miloserdie-na-donu.ru/sitegumhelp/,https://miloserdie-na-donu.ru/sitegumhelp/,UNVERIFIED,UNVERIFIED,UNVERIFIED,UNVERIFIED,UNVERIFIED,UNVERIFIED,UNVERIFIED,UNVERIFIED,UNVERIFIED,UNVERIFIED,UNVERIFIED,UNVERIFIED,UNVERIFIED,YES,Адрес указан в действующем официальном перечне пунктов выдачи гуманитарной помощи; конкретный ассортимент не указан. Примечание: Нужна проверка часов и наличия вещей по телефону перед визитом.,UNVERIFIED,UNVERIFIED,UNVERIFIED,UNVERIFIED,UNVERIFIED,UNVERIFIED,Благотворительная гуманитарная помощь; бесплатно,UNVERIFIED,UNVERIFIED,UNVERIFIED,UNVERIFIED,2026-09-25,PARTIAL_CURRENT,UNVERIFIED,UNVERIFIED,UNVERIFIED,UNVERIFIED,UNVERIFIED,UNVERIFIED,UNVERIFIED,UNVERIFIED,OPEN,200,https://miloserdie-na-donu.ru/sitegumhelp/,EXACT_NORMALIZED,EXACT_NORMALIZED,https://miloserdie-na-donu.ru/sitegumhelp/,YES,PARTIAL_CURRENT_REPORT,UNVERIFIED_NO_LIVE_CHECK,UNVERIFIED,"Web sources cannot confirm a place, supplies, admission, or walk-in access today; contact the point before travel.",2026-09-26
Ростовская область,Батайск,Православная служба помощи «Милосердие-на-Дону»,,отделение срочной социальной помощи,религиозная,"Батайск, ул. Матросова, 1В",8-800-775-81-30,UNVERIFIED,UNVERIFIED,UNVERIFIED,https://miloserdie-na-donu.ru/sitegumhelp/,https://miloserdie-na-donu.ru/sitegumhelp/,UNVERIFIED,UNVERIFIED,UNVERIFIED,UNVERIFIED,UNVERIFIED,UNVERIFIED,UNVERIFIED,UNVERIFIED,UNVERIFIED,UNVERIFIED,UNVERIFIED,UNVERIFIED,UNVERIFIED,YES,Адрес указан в действующем официальном перечне пунктов выдачи гуманитарной помощи; конкретный ассортимент не указан. Примечание: Нужна проверка часов и наличия вещей по телефону перед визитом.,UNVERIFIED,UNVERIFIED,UNVERIFIED,UNVERIFIED,UNVERIFIED,UNVERIFIED,Благотворительная гуманитарная помощь; бесплатно,UNVERIFIED,UNVERIFIED,UNVERIFIED,UNVERIFIED,2026-09-25,PARTIAL_CURRENT,UNVERIFIED,UNVERIFIED,UNVERIFIED,UNVERIFIED,UNVERIFIED,UNVERIFIED,UNVERIFIED,UNVERIFIED,OPEN,200,https://miloserdie-na-donu.ru/sitegumhelp/,EXACT_NORMALIZED,EXACT_NORMALIZED,https://miloserdie-na-donu.ru/sitegumhelp/,YES,PARTIAL_CURRENT_REPORT,UNVERIFIED_NO_LIVE_CHECK,UNVERIFIED,"Web sources cannot confirm a place, supplies, admission, or walk-in access today; contact the point before travel.",2026-09-26
Ростовская область,Батайск,Православная служба помощи «Милосердие-на-Дону»,Пункт выдачи гуманитарной помощи,пункт выдачи вещей,религиозная,"Батайск, ул. Половинко, 223А",8-800-775-81-30,UNVERIFIED,UNVERIFIED,UNVERIFIED,https://miloserdie-na-donu.ru/sitegumhelp/,https://miloserdie-na-donu.ru/sitegumhelp/,UNVERIFIED,YES,UNVERIFIED,UNVERIFIED,YES,UNVERIFIED,UNVERIFIED,UNVERIFIED,UNVERIFIED,UNVERIFIED,UNVERIFIED,UNVERIFIED,UNVERIFIED,UNVERIFIED,Официальный перечень пунктов выдачи гуманитарной помощи службы «Милосердие-на-Дону». Примечание: Сведения с действующей страницы организации.,UNVERIFIED,UNVERIFIED,UNVERIFIED,UNVERIFIED,UNVERIFIED,UNVERIFIED,Благотворительная помощь бесплатно,UNVERIFIED,UNVERIFIED,UNVERIFIED,UNVERIFIED,2026-09-25,VERIFIED_CURRENT_PRIMARY,UNVERIFIED,UNVERIFIED,UNVERIFIED,UNVERIFIED,UNVERIFIED,UNVERIFIED,UNVERIFIED,UNVERIFIED,OPEN,200,https://miloserdie-na-donu.ru/sitegumhelp/,EXACT_NORMALIZED,EXACT_NORMALIZED,https://miloserdie-na-donu.ru/sitegumhelp/,YES,CURRENT_LOCATION_AND_SERVICE_REPORTED,UNVERIFIED_NO_LIVE_CHECK,UNVERIFIED,"Web sources cannot confirm a place, supplies, admission, or walk-in access today; contact the point before travel.",2026-09-26
Ростовская область,Волгодонск,Волгодонская епархия,Центр гуманитарной помощи при кафедральном соборе Рождества Христова,Гуманитарный центр,религиозная,"Волгодонск, ул. Карла Маркса, 1, цокольный этаж трапезной собора",+7 (938) 149-05-32,UNVERIFIED,UNVERIFIED,https://sobor-rosdestva.cerkov.ru/,https://drevo-info.ru/news/28060,https://drevo-info.ru/news/28060; https://patriarchia.ru/db/text/5918093.html; https://pravkonkurs.ru/project/view?id=2501120; https://sobor-rosdestva.cerkov.ru/; https://v-pravda.ru/wp-content/uploads/2025/10/vp-41-web.pdf,UNVERIFIED,UNVERIFIED,UNVERIFIED,UNVERIFIED,YES,UNVERIFIED,UNVERIFIED,UNVERIFIED,UNVERIFIED,UNVERIFIED,UNVERIFIED,UNVERIFIED,UNVERIFIED,UNVERIFIED,"Описание церковного проекта указывает подбор и раздачу вещей в центре гуманитарной помощи собора. Адрес собора подтверждён его официальной страницей; цокольный этаж трапезной назван местом центра в отдельном церковном источнике. Примечание: Публикация 2025 года упоминает работу центра; раздача вещей описана в более старых источниках. Проект горячего питания описан как план, поэтому meal=UNVERIFIED. A 2022 church report explicitly says needy people could take supplies free at this center; the 2025 local paper confirms the center remains active. Exact opening hours are unverified.",Бездомные и люди в трудной жизненной ситуации.,UNVERIFIED,UNVERIFIED,UNVERIFIED,UNVERIFIED,UNVERIFIED,Бесплатная благотворительная помощь.,UNVERIFIED,UNVERIFIED,UNVERIFIED,UNVERIFIED,2026-09-25,CURRENT_OPERATION_CONFIRMED_SERVICES_OLDER,UNVERIFIED,UNVERIFIED,UNVERIFIED,UNVERIFIED,UNVERIFIED,UNVERIFIED,UNVERIFIED,UNVERIFIED,OPEN,200,https://drevo-info.ru/news/28060,LOOSE_REVIEW,LOOSE_REVIEW,https://drevo-info.ru/news/28060,YES,CURRENT_OPERATION_SERVICE_DETAILS_OLDER,UNVERIFIED_NO_LIVE_CHECK,UNVERIFIED,"Web sources cannot confirm a place, supplies, admission, or walk-in access today; contact the point before travel.",2026-09-26
Ростовская область,Новочеркасск,Православная служба помощи «Милосердие-на-Дону»,Пункт выдачи гуманитарной помощи,пункт выдачи вещей,религиозная,"Новочеркасск, ул. Просвещения, 98",+7 (905) 451-04-48,UNVERIFIED,UNVERIFIED,UNVERIFIED,https://miloserdie-na-donu.ru/sitegumhelp/,https://miloserdie-na-donu.ru/sitegumhelp/,UNVERIFIED,RESTRICTIONS,UNVERIFIED,UNVERIFIED,RESTRICTIONS,UNVERIFIED,UNVERIFIED,UNVERIFIED,UNVERIFIED,UNVERIFIED,UNVERIFIED,UNVERIFIED,UNVERIFIED,UNVERIFIED,Официальный перечень пунктов выдачи гуманитарной помощи службы «Милосердие-на-Дону». Примечание: Сведения с действующей страницы организации. Приём по предварительной записи по пятницам и субботам 12:00–14:00.,UNVERIFIED,UNVERIFIED,UNVERIFIED,UNVERIFIED,UNVERIFIED,UNVERIFIED,Благотворительная помощь бесплатно,UNVERIFIED,UNVERIFIED,UNVERIFIED,UNVERIFIED,2026-09-25,VERIFIED_CURRENT_PRIMARY,UNVERIFIED,UNVERIFIED,UNVERIFIED,UNVERIFIED,UNVERIFIED,UNVERIFIED,UNVERIFIED,UNVERIFIED,OPEN,200,https://miloserdie-na-donu.ru/sitegumhelp/,EXACT_NORMALIZED,EXACT_NORMALIZED,https://miloserdie-na-donu.ru/sitegumhelp/,YES,CURRENT_LOCATION_AND_SERVICE_REPORTED,UNVERIFIED_NO_LIVE_CHECK,UNVERIFIED,"Web sources cannot confirm a place, supplies, admission, or walk-in access today; contact the point before travel.",2026-09-26
Ростовская область,Ростов-на-Дону,Православная служба помощи «Милосердие-на-Дону»,Пункт выдачи гуманитарной помощи,пункт выдачи вещей,религиозная,"Ростов-на-Дону, пер. Сальский, 61",8-800-775-81-30,UNVERIFIED,UNVERIFIED,UNVERIFIED,https://miloserdie-na-donu.ru/sitegumhelp/,https://miloserdie-na-donu.ru/sitegumhelp/,UNVERIFIED,UNVERIFIED,UNVERIFIED,UNVERIFIED,YES,UNVERIFIED,UNVERIFIED,UNVERIFIED,UNVERIFIED,UNVERIFIED,UNVERIFIED,UNVERIFIED,UNVERIFIED,UNVERIFIED,Официальный перечень пунктов выдачи гуманитарной помощи службы «Милосердие-на-Дону». Примечание: Сведения с действующей страницы организации.,UNVERIFIED,UNVERIFIED,UNVERIFIED,UNVERIFIED,UNVERIFIED,UNVERIFIED,Благотворительная помощь бесплатно,UNVERIFIED,UNVERIFIED,UNVERIFIED,UNVERIFIED,2026-09-25,VERIFIED_CURRENT_PRIMARY,UNVERIFIED,UNVERIFIED,UNVERIFIED,UNVERIFIED,UNVERIFIED,UNVERIFIED,UNVERIFIED,UNVERIFIED,OPEN,200,https://miloserdie-na-donu.ru/sitegumhelp/,EXACT_NORMALIZED,EXACT_NORMALIZED,https://miloserdie-na-donu.ru/sitegumhelp/,YES,CURRENT_LOCATION_AND_SERVICE_REPORTED,UNVERIFIED_NO_LIVE_CHECK,UNVERIFIED,"Web sources cannot confirm a place, supplies, admission, or walk-in access today; contact the point before travel.",2026-09-26
Ростовская область,Ростов-на-Дону,Православная служба помощи «Милосердие-на-Дону»,Пункт выдачи гуманитарной помощи,пункт бесплатного питания,религиозная,"Ростов-на-Дону, ул. Вятская, 130",+7 (906) 421-22-25,UNVERIFIED,UNVERIFIED,UNVERIFIED,https://miloserdie-na-donu.ru/sitegumhelp/,https://miloserdie-na-donu.ru/sitegumhelp/,YES,UNVERIFIED,UNVERIFIED,UNVERIFIED,UNVERIFIED,UNVERIFIED,UNVERIFIED,UNVERIFIED,UNVERIFIED,UNVERIFIED,UNVERIFIED,UNVERIFIED,UNVERIFIED,YES,Официальный перечень пунктов выдачи гуманитарной помощи службы «Милосердие-на-Дону». Благотворительные обеды по четвергам с 14:00 до 15:00. Примечание: Сведения с действующей страницы организации.,UNVERIFIED,UNVERIFIED,UNVERIFIED,UNVERIFIED,UNVERIFIED,UNVERIFIED,Благотворительная помощь бесплатно,UNVERIFIED,UNVERIFIED,UNVERIFIED,UNVERIFIED,2026-09-25,VERIFIED_CURRENT_PRIMARY,UNVERIFIED,UNVERIFIED,UNVERIFIED,UNVERIFIED,UNVERIFIED,UNVERIFIED,UNVERIFIED,UNVERIFIED,OPEN,200,https://miloserdie-na-donu.ru/sitegumhelp/,EXACT_NORMALIZED,EXACT_NORMALIZED,https://miloserdie-na-donu.ru/sitegumhelp/,YES,CURRENT_LOCATION_AND_SERVICE_REPORTED,UNVERIFIED_NO_LIVE_CHECK,UNVERIFIED,"Web sources cannot confirm a place, supplies, admission, or walk-in access today; contact the point before travel.",2026-09-26
Ростовская область,Ростов-на-Дону,Православная служба помощи «Милосердие-на-Дону»,Пункт выдачи гуманитарной помощи,пункт выдачи вещей,религиозная,"Ростов-на-Дону, ул. Международная, 7А",8-800-775-81-30,UNVERIFIED,UNVERIFIED,UNVERIFIED,https://miloserdie-na-donu.ru/sitegumhelp/,https://miloserdie-na-donu.ru/sitegumhelp/,UNVERIFIED,UNVERIFIED,UNVERIFIED,UNVERIFIED,YES,UNVERIFIED,UNVERIFIED,UNVERIFIED,UNVERIFIED,UNVERIFIED,UNVERIFIED,UNVERIFIED,UNVERIFIED,UNVERIFIED,Официальный перечень пунктов выдачи гуманитарной помощи службы «Милосердие-на-Дону». Примечание: Сведения с действующей страницы организации.,UNVERIFIED,UNVERIFIED,UNVERIFIED,UNVERIFIED,UNVERIFIED,UNVERIFIED,Благотворительная помощь бесплатно,UNVERIFIED,UNVERIFIED,UNVERIFIED,UNVERIFIED,2026-09-25,VERIFIED_CURRENT_PRIMARY,UNVERIFIED,UNVERIFIED,UNVERIFIED,UNVERIFIED,UNVERIFIED,UNVERIFIED,UNVERIFIED,UNVERIFIED,OPEN,200,https://miloserdie-na-donu.ru/sitegumhelp/,EXACT_NORMALIZED,EXACT_NORMALIZED,https://miloserdie-na-donu.ru/sitegumhelp/,YES,CURRENT_LOCATION_AND_SERVICE_REPORTED,UNVERIFIED_NO_LIVE_CHECK,UNVERIFIED,"Web sources cannot confirm a place, supplies, admission, or walk-in access today; contact the point before travel.",2026-09-26
Ростовская область,Ростов-на-Дону,Православная служба помощи «Милосердие-на-Дону»,Пункт выдачи гуманитарной помощи,пункт выдачи вещей,религиозная,"Ростов-на-Дону, ул. Таганрогская, 108А",8-800-775-81-30,UNVERIFIED,UNVERIFIED,UNVERIFIED,https://miloserdie-na-donu.ru/sitegumhelp/,https://miloserdie-na-donu.ru/sitegumhelp/,UNVERIFIED,YES,UNVERIFIED,UNVERIFIED,YES,UNVERIFIED,UNVERIFIED,UNVERIFIED,UNVERIFIED,UNVERIFIED,UNVERIFIED,UNVERIFIED,UNVERIFIED,UNVERIFIED,Официальный перечень пунктов выдачи гуманитарной помощи службы «Милосердие-на-Дону». Примечание: Сведения с действующей страницы организации.,UNVERIFIED,UNVERIFIED,UNVERIFIED,UNVERIFIED,UNVERIFIED,UNVERIFIED,Благотворительная помощь бесплатно,UNVERIFIED,UNVERIFIED,UNVERIFIED,UNVERIFIED,2026-09-25,VERIFIED_CURRENT_PRIMARY,UNVERIFIED,UNVERIFIED,UNVERIFIED,UNVERIFIED,UNVERIFIED,UNVERIFIED,UNVERIFIED,UNVERIFIED,OPEN,200,https://miloserdie-na-donu.ru/sitegumhelp/,EXACT_NORMALIZED,EXACT_NORMALIZED,https://miloserdie-na-donu.ru/sitegumhelp/,YES,CURRENT_LOCATION_AND_SERVICE_REPORTED,UNVERIFIED_NO_LIVE_CHECK,UNVERIFIED,"Web sources cannot confirm a place, supplies, admission, or walk-in access today; contact the point before travel.",2026-09-26
Ростовская область,Ростов-на-Дону,Православная служба помощи «Милосердие-на-Дону»,Пункт выдачи гуманитарной помощи,пункт выдачи вещей,религиозная,"Ростов-на-Дону, ул. Ткачёва, 29",8-800-775-81-30,UNVERIFIED,UNVERIFIED,UNVERIFIED,https://miloserdie-na-donu.ru/sitegumhelp/,https://miloserdie-na-donu.ru/sitegumhelp/,UNVERIFIED,YES,UNVERIFIED,UNVERIFIED,YES,UNVERIFIED,UNVERIFIED,UNVERIFIED,UNVERIFIED,UNVERIFIED,UNVERIFIED,UNVERIFIED,UNVERIFIED,UNVERIFIED,Официальный перечень пунктов выдачи гуманитарной помощи службы «Милосердие-на-Дону». Примечание: Сведения с действующей страницы организации.,UNVERIFIED,UNVERIFIED,UNVERIFIED,UNVERIFIED,UNVERIFIED,UNVERIFIED,Благотворительная помощь бесплатно,UNVERIFIED,UNVERIFIED,UNVERIFIED,UNVERIFIED,2026-09-25,VERIFIED_CURRENT_PRIMARY,UNVERIFIED,UNVERIFIED,UNVERIFIED,UNVERIFIED,UNVERIFIED,UNVERIFIED,UNVERIFIED,UNVERIFIED,OPEN,200,https://miloserdie-na-donu.ru/sitegumhelp/,EXACT_NORMALIZED,EXACT_NORMALIZED,https://miloserdie-na-donu.ru/sitegumhelp/,YES,CURRENT_LOCATION_AND_SERVICE_REPORTED,UNVERIFIED_NO_LIVE_CHECK,UNVERIFIED,"Web sources cannot confirm a place, supplies, admission, or walk-in access today; contact the point before travel.",2026-09-26
Ростовская область,Таганрог,Православная служба помощи «Милосердие-на-Дону»,Пункт выдачи гуманитарной помощи,пункт выдачи вещей,религиозная,"Таганрог, ул. Свободы, 42",8-800-775-81-30,UNVERIFIED,UNVERIFIED,UNVERIFIED,https://miloserdie-na-donu.ru/sitegumhelp/,https://miloserdie-na-donu.ru/sitegumhelp/,UNVERIFIED,YES,UNVERIFIED,UNVERIFIED,YES,UNVERIFIED,UNVERIFIED,UNVERIFIED,UNVERIFIED,UNVERIFIED,UNVERIFIED,UNVERIFIED,UNVERIFIED,UNVERIFIED,Официальный перечень пунктов выдачи гуманитарной помощи службы «Милосердие-на-Дону». Примечание: Сведения с действующей страницы организации.,UNVERIFIED,UNVERIFIED,UNVERIFIED,UNVERIFIED,UNVERIFIED,UNVERIFIED,Благотворительная помощь бесплатно,UNVERIFIED,UNVERIFIED,UNVERIFIED,UNVERIFIED,2026-09-25,VERIFIED_CURRENT_PRIMARY,UNVERIFIED,UNVERIFIED,UNVERIFIED,UNVERIFIED,UNVERIFIED,UNVERIFIED,UNVERIFIED,UNVERIFIED,OPEN,200,https://miloserdie-na-donu.ru/sitegumhelp/,EXACT_NORMALIZED,EXACT_NORMALIZED,https://miloserdie-na-donu.ru/sitegumhelp/,YES,CURRENT_LOCATION_AND_SERVICE_REPORTED,UNVERIFIED_NO_LIVE_CHECK,UNVERIFIED,"Web sources cannot confirm a place, supplies, admission, or walk-in access today; contact the point before travel.",2026-09-26
Ростовская область,посёлок Матвеев Курган,Православная служба помощи «Милосердие-на-Дону»,,отделение срочной социальной помощи,религиозная,"посёлок Матвеев Курган, ул. Садовая, 2В",8-800-775-81-30,UNVERIFIED,UNVERIFIED,UNVERIFIED,https://miloserdie-na-donu.ru/sitegumhelp/,https://miloserdie-na-donu.ru/sitegumhelp/,UNVERIFIED,UNVERIFIED,UNVERIFIED,UNVERIFIED,UNVERIFIED,UNVERIFIED,UNVERIFIED,UNVERIFIED,UNVERIFIED,UNVERIFIED,UNVERIFIED,UNVERIFIED,UNVERIFIED,YES,Адрес указан в действующем официальном перечне пунктов выдачи гуманитарной помощи; конкретный ассортимент не указан. Примечание: Нужна проверка часов и наличия вещей по телефону перед визитом.,UNVERIFIED,UNVERIFIED,UNVERIFIED,UNVERIFIED,UNVERIFIED,UNVERIFIED,Благотворительная гуманитарная помощь; бесплатно,UNVERIFIED,UNVERIFIED,UNVERIFIED,UNVERIFIED,2026-09-25,PARTIAL_CURRENT,UNVERIFIED,UNVERIFIED,UNVERIFIED,UNVERIFIED,UNVERIFIED,UNVERIFIED,UNVERIFIED,UNVERIFIED,OPEN,200,https://miloserdie-na-donu.ru/sitegumhelp/,NOT_IN_PRIMARY_TEXT,NOT_IN_PRIMARY_TEXT,https://miloserdie-na-donu.ru/sitegumhelp/,YES,PARTIAL_CURRENT_REPORT,UNVERIFIED_NO_LIVE_CHECK,UNVERIFIED,"Web sources cannot confirm a place, supplies, admission, or walk-in access today; contact the point before travel.",2026-09-26
Ростовская область,село Кагальник,Православная служба помощи «Милосердие-на-Дону»,Пункт выдачи гуманитарной помощи,пункт выдачи вещей,религиозная,"село Кагальник, ул. Свободы, 19",8-800-775-81-30,UNVERIFIED,UNVERIFIED,UNVERIFIED,https://miloserdie-na-donu.ru/sitegumhelp/,https://miloserdie-na-donu.ru/sitegumhelp/,UNVERIFIED,UNVERIFIED,UNVERIFIED,UNVERIFIED,YES,UNVERIFIED,UNVERIFIED,UNVERIFIED,UNVERIFIED,UNVERIFIED,UNVERIFIED,UNVERIFIED,UNVERIFIED,UNVERIFIED,Официальный перечень пунктов выдачи гуманитарной помощи службы «Милосердие-на-Дону». Примечание: Сведения с действующей страницы организации.,UNVERIFIED,UNVERIFIED,UNVERIFIED,UNVERIFIED,UNVERIFIED,UNVERIFIED,Благотворительная помощь бесплатно,UNVERIFIED,UNVERIFIED,UNVERIFIED,UNVERIFIED,2026-09-25,VERIFIED_CURRENT_PRIMARY,UNVERIFIED,UNVERIFIED,UNVERIFIED,UNVERIFIED,UNVERIFIED,UNVERIFIED,UNVERIFIED,UNVERIFIED,OPEN,200,https://miloserdie-na-donu.ru/sitegumhelp/,NOT_IN_PRIMARY_TEXT,NOT_IN_PRIMARY_TEXT,https://miloserdie-na-donu.ru/sitegumhelp/,YES,CURRENT_LOCATION_AND_SERVICE_REPORTED,UNVERIFIED_NO_LIVE_CHECK,UNVERIFIED,"Web sources cannot confirm a place, supplies, admission, or walk-in access today; contact the point before travel.",2026-09-26
Ростовская область,село Куйбышево,Православная служба помощи «Милосердие-на-Дону»,,отделение срочной социальной помощи,религиозная,"село Куйбышево, ул. Ростовская, 24А",8-800-775-81-30,UNVERIFIED,UNVERIFIED,UNVERIFIED,https://miloserdie-na-donu.ru/sitegumhelp/,https://miloserdie-na-donu.ru/sitegumhelp/,UNVERIFIED,UNVERIFIED,UNVERIFIED,UNVERIFIED,UNVERIFIED,UNVERIFIED,UNVERIFIED,UNVERIFIED,UNVERIFIED,UNVERIFIED,UNVERIFIED,UNVERIFIED,UNVERIFIED,YES,Адрес указан в действующем официальном перечне пунктов выдачи гуманитарной помощи; конкретный ассортимент не указан. Примечание: Нужна проверка часов и наличия вещей по телефону перед визитом.,UNVERIFIED,UNVERIFIED,UNVERIFIED,UNVERIFIED,UNVERIFIED,UNVERIFIED,Благотворительная гуманитарная помощь; бесплатно,UNVERIFIED,UNVERIFIED,UNVERIFIED,UNVERIFIED,2026-09-25,PARTIAL_CURRENT,UNVERIFIED,UNVERIFIED,UNVERIFIED,UNVERIFIED,UNVERIFIED,UNVERIFIED,UNVERIFIED,UNVERIFIED,OPEN,200,https://miloserdie-na-donu.ru/sitegumhelp/,NOT_IN_PRIMARY_TEXT,NOT_IN_PRIMARY_TEXT,https://miloserdie-na-donu.ru/sitegumhelp/,YES,PARTIAL_CURRENT_REPORT,UNVERIFIED_NO_LIVE_CHECK,UNVERIFIED,"Web sources cannot confirm a place, supplies, admission, or walk-in access today; contact the point before travel.",2026-09-26
Ростовская область,село Самарское,Православная служба помощи «Милосердие-на-Дону»,Пункт выдачи гуманитарной помощи,пункт выдачи вещей,религиозная,"село Самарское, пер. Первомайский, 84",8-800-775-81-30,UNVERIFIED,UNVERIFIED,UNVERIFIED,https://miloserdie-na-donu.ru/sitegumhelp/,https://miloserdie-na-donu.ru/sitegumhelp/,UNVERIFIED,UNVERIFIED,UNVERIFIED,UNVERIFIED,YES,UNVERIFIED,UNVERIFIED,UNVERIFIED,UNVERIFIED,UNVERIFIED,UNVERIFIED,UNVERIFIED,UNVERIFIED,UNVERIFIED,Официальный перечень пунктов выдачи гуманитарной помощи службы «Милосердие-на-Дону». Примечание: Сведения с действующей страницы организации.,UNVERIFIED,UNVERIFIED,UNVERIFIED,UNVERIFIED,UNVERIFIED,UNVERIFIED,Благотворительная помощь бесплатно,UNVERIFIED,UNVERIFIED,UNVERIFIED,UNVERIFIED,2026-09-25,VERIFIED_CURRENT_PRIMARY,UNVERIFIED,UNVERIFIED,UNVERIFIED,UNVERIFIED,UNVERIFIED,UNVERIFIED,UNVERIFIED,UNVERIFIED,OPEN,200,https://miloserdie-na-donu.ru/sitegumhelp/,NOT_IN_PRIMARY_TEXT,NOT_IN_PRIMARY_TEXT,https://miloserdie-na-donu.ru/sitegumhelp/,YES,CURRENT_LOCATION_AND_SERVICE_REPORTED,UNVERIFIED_NO_LIVE_CHECK,UNVERIFIED,"Web sources cannot confirm a place, supplies, admission, or walk-in access today; contact the point before travel.",2026-09-26
Ростовская область,хутор Ленина,Православная служба помощи «Милосердие-на-Дону»,,отделение срочной социальной помощи,религиозная,"хутор Ленина, ул. Зелёная, 2А",8-800-775-81-30,UNVERIFIED,UNVERIFIED,UNVERIFIED,https://miloserdie-na-donu.ru/sitegumhelp/,https://miloserdie-na-donu.ru/sitegumhelp/,UNVERIFIED,UNVERIFIED,UNVERIFIED,UNVERIFIED,UNVERIFIED,UNVERIFIED,UNVERIFIED,UNVERIFIED,UNVERIFIED,UNVERIFIED,UNVERIFIED,UNVERIFIED,UNVERIFIED,YES,Адрес указан в действующем официальном перечне пунктов выдачи гуманитарной помощи; конкретный ассортимент не указан. Примечание: Нужна проверка часов и наличия вещей по телефону перед визитом.,UNVERIFIED,UNVERIFIED,UNVERIFIED,UNVERIFIED,UNVERIFIED,UNVERIFIED,Благотворительная гуманитарная помощь; бесплатно,UNVERIFIED,UNVERIFIED,UNVERIFIED,UNVERIFIED,2026-09-25,PARTIAL_CURRENT,UNVERIFIED,UNVERIFIED,UNVERIFIED,UNVERIFIED,UNVERIFIED,UNVERIFIED,UNVERIFIED,UNVERIFIED,OPEN,200,https://miloserdie-na-donu.ru/sitegumhelp/,NOT_IN_PRIMARY_TEXT,NOT_IN_PRIMARY_TEXT,https://miloserdie-na-donu.ru/sitegumhelp/,YES,PARTIAL_CURRENT_REPORT,UNVERIFIED_NO_LIVE_CHECK,UNVERIFIED,"Web sources cannot confirm a place, supplies, admission, or walk-in access today; contact the point before travel.",2026-09-26
Рязанская область,Рязань,Благотворительный фонд охраны женского здоровья «Мы вместе»,Центр вещевой помощи «ВместеRZN»,бесплатный вещевой центр,НКО,"ул. Новая, 69/12 (вход со стороны ул. Горького)",+7 (910) 645-97-66,UNVERIFIED,vmesterzn@mail.ru,https://vmesterzn.ru/,https://vmesterzn.ru/,https://vmesterzn.ru/; https://www.gtrkoka.ru/news/2026/02/02/v-rjazani-otkryt-besplatnyj-veshhevoj-centr-fonda-my-vmeste.html; https://rv-ryazan.ru/umnozhenie-dobra/; https://2gis.ru/ryazan/firm/70000001060870142,UNVERIFIED,UNVERIFIED,UNVERIFIED,UNVERIFIED,YES,YES,UNVERIFIED,UNVERIFIED,UNVERIFIED,UNVERIFIED,UNVERIFIED,UNVERIFIED,UNVERIFIED,UNVERIFIED,"Собственный сайт фонда указывает адрес и режим вещевого центра; репортаж ГТРК от 02.02.2026 подтверждает, что нуждающиеся бесплатно получают одежду и обувь в центре. Примечание: Сайт фонда указывает ул. Новая, 69, а региональная газета — 69/12; 2ГИС показывает действующий пункт на ул. Новая, 69. В 2024 году сообщалось о возможном переезде до мая 2025 года; репортаж 2026 года подтверждает работу центра, но не называет адрес, поэтому актуальность именно этого помещения нужно уточнить по телефону.","Все нуждающиеся, включая малоимущие семьи.",UNVERIFIED,UNVERIFIED,UNVERIFIED,UNVERIFIED,UNVERIFIED,Бесплатно.,Ср–Пт 14:00–18:00; Сб 10:00–13:00 (сайт фонда; уточнять).,UNVERIFIED,UNVERIFIED,UNVERIFIED,2026-09-25,PARTIAL_CURRENT_LOCATION_CROSSCHECKED,UNVERIFIED,UNVERIFIED,UNVERIFIED,UNVERIFIED,UNVERIFIED,UNVERIFIED,UNVERIFIED,UNVERIFIED,OPEN,200,https://vmesterzn.ru/,LOOSE_REVIEW,EXACT_NORMALIZED,https://rv-ryazan.ru/umnozhenie-dobra/,YES,PARTIAL_CURRENT_REPORT,UNVERIFIED_NO_LIVE_CHECK,UNVERIFIED,"Web sources cannot confirm a place, supplies, admission, or walk-in access today; contact the point before travel.",2026-09-26
Самарская область,Самара,СРОО «Свежий ветер» — проект «БлагоДарю»,,пункт выдачи вещей,НКО,"Самара, ул. Венцека, 56",8-903-303-64-22,UNVERIFIED,UNVERIFIED,UNVERIFIED,https://blago-samara.ru/campaigns/proekt-blagodaru-s/,https://blago-samara.ru/campaigns/proekt-blagodaru-s/; https://blago-samara.ru/ezhemesyachnyj-vestnik-proekta-blagodaryu-za-iyun-2026-goda/,UNVERIFIED,UNVERIFIED,UNVERIFIED,UNVERIFIED,YES,UNVERIFIED,UNVERIFIED,UNVERIFIED,UNVERIFIED,UNVERIFIED,UNVERIFIED,UNVERIFIED,UNVERIFIED,UNVERIFIED,"Адрес включён организатором в таблицу пунктов бесплатной выдачи одежды нуждающимся. Примечание: Проект подтверждён отчётом за июнь 2026 года; конкретный адрес пункта приведён на старой странице проекта, поэтому работу точки нужно уточнять по телефону.",UNVERIFIED,UNVERIFIED,UNVERIFIED,UNVERIFIED,UNVERIFIED,UNVERIFIED,Бесплатно,UNVERIFIED,UNVERIFIED,UNVERIFIED,UNVERIFIED,2026-09-25,PARTIAL_OLD_SOURCE_LOCATION_UNCONFIRMED,UNVERIFIED,UNVERIFIED,UNVERIFIED,UNVERIFIED,UNVERIFIED,UNVERIFIED,UNVERIFIED,UNVERIFIED,OPEN,200,https://blago-samara.ru/campaigns/proekt-blagodaru-s/,LOOSE_REVIEW,LOOSE_REVIEW,https://blago-samara.ru/campaigns/proekt-blagodaru-s/,YES,OLD_SOURCE_ONLY,UNVERIFIED_NO_LIVE_CHECK,UNVERIFIED,"Web sources cannot confirm a place, supplies, admission, or walk-in access today; contact the point before travel.",2026-09-26
Самарская область,Самара,Благотворительный фонд «Ты дома»,,пункт выдачи вещей,НКО,"Самара, ул. Мяги, 5",+7 (964) 981-21-58,UNVERIFIED,UNVERIFIED,UNVERIFIED,https://td-samara.ru/humanitarian_warehouse,https://td-samara.ru/humanitarian_warehouse,UNVERIFIED,UNVERIFIED,UNVERIFIED,UNVERIFIED,YES,UNVERIFIED,UNVERIFIED,UNVERIFIED,UNVERIFIED,UNVERIFIED,UNVERIFIED,UNVERIFIED,UNVERIFIED,UNVERIFIED,Гуманитарный склад бесплатно выдаёт нуждающимся вещи для взрослых и детей; документы не нужны. Примечание: Вход с торца здания; склад действует с августа 2025 года. Обувь указана среди ассортимента принимаемых и распределяемых вещей.,Люди в трудной жизненной ситуации,UNVERIFIED,UNVERIFIED,UNVERIFIED,UNVERIFIED,UNVERIFIED,Бесплатно,"Выдача вт, чт 11:00–17:00",UNVERIFIED,UNVERIFIED,UNVERIFIED,2026-09-25,VERIFIED_CURRENT_PRIMARY,UNVERIFIED,UNVERIFIED,UNVERIFIED,UNVERIFIED,UNVERIFIED,UNVERIFIED,UNVERIFIED,UNVERIFIED,OPEN,200,https://td-samara.ru/humanitarian_warehouse,LOOSE_REVIEW,LOOSE_REVIEW,https://td-samara.ru/humanitarian_warehouse,YES,CURRENT_LOCATION_AND_SERVICE_REPORTED,UNVERIFIED_NO_LIVE_CHECK,UNVERIFIED,"Web sources cannot confirm a place, supplies, admission, or walk-in access today; contact the point before travel.",2026-09-26
Самарская область,Тольятти,СРОО «Свежий ветер» — проект «БлагоДарю»,,пункт выдачи вещей,НКО,"Тольятти, ул. Свердлова, 51, ТЦ «Океан»",8-927-753-73-74,UNVERIFIED,UNVERIFIED,UNVERIFIED,https://blago-samara.ru/uslugi-i-adresa-kuratorov-sroo-svezhij-veter-pobeditelya-fonda-prezidentskix-grantov/,https://blago-samara.ru/uslugi-i-adresa-kuratorov-sroo-svezhij-veter-pobeditelya-fonda-prezidentskix-grantov/; https://blago-samara.ru/campaigns/proekt-blagodaru-s/; https://blago-samara.ru/ezhemesyachnyj-vestnik-proekta-blagodaryu-za-iyun-2026-goda/; https://2gis.ru/togliatti/inside/3096860399024520,UNVERIFIED,UNVERIFIED,UNVERIFIED,UNVERIFIED,YES,UNVERIFIED,UNVERIFIED,UNVERIFIED,UNVERIFIED,UNVERIFIED,UNVERIFIED,UNVERIFIED,UNVERIFIED,UNVERIFIED,"Организатор проекта указывает пункт бесплатной выдачи одежды в ТЦ «Океан» на ул. Свердлова, 51; старая страница ошибочно сокращает номер до 5. Адрес торгового центра подтверждён картой. Проект действовал в июне 2026 года, но выдача именно по этому адресу в сентябре отдельно не подтверждена; перед поездкой позвонить. Примечание: Проект подтверждён отчётом за июнь 2026 года; конкретный адрес пункта приведён на старой странице проекта, поэтому работу точки нужно уточнять по телефону.",UNVERIFIED,UNVERIFIED,UNVERIFIED,UNVERIFIED,UNVERIFIED,UNVERIFIED,Бесплатно,UNVERIFIED,UNVERIFIED,UNVERIFIED,UNVERIFIED,2026-09-25,PARTIAL_OLD_SOURCE_LOCATION_UNCONFIRMED,UNVERIFIED,UNVERIFIED,UNVERIFIED,UNVERIFIED,UNVERIFIED,UNVERIFIED,UNVERIFIED,UNVERIFIED,OPEN,200,https://blago-samara.ru/uslugi-i-adresa-kuratorov-sroo-svezhij-veter-pobeditelya-fonda-prezidentskix-grantov/,NOT_IN_PRIMARY_TEXT,LOOSE_REVIEW,https://2gis.ru/togliatti/inside/3096860399024520,YES,OLD_SOURCE_ONLY,UNVERIFIED_NO_LIVE_CHECK,UNVERIFIED,"Web sources cannot confirm a place, supplies, admission, or walk-in access today; contact the point before travel.",2026-09-26
Самарская область,посёлок Алексеевка,СРОО «Свежий ветер» — проект «БлагоДарю»,,пункт выдачи вещей,НКО,"посёлок Алексеевка, ул. Южная, 19",8-927-015-66-16,UNVERIFIED,UNVERIFIED,UNVERIFIED,https://blago-samara.ru/campaigns/proekt-blagodaru-s/,https://blago-samara.ru/campaigns/proekt-blagodaru-s/; https://blago-samara.ru/ezhemesyachnyj-vestnik-proekta-blagodaryu-za-iyun-2026-goda/,UNVERIFIED,UNVERIFIED,UNVERIFIED,UNVERIFIED,YES,UNVERIFIED,UNVERIFIED,UNVERIFIED,UNVERIFIED,UNVERIFIED,UNVERIFIED,UNVERIFIED,UNVERIFIED,UNVERIFIED,"Адрес включён организатором в таблицу пунктов бесплатной выдачи одежды нуждающимся. Примечание: Проект подтверждён отчётом за июнь 2026 года; конкретный адрес пункта приведён на старой странице проекта, поэтому работу точки нужно уточнять по телефону.",UNVERIFIED,UNVERIFIED,UNVERIFIED,UNVERIFIED,UNVERIFIED,UNVERIFIED,Бесплатно,UNVERIFIED,UNVERIFIED,UNVERIFIED,UNVERIFIED,2026-09-25,PARTIAL_OLD_SOURCE_LOCATION_UNCONFIRMED,UNVERIFIED,UNVERIFIED,UNVERIFIED,UNVERIFIED,UNVERIFIED,UNVERIFIED,UNVERIFIED,UNVERIFIED,OPEN,200,https://blago-samara.ru/campaigns/proekt-blagodaru-s/,NOT_IN_PRIMARY_TEXT,NOT_IN_PRIMARY_TEXT,https://blago-samara.ru/campaigns/proekt-blagodaru-s/,YES,OLD_SOURCE_ONLY,UNVERIFIED_NO_LIVE_CHECK,UNVERIFIED,"Web sources cannot confirm a place, supplies, admission, or walk-in access today; contact the point before travel.",2026-09-26
Самарская область,посёлок Кобзевка,СРОО «Свежий ветер» — проект «БлагоДарю»,,пункт выдачи вещей,НКО,"посёлок Кобзевка, ул. Набережная, 1",8-927-015-66-16,UNVERIFIED,UNVERIFIED,UNVERIFIED,https://blago-samara.ru/campaigns/proekt-blagodaru-s/,https://blago-samara.ru/campaigns/proekt-blagodaru-s/; https://blago-samara.ru/ezhemesyachnyj-vestnik-proekta-blagodaryu-za-iyun-2026-goda/,UNVERIFIED,UNVERIFIED,UNVERIFIED,UNVERIFIED,YES,UNVERIFIED,UNVERIFIED,UNVERIFIED,UNVERIFIED,UNVERIFIED,UNVERIFIED,UNVERIFIED,UNVERIFIED,UNVERIFIED,"Адрес включён организатором в таблицу пунктов бесплатной выдачи одежды нуждающимся. Примечание: Проект подтверждён отчётом за июнь 2026 года; конкретный адрес пункта приведён на старой странице проекта, поэтому работу точки нужно уточнять по телефону.",UNVERIFIED,UNVERIFIED,UNVERIFIED,UNVERIFIED,UNVERIFIED,UNVERIFIED,Бесплатно,UNVERIFIED,UNVERIFIED,UNVERIFIED,UNVERIFIED,2026-09-25,PARTIAL_OLD_SOURCE_LOCATION_UNCONFIRMED,UNVERIFIED,UNVERIFIED,UNVERIFIED,UNVERIFIED,UNVERIFIED,UNVERIFIED,UNVERIFIED,UNVERIFIED,OPEN,200,https://blago-samara.ru/campaigns/proekt-blagodaru-s/,NOT_IN_PRIMARY_TEXT,NOT_IN_PRIMARY_TEXT,https://blago-samara.ru/campaigns/proekt-blagodaru-s/,YES,OLD_SOURCE_ONLY,UNVERIFIED_NO_LIVE_CHECK,UNVERIFIED,"Web sources cannot confirm a place, supplies, admission, or walk-in access today; contact the point before travel.",2026-09-26
Самарская область,посёлок Чапаевский,СРОО «Свежий ветер» — проект «БлагоДарю»,,пункт выдачи вещей,НКО,"посёлок Чапаевский, ул. Набережная, 27, клуб",8-927-016-01-29,UNVERIFIED,UNVERIFIED,UNVERIFIED,https://blago-samara.ru/campaigns/proekt-blagodaru-s/,https://blago-samara.ru/campaigns/proekt-blagodaru-s/; https://blago-samara.ru/ezhemesyachnyj-vestnik-proekta-blagodaryu-za-iyun-2026-goda/,UNVERIFIED,UNVERIFIED,UNVERIFIED,UNVERIFIED,YES,UNVERIFIED,UNVERIFIED,UNVERIFIED,UNVERIFIED,UNVERIFIED,UNVERIFIED,UNVERIFIED,UNVERIFIED,UNVERIFIED,"Адрес включён организатором в таблицу пунктов бесплатной выдачи одежды нуждающимся. Примечание: Проект подтверждён отчётом за июнь 2026 года; конкретный адрес пункта приведён на старой странице проекта, поэтому работу точки нужно уточнять по телефону.",UNVERIFIED,UNVERIFIED,UNVERIFIED,UNVERIFIED,UNVERIFIED,UNVERIFIED,Бесплатно,UNVERIFIED,UNVERIFIED,UNVERIFIED,UNVERIFIED,2026-09-25,PARTIAL_OLD_SOURCE_LOCATION_UNCONFIRMED,UNVERIFIED,UNVERIFIED,UNVERIFIED,UNVERIFIED,UNVERIFIED,UNVERIFIED,UNVERIFIED,UNVERIFIED,OPEN,200,https://blago-samara.ru/campaigns/proekt-blagodaru-s/,NOT_IN_PRIMARY_TEXT,NOT_IN_PRIMARY_TEXT,https://blago-samara.ru/campaigns/proekt-blagodaru-s/,YES,OLD_SOURCE_ONLY,UNVERIFIED_NO_LIVE_CHECK,UNVERIFIED,"Web sources cannot confirm a place, supplies, admission, or walk-in access today; contact the point before travel.",2026-09-26
Самарская область,село Обшаровка,СРОО «Свежий ветер» — проект «БлагоДарю»,,пункт выдачи вещей,НКО,"село Обшаровка, ул. Суркова, 4Б",8-927-891-81-34,UNVERIFIED,UNVERIFIED,UNVERIFIED,https://blago-samara.ru/campaigns/proekt-blagodaru-s/,https://blago-samara.ru/campaigns/proekt-blagodaru-s/; https://blago-samara.ru/ezhemesyachnyj-vestnik-proekta-blagodaryu-za-iyun-2026-goda/,UNVERIFIED,UNVERIFIED,UNVERIFIED,UNVERIFIED,YES,UNVERIFIED,UNVERIFIED,UNVERIFIED,UNVERIFIED,UNVERIFIED,UNVERIFIED,UNVERIFIED,UNVERIFIED,UNVERIFIED,"Адрес включён организатором в таблицу пунктов бесплатной выдачи одежды нуждающимся. Примечание: Проект подтверждён отчётом за июнь 2026 года; конкретный адрес пункта приведён на старой странице проекта, поэтому работу точки нужно уточнять по телефону.",UNVERIFIED,UNVERIFIED,UNVERIFIED,UNVERIFIED,UNVERIFIED,UNVERIFIED,Бесплатно,UNVERIFIED,UNVERIFIED,UNVERIFIED,UNVERIFIED,2026-09-25,PARTIAL_OLD_SOURCE_LOCATION_UNCONFIRMED,UNVERIFIED,UNVERIFIED,UNVERIFIED,UNVERIFIED,UNVERIFIED,UNVERIFIED,UNVERIFIED,UNVERIFIED,OPEN,200,https://blago-samara.ru/campaigns/proekt-blagodaru-s/,NOT_IN_PRIMARY_TEXT,NOT_IN_PRIMARY_TEXT,https://blago-samara.ru/campaigns/proekt-blagodaru-s/,YES,OLD_SOURCE_ONLY,UNVERIFIED_NO_LIVE_CHECK,UNVERIFIED,"Web sources cannot confirm a place, supplies, admission, or walk-in access today; contact the point before travel.",2026-09-26
Самарская область,село Подбельск,СРОО «Свежий ветер» — проект «БлагоДарю»,,пункт выдачи вещей,НКО,"село Подбельск, ул. Полевая, 53",8-937-173-69-90,UNVERIFIED,UNVERIFIED,UNVERIFIED,https://blago-samara.ru/campaigns/proekt-blagodaru-s/,https://blago-samara.ru/campaigns/proekt-blagodaru-s/; https://blago-samara.ru/ezhemesyachnyj-vestnik-proekta-blagodaryu-za-iyun-2026-goda/,UNVERIFIED,UNVERIFIED,UNVERIFIED,UNVERIFIED,YES,UNVERIFIED,UNVERIFIED,UNVERIFIED,UNVERIFIED,UNVERIFIED,UNVERIFIED,UNVERIFIED,UNVERIFIED,UNVERIFIED,"Адрес включён организатором в таблицу пунктов бесплатной выдачи одежды нуждающимся. Примечание: Проект подтверждён отчётом за июнь 2026 года; конкретный адрес пункта приведён на старой странице проекта, поэтому работу точки нужно уточнять по телефону.",UNVERIFIED,UNVERIFIED,UNVERIFIED,UNVERIFIED,UNVERIFIED,UNVERIFIED,Бесплатно,UNVERIFIED,UNVERIFIED,UNVERIFIED,UNVERIFIED,2026-09-25,PARTIAL_OLD_SOURCE_LOCATION_UNCONFIRMED,UNVERIFIED,UNVERIFIED,UNVERIFIED,UNVERIFIED,UNVERIFIED,UNVERIFIED,UNVERIFIED,UNVERIFIED,OPEN,200,https://blago-samara.ru/campaigns/proekt-blagodaru-s/,NOT_IN_PRIMARY_TEXT,NOT_IN_PRIMARY_TEXT,https://blago-samara.ru/campaigns/proekt-blagodaru-s/,YES,OLD_SOURCE_ONLY,UNVERIFIED_NO_LIVE_CHECK,UNVERIFIED,"Web sources cannot confirm a place, supplies, admission, or walk-in access today; contact the point before travel.",2026-09-26
Санкт-Петербург,Санкт-Петербург,«Армия спасения»,Сезонная раздача сухих пайков,сезонный пункт выдачи еды,религиозная,"Литейный пр., 44Б",+7 (812) 273-92-97,UNVERIFIED,UNVERIFIED,UNVERIFIED,https://homeless.ru/bezdomnyj-v-podezde-chto-delat/,https://homeless.ru/bezdomnyj-v-podezde-chto-delat/; https://kcsonprim.ru/news/%D0%9F%D1%83%D1%82%D0%B5%D0%B2%D0%BE%D0%B4%D0%B8%D1%82%D0%B5%D0%BB%D1%8C_%D0%B4%D0%BB%D1%8F_%D0%B1%D0%B5%D0%B7%D0%B4%D0%BE%D0%BC%D0%BD%D1%8B%D1%85_2024-2025.pdf,UNVERIFIED,SEASONAL,UNVERIFIED,UNVERIFIED,UNVERIFIED,UNVERIFIED,UNVERIFIED,UNVERIFIED,UNVERIFIED,UNVERIFIED,UNVERIFIED,UNVERIFIED,UNVERIFIED,UNVERIFIED,Сухие пайки бесплатно с ноября по конец апреля. Примечание: На дату проверки 25.09.2026 сезон раздачи не начался.,"нуждающиеся, бездомные",UNVERIFIED,UNVERIFIED,UNVERIFIED,UNVERIFIED,UNVERIFIED,бесплатно,UNVERIFIED,"с ноября по конец апреля, вторник и четверг 19:00–19:30",UNVERIFIED,UNVERIFIED,2026-09-25,SEASONAL_NOT_OPEN_ON_2026-09-25,UNVERIFIED,UNVERIFIED,UNVERIFIED,UNVERIFIED,UNVERIFIED,UNVERIFIED,UNVERIFIED,NO,OPEN,200,https://homeless.ru/bezdomnyj-v-podezde-chto-delat/,EXACT_NORMALIZED,EXACT_NORMALIZED,https://homeless.ru/bezdomnyj-v-podezde-chto-delat/,YES,SEASONAL_CLOSED_TODAY,NO_REPORTED,NO,The source reports this point unavailable on the audit date.,2026-09-26
Санкт-Петербург,Санкт-Петербург,СПб ГБУ «Кризисный центр помощи женщинам»,Стационар «Женщина в опасности»,государственный кризисный центр,государственная,"Московский пр., 206, корп. 1",+7 (812) 373-47-69,+7 (812) 713-13-19,UNVERIFIED,https://pomogaemmamam.ru/,https://p-49.ru/vazhno-znat/centr-socialnoy-pomoschi-seme-i-detyam-primorskogo-rayona-sankt-peterburga-i-krizisnyy,https://p-49.ru/vazhno-znat/centr-socialnoy-pomoschi-seme-i-detyam-primorskogo-rayona-sankt-peterburga-i-krizisnyy,RESTRICTIONS,UNVERIFIED,UNVERIFIED,RESTRICTIONS,UNVERIFIED,UNVERIFIED,UNVERIFIED,UNVERIFIED,UNVERIFIED,UNVERIFIED,UNVERIFIED,RESTRICTIONS,RESTRICTIONS,UNVERIFIED,Бесплатное временное проживание до 4 месяцев и пятиразовое питание в стационаре; социальная и юридическая помощь. Примечание: Государственная поликлиника указывает телефон доверия для записи 09:00–21:00; условия приёма уточнить до прибытия.,"женщины, пострадавшие от домашнего насилия",UNVERIFIED,UNVERIFIED,UNVERIFIED,RESTRICTIONS,UNVERIFIED,бесплатно,UNVERIFIED,UNVERIFIED,UNVERIFIED,UNVERIFIED,2026-09-25,VERIFIED_CURRENT_GOVERNMENT,UNVERIFIED,UNVERIFIED,до 4 месяцев,женщины,UNVERIFIED,UNVERIFIED,UNVERIFIED,UNVERIFIED,OPEN,200,https://p-49.ru/vazhno-znat/centr-socialnoy-pomoschi-seme-i-detyam-primorskogo-rayona-sankt-peterburga-i-krizisnyy,LOOSE_REVIEW,LOOSE_REVIEW,https://p-49.ru/vazhno-znat/centr-socialnoy-pomoschi-seme-i-detyam-primorskogo-rayona-sankt-peterburga-i-krizisnyy,YES,CURRENT_LOCATION_AND_SERVICE_REPORTED,UNVERIFIED_NO_LIVE_CHECK,UNVERIFIED,"Web sources cannot confirm a place, supplies, admission, or walk-in access today; contact the point before travel.",2026-09-26
Санкт-Петербург,Санкт-Петербург,Проект «Суп и хлеб» при Петрикирхе,Раздача обедов у восточного флигеля,пункт бесплатного питания,религиозная,"Невский пр., 22–24, у восточного флигеля Петрикирхе",+7 (812) 312-07-98,UNVERIFIED,UNVERIFIED,https://petrikirche.ru/,https://homeless.ru/bezdomnyj-v-podezde-chto-delat/,https://homeless.ru/bezdomnyj-v-podezde-chto-delat/; https://www.elkras.ru/arhiv/arhiv_novostei/2025god/oktyabr/prezentaciyagorodskihblagotvoritelnyhproektovvpetrikirhe.jdx,YES,UNVERIFIED,UNVERIFIED,UNVERIFIED,UNVERIFIED,UNVERIFIED,UNVERIFIED,UNVERIFIED,UNVERIFIED,UNVERIFIED,UNVERIFIED,UNVERIFIED,UNVERIFIED,UNVERIFIED,Еженедельные бесплатные горячие обеды и завтраки нуждающимся во дворе флигеля Петрикирхе.,нуждающиеся,UNVERIFIED,UNVERIFIED,UNVERIFIED,UNVERIFIED,UNVERIFIED,бесплатно,UNVERIFIED,четверг 16:00 (обед); воскресенье 09:30 (завтрак),UNVERIFIED,UNVERIFIED,2026-09-25,VERIFIED_CURRENT_PRIMARY,UNVERIFIED,UNVERIFIED,UNVERIFIED,UNVERIFIED,UNVERIFIED,UNVERIFIED,UNVERIFIED,UNVERIFIED,OPEN,200,https://homeless.ru/bezdomnyj-v-podezde-chto-delat/,EXACT_NORMALIZED,EXACT_NORMALIZED,https://homeless.ru/bezdomnyj-v-podezde-chto-delat/,YES,CURRENT_LOCATION_AND_SERVICE_REPORTED,UNVERIFIED_NO_LIVE_CHECK,UNVERIFIED,"Web sources cannot confirm a place, supplies, admission, or walk-in access today; contact the point before travel.",2026-09-26
Санкт-Петербург,Санкт-Петербург,БФ «Спасибо!» совместно с БФ «Тёплый дом»,Центр бесплатной выдачи одежды «Спасибо!»,пункт выдачи одежды,НКО,"наб. Обводного канала, 128",+7 (812) 467-87-87,UNVERIFIED,UNVERIFIED,https://www.spasiboshop.org/,https://www.spasiboshop.org/,https://www.spasiboshop.org/,UNVERIFIED,UNVERIFIED,UNVERIFIED,UNVERIFIED,RESTRICTIONS,UNVERIFIED,UNVERIFIED,UNVERIFIED,UNVERIFIED,UNVERIFIED,UNVERIFIED,UNVERIFIED,UNVERIFIED,UNVERIFIED,"Бесплатная выдача одежды по предварительной записи при предъявлении документа, подтверждающего право на получение помощи.","Льготные категории получателей, указанные на сайте фонда",YES,UNVERIFIED,UNVERIFIED,YES,UNVERIFIED,Бесплатно,пн–сб 10:00–17:30,UNVERIFIED,UNVERIFIED,UNVERIFIED,2026-09-25,VERIFIED_CURRENT_PRIMARY,UNVERIFIED,UNVERIFIED,UNVERIFIED,UNVERIFIED,UNVERIFIED,"Документ, подтверждающий право на помощь",UNVERIFIED,UNVERIFIED,OPEN,200,https://www.spasiboshop.org/,EXACT_NORMALIZED,EXACT_NORMALIZED,https://www.spasiboshop.org/,YES,CURRENT_LOCATION_AND_SERVICE_REPORTED,UNVERIFIED_NO_LIVE_CHECK,UNVERIFIED,"Web sources cannot confirm a place, supplies, admission, or walk-in access today; contact the point before travel.",2026-09-26
Санкт-Петербург,Санкт-Петербург,Благотворительный фонд святой Иулиании Лазаревской,Автобус «Маршрут надежды»: стоянка на пр. Энгельса,регулярный пункт мобильной раздачи еды,НКО,"пр. Энгельса, 133",+7 (904) 635-64-87,UNVERIFIED,UNVERIFIED,UNVERIFIED,https://homeless.ru/bezdomnyj-v-podezde-chto-delat/,https://homeless.ru/bezdomnyj-v-podezde-chto-delat/; https://kcsonprim.ru/news/%D0%9F%D1%83%D1%82%D0%B5%D0%B2%D0%BE%D0%B4%D0%B8%D1%82%D0%B5%D0%BB%D1%8C_%D0%B4%D0%BB%D1%8F_%D0%B1%D0%B5%D0%B7%D0%B4%D0%BE%D0%BC%D0%BD%D1%8B%D1%85_2024-2025.pdf,YES,UNVERIFIED,UNVERIFIED,UNVERIFIED,YES,UNVERIFIED,UNVERIFIED,UNVERIFIED,UNVERIFIED,UNVERIFIED,UNVERIFIED,UNVERIFIED,UNVERIFIED,UNVERIFIED,Регулярная бесплатная раздача горячей еды и одежды из автобуса фонда; одна фиксированная стоянка по будням 19:00–19:30. Примечание: Ночлежка и правительственный путеводитель подтверждают текущую стоянку; горячую еду и одежду дополнительно подтверждает прежний путеводитель Ночлежки.,"нуждающиеся, бездомные",UNVERIFIED,UNVERIFIED,UNVERIFIED,UNVERIFIED,UNVERIFIED,бесплатно,UNVERIFIED,понедельник–пятница 19:00–19:30,UNVERIFIED,UNVERIFIED,2026-09-25,CURRENT_OPERATION_CONFIRMED_SERVICES_OLDER,UNVERIFIED,UNVERIFIED,UNVERIFIED,UNVERIFIED,UNVERIFIED,UNVERIFIED,UNVERIFIED,UNVERIFIED,OPEN,200,https://homeless.ru/bezdomnyj-v-podezde-chto-delat/,EXACT_NORMALIZED,EXACT_NORMALIZED,https://homeless.ru/bezdomnyj-v-podezde-chto-delat/,YES,CURRENT_OPERATION_SERVICE_DETAILS_OLDER,UNVERIFIED_NO_LIVE_CHECK,UNVERIFIED,"Web sources cannot confirm a place, supplies, admission, or walk-in access today; contact the point before travel.",2026-09-26
Санкт-Петербург,Санкт-Петербург,Благотворительный фонд «Диакония»,«Автобус милосердия»: стоянка на ул. Атаманской,регулярный пункт мобильной раздачи еды,НКО,"ул. Атаманская, у д. 6Е",+7 (911) 924-36-62,UNVERIFIED,UNVERIFIED,https://diaconiafond.ru/,https://diaconiafond.ru/proekty/avtobus-miloserdiya/,https://diaconiafond.ru/proekty/avtobus-miloserdiya/; https://homeless.ru/bezdomnyj-v-podezde-chto-delat/,YES,UNVERIFIED,UNVERIFIED,UNVERIFIED,YES,UNVERIFIED,UNVERIFIED,UNVERIFIED,UNVERIFIED,UNVERIFIED,UNVERIFIED,YES,UNVERIFIED,UNVERIFIED,"Автобус выдаёт горячий обед и чистую одежду, на месте возможна консультация социального работника; вся помощь бесплатна. Примечание: На странице Ночлежки указано старое время 16:00–18:00 по будням; использовано расписание фонда как первоисточника.",бездомные и малоимущие,UNVERIFIED,UNVERIFIED,UNVERIFIED,UNVERIFIED,UNVERIFIED,бесплатно,UNVERIFIED,"по будням 13:00–15:00, кроме вторника (по сайту фонда)",UNVERIFIED,UNVERIFIED,2026-09-25,VERIFIED_CURRENT_PRIMARY,UNVERIFIED,UNVERIFIED,UNVERIFIED,UNVERIFIED,UNVERIFIED,UNVERIFIED,UNVERIFIED,UNVERIFIED,OPEN,200,https://diaconiafond.ru/proekty/avtobus-miloserdiya/,LOOSE_REVIEW,LOOSE_REVIEW,https://diaconiafond.ru/proekty/avtobus-miloserdiya/,YES,CURRENT_LOCATION_AND_SERVICE_REPORTED,UNVERIFIED_NO_LIVE_CHECK,UNVERIFIED,"Web sources cannot confirm a place, supplies, admission, or walk-in access today; contact the point before travel.",2026-09-26
Санкт-Петербург,Санкт-Петербург,Волонтёрский проект «Еда вместо бомб»,Еженедельный пункт питания у ст. м. «Владимирская»,пункт бесплатного питания,волонтёрская инициатива,"ул. Большая Московская, возле д. 6",UNVERIFIED,UNVERIFIED,UNVERIFIED,UNVERIFIED,https://homeless.ru/bezdomnyj-v-podezde-chto-delat/,https://homeless.ru/bezdomnyj-v-podezde-chto-delat/; https://kcsonprim.ru/news/%D0%9F%D1%83%D1%82%D0%B5%D0%B2%D0%BE%D0%B4%D0%B8%D1%82%D0%B5%D0%BB%D1%8C_%D0%B4%D0%BB%D1%8F_%D0%B1%D0%B5%D0%B7%D0%B4%D0%BE%D0%BC%D0%BD%D1%8B%D1%85_2024-2025.pdf,YES,UNVERIFIED,UNVERIFIED,UNVERIFIED,UNVERIFIED,UNVERIFIED,UNVERIFIED,UNVERIFIED,UNVERIFIED,UNVERIFIED,UNVERIFIED,UNVERIFIED,UNVERIFIED,UNVERIFIED,Бесплатная вегетарианская еда по воскресеньям в 15:00; государственный путеводитель 2024–2025 и действующая страница Ночлежки.,"нуждающиеся, бездомные",UNVERIFIED,UNVERIFIED,UNVERIFIED,UNVERIFIED,UNVERIFIED,бесплатно,UNVERIFIED,воскресенье 15:00,UNVERIFIED,UNVERIFIED,2026-09-25,VERIFIED_CURRENT_PRIMARY,UNVERIFIED,UNVERIFIED,UNVERIFIED,UNVERIFIED,UNVERIFIED,UNVERIFIED,UNVERIFIED,UNVERIFIED,OPEN,200,https://homeless.ru/bezdomnyj-v-podezde-chto-delat/,LOOSE_REVIEW,LOOSE_REVIEW,https://homeless.ru/bezdomnyj-v-podezde-chto-delat/,YES,CURRENT_LOCATION_AND_SERVICE_REPORTED,UNVERIFIED_NO_LIVE_CHECK,UNVERIFIED,"Web sources cannot confirm a place, supplies, admission, or walk-in access today; contact the point before travel.",2026-09-26
Санкт-Петербург,Санкт-Петербург,Социальное бюро храма Покрова Пресвятой Богородицы на Боровой,Субботняя бесплатная трапеза во дворе храма,церковный пункт бесплатного горячего питания,религиозная организация,"ул. Боровая, 52, лит. А, территория храма",+7 (996) 784-18-15,UNVERIFIED,UNVERIFIED,https://church-pokrov.ru/,https://church-pokrov.ru/zhizn-hrama/sotsialnoe-byuro/,https://church-pokrov.ru/zhizn-hrama/sotsialnoe-byuro/,YES,UNVERIFIED,UNVERIFIED,UNVERIFIED,UNVERIFIED,UNVERIFIED,UNVERIFIED,UNVERIFIED,UNVERIFIED,UNVERIFIED,UNVERIFIED,YES,YES,UNVERIFIED,"Официальная страница Социального бюро прямо сообщает: по субботам в 12:00 на территории храма по Боровой, 52, лит. А бесплатно кормят горячим обедом бездомных и малоимущих. Отчёты за август 2026 подтверждают регулярную выдачу; бюро также оказывает социальную и юридическую помощь. Отдельное направление оплачивает баню отдельным подопечным по записи, поэтому душ по данному адресу не подтверждён.",Бездомные и малоимущие граждане,UNVERIFIED,UNVERIFIED,UNVERIFIED,UNVERIFIED,UNVERIFIED,Бесплатно,Суббота с 12:00,Суббота с 12:00,UNVERIFIED,UNVERIFIED,2026-09-25,VERIFIED_CURRENT_PRIMARY,UNVERIFIED,UNVERIFIED,UNVERIFIED,UNVERIFIED,UNVERIFIED,UNVERIFIED,UNVERIFIED,UNVERIFIED,OPEN,200,https://church-pokrov.ru/zhizn-hrama/sotsialnoe-byuro/,LOOSE_REVIEW,LOOSE_REVIEW,https://church-pokrov.ru/zhizn-hrama/sotsialnoe-byuro/,YES,CURRENT_LOCATION_AND_SERVICE_REPORTED,UNVERIFIED_NO_LIVE_CHECK,UNVERIFIED,"Web sources cannot confirm a place, supplies, admission, or walk-in access today; contact the point before travel.",2026-09-26
Санкт-Петербург,Санкт-Петербург,Благотворительный фонд «Добродомик»,Благотворительное кафе «Добродомик»,бесплатная столовая,НКО,"ул. Гаванская, 20",8-911-775-58-06,UNVERIFIED,UNVERIFIED,https://dobrodomik.ru/,https://xn--90afbqkklbbr.xn--p1ai/branches/sankt-peterburg/,https://xn--90afbqkklbbr.xn--p1ai/branches/sankt-peterburg/,RESTRICTIONS,UNVERIFIED,UNVERIFIED,UNVERIFIED,UNVERIFIED,UNVERIFIED,UNVERIFIED,UNVERIFIED,UNVERIFIED,UNVERIFIED,UNVERIFIED,UNVERIFIED,UNVERIFIED,UNVERIFIED,Благотворительное кафе с бесплатными обедами для пожилых людей. Примечание: Дни работы филиала на адресной странице не уточнены; позвонить перед визитом.,Пожилые люди / пенсионеры,UNVERIFIED,UNVERIFIED,UNVERIFIED,UNVERIFIED,UNVERIFIED,Бесплатно для получателей проекта,12:00–16:00,12:00–16:00,UNVERIFIED,UNVERIFIED,2026-09-25,VERIFIED_CURRENT_PRIMARY,UNVERIFIED,UNVERIFIED,UNVERIFIED,UNVERIFIED,UNVERIFIED,UNVERIFIED,UNVERIFIED,UNVERIFIED,OPEN,200,https://xn--90afbqkklbbr.xn--p1ai/branches/sankt-peterburg/,LOOSE_REVIEW,LOOSE_REVIEW,https://xn--90afbqkklbbr.xn--p1ai/branches/sankt-peterburg/,YES,CURRENT_LOCATION_AND_SERVICE_REPORTED,UNVERIFIED_NO_LIVE_CHECK,UNVERIFIED,"Web sources cannot confirm a place, supplies, admission, or walk-in access today; contact the point before travel.",2026-09-26
Санкт-Петербург,Санкт-Петербург,Благотворительный фонд «Добродомик»,Благотворительное кафе «Добродомик»,бесплатная столовая,НКО,"ул. Доблести, 29",8-912-124-44-04,UNVERIFIED,UNVERIFIED,https://dobrodomik.ru/,https://xn--90afbqkklbbr.xn--p1ai/branches/sankt-peterburg/,https://xn--90afbqkklbbr.xn--p1ai/branches/sankt-peterburg/,RESTRICTIONS,UNVERIFIED,UNVERIFIED,UNVERIFIED,UNVERIFIED,UNVERIFIED,UNVERIFIED,UNVERIFIED,UNVERIFIED,UNVERIFIED,UNVERIFIED,UNVERIFIED,UNVERIFIED,UNVERIFIED,Благотворительное кафе с бесплатными обедами для пожилых людей. Примечание: Дни работы филиала на адресной странице не уточнены; позвонить перед визитом.,Пожилые люди / пенсионеры,UNVERIFIED,UNVERIFIED,UNVERIFIED,UNVERIFIED,UNVERIFIED,Бесплатно для получателей проекта,13:00–16:00,13:00–16:00,UNVERIFIED,UNVERIFIED,2026-09-25,VERIFIED_CURRENT_PRIMARY,UNVERIFIED,UNVERIFIED,UNVERIFIED,UNVERIFIED,UNVERIFIED,UNVERIFIED,UNVERIFIED,UNVERIFIED,OPEN,200,https://xn--90afbqkklbbr.xn--p1ai/branches/sankt-peterburg/,LOOSE_REVIEW,LOOSE_REVIEW,https://xn--90afbqkklbbr.xn--p1ai/branches/sankt-peterburg/,YES,CURRENT_LOCATION_AND_SERVICE_REPORTED,UNVERIFIED_NO_LIVE_CHECK,UNVERIFIED,"Web sources cannot confirm a place, supplies, admission, or walk-in access today; contact the point before travel.",2026-09-26
Санкт-Петербург,Санкт-Петербург,Центр милосердия имени праведного Иоанна Кронштадтского,Благотворительная столовая и социальный кабинет,"благотворительная столовая, вещевой склад",религиозная,"ул. Крупской, 5Б",+7 (981) 822-10-75,UNVERIFIED,UNVERIFIED,https://www.spaso-preobr-sobor.ru/social,https://www.spaso-preobr-sobor.ru/social,https://www.spaso-preobr-sobor.ru/social; https://www.spaso-preobr-sobor.ru/news/tpost/ohuu0tpp21-blagotvoritelnaya-stolovaya-na-krupskoi?amp=true; https://homeless.ru/bezdomnyj-v-podezde-chto-delat/,YES,YES,UNVERIFIED,UNVERIFIED,YES,UNVERIFIED,UNVERIFIED,UNVERIFIED,UNVERIFIED,UNVERIFIED,UNVERIFIED,YES,UNVERIFIED,YES,"Ежедневная благотворительная столовая с горячим обедом. Социальный кабинет выдаёт продуктовые наборы, одежду и помогает восстановить документы.","бездомные, малоимущие, одинокие пожилые и другие нуждающиеся",UNVERIFIED,UNVERIFIED,UNVERIFIED,UNVERIFIED,UNVERIFIED,бесплатно,социальный кабинет: понедельник 09:00–14:00; вторник и четверг 15:00–20:00,ежедневно 14:00 (столовая 14:00–15:00),UNVERIFIED,UNVERIFIED,2026-09-25,VERIFIED_CURRENT_PRIMARY,UNVERIFIED,UNVERIFIED,UNVERIFIED,UNVERIFIED,UNVERIFIED,UNVERIFIED,UNVERIFIED,UNVERIFIED,OPEN,200,https://www.spaso-preobr-sobor.ru/social,LOOSE_REVIEW,LOOSE_REVIEW,https://www.spaso-preobr-sobor.ru/social,YES,CURRENT_LOCATION_AND_SERVICE_REPORTED,UNVERIFIED_NO_LIVE_CHECK,UNVERIFIED,"Web sources cannot confirm a place, supplies, admission, or walk-in access today; contact the point before travel.",2026-09-26
Санкт-Петербург,Санкт-Петербург,АНО «Грушинский гуманитарный центр»,Гуманитарный центр на территории «Юноны»,"НКО, пункт вещевой и продуктовой помощи",НКО,"ул. Маршала Казакова, 35, ТК «Юнона», контейнеры 18, 20, 22",+7 (911) 112-23-54,UNVERIFIED,UNVERIFIED,https://grushincenter.ru/,https://2gis.ru/spb/firm/70000001113049372,https://2gis.ru/spb/firm/70000001113049372; https://yandex.com/maps/org/grushinskiy_gumanitarny_tsentr/128070675952/; https://9may.unona.market/,UNVERIFIED,RESTRICTIONS,UNVERIFIED,UNVERIFIED,RESTRICTIONS,RESTRICTIONS,UNVERIFIED,UNVERIFIED,UNVERIFIED,UNVERIFIED,UNVERIFIED,UNVERIFIED,UNVERIFIED,RESTRICTIONS,"Центр выдает нуждающимся продуктовую и вещевую помощь; публикации и отзывы 2026 года подтверждают бесплатную выдачу по этой площадке. Точный состав и условия нужно уточнять. Примечание: 2ГИС указывает литеру О, Яндекс Карты — 35АИ; обе карточки указывают контейнеры 18, 20, 22. Точный вход уточнять по телефону.","семьи и люди в трудной жизненной ситуации, малоимущие, люди с инвалидностью, пенсионеры",UNVERIFIED,UNVERIFIED,UNVERIFIED,UNVERIFIED,UNVERIFIED,бесплатно для получателей помощи,UNVERIFIED,UNVERIFIED,UNVERIFIED,UNVERIFIED,2026-09-25,PARTIAL_CURRENT,UNVERIFIED,UNVERIFIED,UNVERIFIED,UNVERIFIED,UNVERIFIED,UNVERIFIED,UNVERIFIED,UNVERIFIED,OPEN,200,https://2gis.ru/spb/firm/70000001113049372,LOOSE_REVIEW,LOOSE_REVIEW,https://2gis.ru/spb/firm/70000001113049372,YES,PARTIAL_CURRENT_REPORT,UNVERIFIED_NO_LIVE_CHECK,UNVERIFIED,"Web sources cannot confirm a place, supplies, admission, or walk-in access today; contact the point before travel.",2026-09-26
Санкт-Петербург,Санкт-Петербург,Благотворительный фонд «Добродомик»,Благотворительное кафе «Добродомик»,бесплатная столовая,НКО,"ул. Маршала Тухачевского, 23",8-950-308-54-49,UNVERIFIED,UNVERIFIED,https://dobrodomik.ru/,https://xn--90afbqkklbbr.xn--p1ai/branches/sankt-peterburg/,https://xn--90afbqkklbbr.xn--p1ai/branches/sankt-peterburg/,RESTRICTIONS,UNVERIFIED,UNVERIFIED,UNVERIFIED,UNVERIFIED,UNVERIFIED,UNVERIFIED,UNVERIFIED,UNVERIFIED,UNVERIFIED,UNVERIFIED,UNVERIFIED,UNVERIFIED,UNVERIFIED,Благотворительное кафе с бесплатными обедами для пожилых людей. Примечание: Дни работы филиала на адресной странице не уточнены; позвонить перед визитом.,Пожилые люди / пенсионеры,UNVERIFIED,UNVERIFIED,UNVERIFIED,UNVERIFIED,UNVERIFIED,Бесплатно для получателей проекта,12:00–16:00,12:00–16:00,UNVERIFIED,UNVERIFIED,2026-09-25,VERIFIED_CURRENT_PRIMARY,UNVERIFIED,UNVERIFIED,UNVERIFIED,UNVERIFIED,UNVERIFIED,UNVERIFIED,UNVERIFIED,UNVERIFIED,OPEN,200,https://xn--90afbqkklbbr.xn--p1ai/branches/sankt-peterburg/,LOOSE_REVIEW,LOOSE_REVIEW,https://xn--90afbqkklbbr.xn--p1ai/branches/sankt-peterburg/,YES,CURRENT_LOCATION_AND_SERVICE_REPORTED,UNVERIFIED_NO_LIVE_CHECK,UNVERIFIED,"Web sources cannot confirm a place, supplies, admission, or walk-in access today; contact the point before travel.",2026-09-26
Санкт-Петербург,Санкт-Петербург,Центр милосердия имени праведного Иоанна Кронштадтского,Автобус центра: стоянка у станции Кушелевка,регулярный пункт мобильной раздачи еды,религиозная,"ул. Политехническая, 1, у ж/д станции Кушелевка",+7 (981) 822-10-75,UNVERIFIED,UNVERIFIED,https://www.spaso-preobr-sobor.ru/social,https://www.gov.spb.ru/gov/terr/reg_kalinin/socialnaya-zashita-naseleniya/okazanie-pomoshi-licam-ostavshimsya-bez-krova/,https://www.gov.spb.ru/gov/terr/reg_kalinin/socialnaya-zashita-naseleniya/okazanie-pomoshi-licam-ostavshimsya-bez-krova/; https://homeless.ru/bezdomnyj-v-podezde-chto-delat/; https://pravprihod.ru/family/novosti/8749-geografija-miloserdija-avtobus-centra-sv-prav-ioanna-kronshtadtskogo-spb-vyhodit-na-novyj-marshrut.html,YES,UNVERIFIED,UNVERIFIED,UNVERIFIED,UNVERIFIED,UNVERIFIED,UNVERIFIED,UNVERIFIED,UNVERIFIED,UNVERIFIED,UNVERIFIED,UNVERIFIED,UNVERIFIED,UNVERIFIED,По вторникам в 15:00 автобус раздаёт горячую пищу бездомным и малоимущим у станции Кушелевка.,бездомные и малоимущие,UNVERIFIED,UNVERIFIED,UNVERIFIED,UNVERIFIED,UNVERIFIED,бесплатно,UNVERIFIED,вторник 15:00,UNVERIFIED,UNVERIFIED,2026-09-25,VERIFIED_CURRENT_GOVERNMENT,UNVERIFIED,UNVERIFIED,UNVERIFIED,UNVERIFIED,UNVERIFIED,UNVERIFIED,UNVERIFIED,UNVERIFIED,OPEN,200,https://www.gov.spb.ru/gov/terr/reg_kalinin/socialnaya-zashita-naseleniya/okazanie-pomoshi-licam-ostavshimsya-bez-krova/,LOOSE_REVIEW,LOOSE_REVIEW,https://www.gov.spb.ru/gov/terr/reg_kalinin/socialnaya-zashita-naseleniya/okazanie-pomoshi-licam-ostavshimsya-bez-krova/,YES,CURRENT_LOCATION_AND_SERVICE_REPORTED,UNVERIFIED_NO_LIVE_CHECK,UNVERIFIED,"Web sources cannot confirm a place, supplies, admission, or walk-in access today; contact the point before travel.",2026-09-26
Саратовская область,Саратов,Фонд социальной поддержки «Хорошие люди»,Благотворительный центр,пункт выдачи вещей,НКО,"Саратов, ул. Пугачёва, 72",8-800-101-71-09,UNVERIFIED,UNVERIFIED,UNVERIFIED,https://horoshieludi.com/,https://horoshieludi.com/,UNVERIFIED,RESTRICTIONS,UNVERIFIED,UNVERIFIED,RESTRICTIONS,UNVERIFIED,UNVERIFIED,UNVERIFIED,UNVERIFIED,UNVERIFIED,UNVERIFIED,YES,YES,YES,Благотворительный центр выдаёт подопечным раз в месяц вещевую и продуктовую помощь. Примечание: Сведения с действующей страницы организации.,UNVERIFIED,UNVERIFIED,UNVERIFIED,UNVERIFIED,UNVERIFIED,UNVERIFIED,Благотворительная помощь бесплатно,UNVERIFIED,UNVERIFIED,UNVERIFIED,UNVERIFIED,2026-09-25,VERIFIED_CURRENT_PRIMARY,UNVERIFIED,UNVERIFIED,UNVERIFIED,UNVERIFIED,UNVERIFIED,UNVERIFIED,UNVERIFIED,UNVERIFIED,OPEN,200,https://horoshieludi.com/,EXACT_NORMALIZED,EXACT_NORMALIZED,https://horoshieludi.com/,YES,CURRENT_LOCATION_AND_SERVICE_REPORTED,UNVERIFIED_NO_LIVE_CHECK,UNVERIFIED,"Web sources cannot confirm a place, supplies, admission, or walk-in access today; contact the point before travel.",2026-09-26
Саратовская область,Саратов,Фонд социальной поддержки «Хорошие люди»,Благотворительная столовая,пункт бесплатного питания,НКО,"Саратов, ул. Соборная, 21",8-800-101-71-09,UNVERIFIED,UNVERIFIED,UNVERIFIED,https://horoshieludi.com/,https://horoshieludi.com/,RESTRICTIONS,UNVERIFIED,UNVERIFIED,UNVERIFIED,UNVERIFIED,UNVERIFIED,UNVERIFIED,UNVERIFIED,UNVERIFIED,UNVERIFIED,UNVERIFIED,UNVERIFIED,UNVERIFIED,UNVERIFIED,"Бесплатный комплексный обед в столовой по абонементу фонда, который выдают на ул. Пугачёва, 72. Примечание: Сведения с действующей страницы организации. Абонемент выдают в центре фонда на ул. Пугачёва, 72.",UNVERIFIED,UNVERIFIED,UNVERIFIED,UNVERIFIED,UNVERIFIED,UNVERIFIED,Благотворительная помощь бесплатно,UNVERIFIED,UNVERIFIED,UNVERIFIED,UNVERIFIED,2026-09-25,VERIFIED_CURRENT_PRIMARY,UNVERIFIED,UNVERIFIED,UNVERIFIED,UNVERIFIED,UNVERIFIED,UNVERIFIED,UNVERIFIED,UNVERIFIED,OPEN,200,https://horoshieludi.com/,EXACT_NORMALIZED,EXACT_NORMALIZED,https://horoshieludi.com/,YES,CURRENT_LOCATION_AND_SERVICE_REPORTED,UNVERIFIED_NO_LIVE_CHECK,UNVERIFIED,"Web sources cannot confirm a place, supplies, admission, or walk-in access today; contact the point before travel.",2026-09-26
Саратовская область,Энгельс,АНО «Под Покровом»,,пункт выдачи вещей,НКО,"Энгельс, пл. Свободы, 5",+7 (996) 202-14-27; +7 (8453) 56-89-79,UNVERIFIED,UNVERIFIED,UNVERIFIED,https://podpokrovom.com/raspisanie-raboty-speczialistov/,https://podpokrovom.com/raspisanie-raboty-speczialistov/,UNVERIFIED,RESTRICTIONS,UNVERIFIED,UNVERIFIED,YES,YES,UNVERIFIED,UNVERIFIED,RESTRICTIONS,UNVERIFIED,UNVERIFIED,UNVERIFIED,UNVERIFIED,UNVERIFIED,"Вещевой склад выдаёт нуждающимся одежду и обувь по сезону, продукты, коляски, кроватки и средства детской гигиены. Для продуктовой и детской гигиенической помощи требуется ходатайство. Примечание: Продуктовая помощь и средства гигиены для детей — по ходатайству опеки, медицинской или образовательной организации; о нуждах нужно сообщить заранее.",Нуждающиеся семьи; вещи для детей и взрослых,UNVERIFIED,UNVERIFIED,UNVERIFIED,RESTRICTIONS,UNVERIFIED,Благотворительная выдача бесплатно,Пн–пт 09:00–17:00,UNVERIFIED,UNVERIFIED,UNVERIFIED,2026-09-25,VERIFIED_CURRENT_PRIMARY,UNVERIFIED,UNVERIFIED,UNVERIFIED,UNVERIFIED,UNVERIFIED,UNVERIFIED,UNVERIFIED,UNVERIFIED,OPEN,200,https://podpokrovom.com/raspisanie-raboty-speczialistov/,EXACT_NORMALIZED,EXACT_NORMALIZED,https://podpokrovom.com/raspisanie-raboty-speczialistov/,YES,CURRENT_LOCATION_AND_SERVICE_REPORTED,UNVERIFIED_NO_LIVE_CHECK,UNVERIFIED,"Web sources cannot confirm a place, supplies, admission, or walk-in access today; contact the point before travel.",2026-09-26
Сахалинская область,Южно-Сахалинск,Сахалинское региональное отделение Российского Красного Креста,Социальная палатка у ТЦ «Марсель»,стационарная еженедельная точка мобильного проекта,НКО,"Коммунистический проспект, 86В (привокзальная площадь, у ТЦ «Марсель»)",+7 (962) 416-39-56,+7 (914) 747-58-51,65region@redcross.ru,https://www.rkk65.ru/,https://dobro.ru/event/11319381,https://dobro.ru/event/11319381; https://dobro.ru/event/11033232; https://sakh.online/news/18/2023-07-31/volontery-iz-krasnogo-kresta-razdayut-goryachuyu-edu-na-sahaline-375622,YES,UNVERIFIED,UNVERIFIED,UNVERIFIED,YES,UNVERIFIED,UNVERIFIED,UNVERIFIED,UNVERIFIED,UNVERIFIED,UNVERIFIED,UNVERIFIED,UNVERIFIED,UNVERIFIED,"Карточка волонтерского мероприятия, опубликованная Сахалинским региональным отделением РКК на Добро.рф на 8 сентября 2025 года, указывает раздачу горячей еды и одежды нуждающимся каждый понедельник с 12:00 до 14:00 на привокзальной площади возле ТЦ «Марсель» по адресу Коммунистический проспект, 86В. Репортаж 2023 года прямо подтверждал бесплатность еды и одежды. Данных о работе точки в 2026 году не найдено; перед визитом звонить координатору.","Малоимущие, бездомные, пожилые и другие граждане в трудной жизненной ситуации",UNVERIFIED,UNVERIFIED,UNVERIFIED,UNVERIFIED,UNVERIFIED,Бесплатно согласно публикации 2023 года; последняя подтвержденная карточка раздачи — 08.09.2025,По понедельникам 12:00–14:00 согласно карточке 08.09.2025; актуальный режим UNVERIFIED,По понедельникам 12:00–14:00 согласно карточке 08.09.2025; актуальный режим UNVERIFIED,UNVERIFIED,UNVERIFIED,2026-09-25,PARTIAL_OLD_SOURCE,UNVERIFIED,UNVERIFIED,UNVERIFIED,UNVERIFIED,UNVERIFIED,UNVERIFIED,UNVERIFIED,UNVERIFIED,OPEN,200,https://dobro.ru/event/11319381,LOOSE_REVIEW,LOOSE_REVIEW,https://dobro.ru/event/11319381,YES,OLD_SOURCE_ONLY,UNVERIFIED_NO_LIVE_CHECK,UNVERIFIED,"Web sources cannot confirm a place, supplies, admission, or walk-in access today; contact the point before travel.",2026-09-26
Сахалинская область,Южно-Сахалинск,ГКУ «Центр социальной адаптации для лиц без определённого места жительства и занятий»,Стационарное отделение,центр социальной адаптации с временным проживанием,государственная,"ул. Западная, 74",+7 (4242) 43-54-33,UNVERIFIED,msz.gkutssalbomzh@sakhalin.gov.ru,UNVERIFIED,https://sakhalin-gov.ru/doc/73613,https://sakhalin-gov.ru/doc/73613; https://base.garant.ru/31736839/,UNVERIFIED,UNVERIFIED,UNVERIFIED,RESTRICTIONS,UNVERIFIED,UNVERIFIED,UNVERIFIED,UNVERIFIED,UNVERIFIED,UNVERIFIED,UNVERIFIED,UNVERIFIED,UNVERIFIED,UNVERIFIED,"Региональный перечень учреждений подтверждает действующий центр для лиц без определённого места жительства, адрес, контакт и круглосуточную работу стационарного отделения. Порядок допускает бесплатные, частично платные и платные услуги по индивидуальной программе и договору; бесплатность конкретному заявителю заранее не обещается.","лица без определённого места жительства и занятий, признанные нуждающимися в социальном обслуживании",индивидуальная программа и договор; порядок первичного обращения уточнить,UNVERIFIED,UNVERIFIED,UNVERIFIED,UNVERIFIED,"бесплатно, частично платно или платно по индивидуальной программе и договору","дневное отделение Пн–Чт 09:00–17:00, перерыв 13:00–14:00; стационар круглосуточно",UNVERIFIED,UNVERIFIED,https://sakhalin-gov.ru/doc/73613,2026-09-26,VERIFIED_CURRENT_OFFICIAL_REGISTRY,UNVERIFIED,UNVERIFIED,UNVERIFIED,UNVERIFIED,UNVERIFIED,UNVERIFIED,UNVERIFIED,UNVERIFIED,OPEN,200,https://sakhalin-gov.ru/doc/73613,LOOSE_REVIEW,LOOSE_REVIEW,https://sakhalin-gov.ru/doc/73613,YES,CURRENT_LOCATION_AND_SERVICE_REPORTED,UNVERIFIED_NO_LIVE_CHECK,UNVERIFIED,"Web sources cannot confirm a place, supplies, admission, or walk-in access today; contact the point before travel.",2026-09-26
Свердловская область,Арамиль,Трапезная храма Святой Троицы,,пункт бесплатного питания,религиозная,"Арамиль, ул. Карла Маркса, 2",UNVERIFIED,UNVERIFIED,UNVERIFIED,UNVERIFIED,https://soee.ru/news/item_02630,https://soee.ru/news/item_02630; https://soee.ru/database-prihod-projects,YES,UNVERIFIED,UNVERIFIED,UNVERIFIED,UNVERIFIED,UNVERIFIED,UNVERIFIED,UNVERIFIED,UNVERIFIED,UNVERIFIED,UNVERIFIED,UNVERIFIED,UNVERIFIED,UNVERIFIED,Официальный список Екатеринбургской епархии указывает питание нуждающихся на благотворительной основе по этому адресу. Примечание: Недатированный официальный перечень епархии; актуальность работы точки в 2026 году отдельно не подтверждена.,UNVERIFIED,UNVERIFIED,UNVERIFIED,UNVERIFIED,UNVERIFIED,UNVERIFIED,Благотворительное питание для нуждающихся,UNVERIFIED,UNVERIFIED,UNVERIFIED,UNVERIFIED,2026-09-25,PARTIAL_OLD_SOURCE,UNVERIFIED,UNVERIFIED,UNVERIFIED,UNVERIFIED,UNVERIFIED,UNVERIFIED,UNVERIFIED,UNVERIFIED,OPEN,200,https://soee.ru/news/item_02630,EXACT_NORMALIZED,EXACT_NORMALIZED,https://soee.ru/news/item_02630,YES,OLD_SOURCE_ONLY,UNVERIFIED_NO_LIVE_CHECK,UNVERIFIED,"Web sources cannot confirm a place, supplies, admission, or walk-in access today; contact the point before travel.",2026-09-26
Свердловская область,Ачит,Трапезная храма Архангела Михаила,,пункт бесплатного питания,религиозная,"Ачит, ул. Кирова, 1",UNVERIFIED,UNVERIFIED,UNVERIFIED,UNVERIFIED,https://soee.ru/news/item_02630,https://soee.ru/news/item_02630; https://soee.ru/database-prihod-projects,YES,UNVERIFIED,UNVERIFIED,UNVERIFIED,UNVERIFIED,UNVERIFIED,UNVERIFIED,UNVERIFIED,UNVERIFIED,UNVERIFIED,UNVERIFIED,UNVERIFIED,UNVERIFIED,UNVERIFIED,Официальный список Екатеринбургской епархии указывает питание нуждающихся на благотворительной основе по этому адресу. Примечание: Недатированный официальный перечень епархии; актуальность работы точки в 2026 году отдельно не подтверждена.,UNVERIFIED,UNVERIFIED,UNVERIFIED,UNVERIFIED,UNVERIFIED,UNVERIFIED,Благотворительное питание для нуждающихся,UNVERIFIED,UNVERIFIED,UNVERIFIED,UNVERIFIED,2026-09-25,PARTIAL_OLD_SOURCE,UNVERIFIED,UNVERIFIED,UNVERIFIED,UNVERIFIED,UNVERIFIED,UNVERIFIED,UNVERIFIED,UNVERIFIED,OPEN,200,https://soee.ru/news/item_02630,EXACT_NORMALIZED,EXACT_NORMALIZED,https://soee.ru/news/item_02630,YES,OLD_SOURCE_ONLY,UNVERIFIED_NO_LIVE_CHECK,UNVERIFIED,"Web sources cannot confirm a place, supplies, admission, or walk-in access today; contact the point before travel.",2026-09-26
Свердловская область,Бисерть,Трапезная храма Серафима Саровского,,пункт бесплатного питания,религиозная,"Бисерть, ул. Красных Борцов, 1",UNVERIFIED,UNVERIFIED,UNVERIFIED,UNVERIFIED,https://soee.ru/news/item_02630,https://soee.ru/news/item_02630; https://soee.ru/database-prihod-projects,YES,UNVERIFIED,UNVERIFIED,UNVERIFIED,UNVERIFIED,UNVERIFIED,UNVERIFIED,UNVERIFIED,UNVERIFIED,UNVERIFIED,UNVERIFIED,UNVERIFIED,UNVERIFIED,UNVERIFIED,Официальный список Екатеринбургской епархии указывает питание нуждающихся на благотворительной основе по этому адресу. Примечание: Недатированный официальный перечень епархии; актуальность работы точки в 2026 году отдельно не подтверждена.,UNVERIFIED,UNVERIFIED,UNVERIFIED,UNVERIFIED,UNVERIFIED,UNVERIFIED,Благотворительное питание для нуждающихся,UNVERIFIED,UNVERIFIED,UNVERIFIED,UNVERIFIED,2026-09-25,PARTIAL_OLD_SOURCE,UNVERIFIED,UNVERIFIED,UNVERIFIED,UNVERIFIED,UNVERIFIED,UNVERIFIED,UNVERIFIED,UNVERIFIED,OPEN,200,https://soee.ru/news/item_02630,LOOSE_REVIEW,LOOSE_REVIEW,https://soee.ru/news/item_02630,YES,OLD_SOURCE_ONLY,UNVERIFIED_NO_LIVE_CHECK,UNVERIFIED,"Web sources cannot confirm a place, supplies, admission, or walk-in access today; contact the point before travel.",2026-09-26
Свердловская область,Екатеринбург,Храм Державной иконы Божией Матери — питание нуждающихся,,пункт бесплатного питания,религиозная,"Екатеринбург, пер. Невьянский, 1А",UNVERIFIED,UNVERIFIED,UNVERIFIED,UNVERIFIED,https://soee.ru/news/item_02630,https://soee.ru/news/item_02630; https://soee.ru/database-prihod-projects,YES,UNVERIFIED,UNVERIFIED,UNVERIFIED,UNVERIFIED,UNVERIFIED,UNVERIFIED,UNVERIFIED,UNVERIFIED,UNVERIFIED,UNVERIFIED,UNVERIFIED,UNVERIFIED,UNVERIFIED,Официальный список Екатеринбургской епархии указывает питание нуждающихся на благотворительной основе по этому адресу. Примечание: Недатированный официальный перечень епархии; актуальность работы точки в 2026 году отдельно не подтверждена.,UNVERIFIED,UNVERIFIED,UNVERIFIED,UNVERIFIED,UNVERIFIED,UNVERIFIED,Благотворительное питание для нуждающихся,UNVERIFIED,UNVERIFIED,UNVERIFIED,UNVERIFIED,2026-09-25,PARTIAL_OLD_SOURCE,UNVERIFIED,UNVERIFIED,UNVERIFIED,UNVERIFIED,UNVERIFIED,UNVERIFIED,UNVERIFIED,UNVERIFIED,OPEN,200,https://soee.ru/news/item_02630,EXACT_NORMALIZED,EXACT_NORMALIZED,https://soee.ru/news/item_02630,YES,OLD_SOURCE_ONLY,UNVERIFIED_NO_LIVE_CHECK,UNVERIFIED,"Web sources cannot confirm a place, supplies, admission, or walk-in access today; contact the point before travel.",2026-09-26
Свердловская область,Екатеринбург,Благотворительная столовая Ново-Тихвинского женского монастыря,,пункт бесплатного питания,религиозная,"Екатеринбург, ул. Бебеля, 166",+7 (343) 352-03-54,UNVERIFIED,UNVERIFIED,UNVERIFIED,https://soee.ru/news/item_02630,https://soee.ru/news/item_02630; https://soee.ru/database-prihod-projects; https://sestry.ru/church/content/contacts/index,RESTRICTIONS,UNVERIFIED,UNVERIFIED,UNVERIFIED,UNVERIFIED,UNVERIFIED,UNVERIFIED,UNVERIFIED,UNVERIFIED,UNVERIFIED,UNVERIFIED,UNVERIFIED,UNVERIFIED,UNVERIFIED,"Официальный список Екатеринбургской епархии указывает питание нуждающихся на благотворительной основе по этому адресу. На сайте монастыря сказано: питание бесплатное, требуются талоны. Примечание: Талоны выдают в последнюю неделю каждого квартала. Столовая ежедневно 11:00–16:00.",UNVERIFIED,UNVERIFIED,UNVERIFIED,UNVERIFIED,UNVERIFIED,UNVERIFIED,Благотворительное питание для нуждающихся,UNVERIFIED,UNVERIFIED,UNVERIFIED,UNVERIFIED,2026-09-25,PARTIAL_CURRENT,UNVERIFIED,UNVERIFIED,UNVERIFIED,UNVERIFIED,UNVERIFIED,UNVERIFIED,UNVERIFIED,UNVERIFIED,OPEN,200,https://soee.ru/news/item_02630,EXACT_NORMALIZED,EXACT_NORMALIZED,https://soee.ru/news/item_02630,YES,PARTIAL_CURRENT_REPORT,UNVERIFIED_NO_LIVE_CHECK,UNVERIFIED,"Web sources cannot confirm a place, supplies, admission, or walk-in access today; contact the point before travel.",2026-09-26
Свердловская область,Екатеринбург,Автобус милосердия Православной службы милосердия,,пункт бесплатного питания,религиозная,"Екатеринбург, ул. Вокзальная, 15А",+7 (343) 200-07-04,UNVERIFIED,info@ekbmiloserdie.ru,https://ekbmiloserdie.ru/autobus,https://ekbmiloserdie.ru/autobus,https://ekbmiloserdie.ru/autobus; https://soee.ru/news/item_02630,YES,UNVERIFIED,UNVERIFIED,UNVERIFIED,YES,YES,UNVERIFIED,UNVERIFIED,YES,UNVERIFIED,YES,YES,UNVERIFIED,YES,"Официальная действующая страница службы указывает остановку автобуса милосердия по адресу Вокзальная, 15А, Пн/Ср/Пт 19:00–21:00. На остановках служба предоставляет горячую еду, одежду, обувь, предметы гигиены, доврачебную и срочную социальную помощь. Наличие на конкретный вечер не подтверждено звонком. Примечание: Недатированный официальный перечень епархии; актуальность работы точки в 2026 году отдельно не подтверждена.",Люди без дома и другие нуждающиеся,UNVERIFIED,UNVERIFIED,UNVERIFIED,UNVERIFIED,UNVERIFIED,Благотворительное питание для нуждающихся,"Пн, Ср, Пт 19:00–21:00","Пн, Ср, Пт 19:00–21:00",UNVERIFIED,UNVERIFIED,2026-09-25,VERIFIED_CURRENT_PRIMARY,UNVERIFIED,UNVERIFIED,UNVERIFIED,UNVERIFIED,UNVERIFIED,UNVERIFIED,UNVERIFIED,UNVERIFIED,OPEN,200,https://ekbmiloserdie.ru/autobus,LOOSE_REVIEW,EXACT_NORMALIZED,https://soee.ru/news/item_02630,YES,CURRENT_LOCATION_AND_SERVICE_REPORTED,UNVERIFIED_NO_LIVE_CHECK,UNVERIFIED,"Web sources cannot confirm a place, supplies, admission, or walk-in access today; contact the point before travel.",2026-09-26
Свердловская область,Екатеринбург,Благотворительная столовая Екатеринбургской епархии,,пункт бесплатного питания,религиозная,"Екатеринбург, ул. Восточная, 21",UNVERIFIED,UNVERIFIED,UNVERIFIED,UNVERIFIED,https://soee.ru/news/item_02630,https://soee.ru/news/item_02630; https://soee.ru/database-prihod-projects,YES,UNVERIFIED,UNVERIFIED,UNVERIFIED,UNVERIFIED,UNVERIFIED,UNVERIFIED,UNVERIFIED,UNVERIFIED,UNVERIFIED,UNVERIFIED,UNVERIFIED,UNVERIFIED,UNVERIFIED,Официальный список Екатеринбургской епархии указывает питание нуждающихся на благотворительной основе по этому адресу. Примечание: Недатированный официальный перечень епархии; актуальность работы точки в 2026 году отдельно не подтверждена.,UNVERIFIED,UNVERIFIED,UNVERIFIED,UNVERIFIED,UNVERIFIED,UNVERIFIED,Благотворительное питание для нуждающихся,UNVERIFIED,UNVERIFIED,UNVERIFIED,UNVERIFIED,2026-09-25,PARTIAL_OLD_SOURCE,UNVERIFIED,UNVERIFIED,UNVERIFIED,UNVERIFIED,UNVERIFIED,UNVERIFIED,UNVERIFIED,UNVERIFIED,OPEN,200,https://soee.ru/news/item_02630,EXACT_NORMALIZED,EXACT_NORMALIZED,https://soee.ru/news/item_02630,YES,OLD_SOURCE_ONLY,UNVERIFIED_NO_LIVE_CHECK,UNVERIFIED,"Web sources cannot confirm a place, supplies, admission, or walk-in access today; contact the point before travel.",2026-09-26
Свердловская область,Екатеринбург,Социальная трапезная «Забота»,,пункт бесплатного питания,религиозная,"Екатеринбург, ул. Димитрова, 1А",+7 (982) 738-44-63,UNVERIFIED,UNVERIFIED,https://ekaterinburg-eparhia.ru/building/chrames/226/,https://ekaterinburg-eparhia.ru/building/chrames/226/,https://ekaterinburg-eparhia.ru/building/chrames/226/; https://soee.ru/news/item_02630,YES,UNVERIFIED,UNVERIFIED,UNVERIFIED,UNVERIFIED,UNVERIFIED,UNVERIFIED,UNVERIFIED,UNVERIFIED,UNVERIFIED,UNVERIFIED,UNVERIFIED,UNVERIFIED,UNVERIFIED,"Действующая страница епархии указывает социальную трапезную «Забота» по адресу храма, бесплатное питание малоимущих со вторника по воскресенье. Часы питания не опубликованы. Примечание: Недатированный официальный перечень епархии; актуальность работы точки в 2026 году отдельно не подтверждена.",Малоимущие,UNVERIFIED,UNVERIFIED,UNVERIFIED,UNVERIFIED,UNVERIFIED,Благотворительное питание для нуждающихся,Вт–Вс; понедельник — выходной. Часы выдачи пищи не указаны.,UNVERIFIED,UNVERIFIED,UNVERIFIED,2026-09-25,VERIFIED_CURRENT_PRIMARY,UNVERIFIED,UNVERIFIED,UNVERIFIED,UNVERIFIED,UNVERIFIED,UNVERIFIED,UNVERIFIED,UNVERIFIED,OPEN,200,https://ekaterinburg-eparhia.ru/building/chrames/226/,LOOSE_REVIEW,EXACT_NORMALIZED,https://soee.ru/news/item_02630,YES,CURRENT_LOCATION_AND_SERVICE_REPORTED,UNVERIFIED_NO_LIVE_CHECK,UNVERIFIED,"Web sources cannot confirm a place, supplies, admission, or walk-in access today; contact the point before travel.",2026-09-26
Свердловская область,Екатеринбург,Гуманитарный центр «Успенский»,,пункт выдачи вещей,UNVERIFIED,"Екатеринбург, ул. Кирова, 65, стр. 14",+7 (900) 20-25-750,UNVERIFIED,UNVERIFIED,UNVERIFIED,https://sobor-uspenie.ru/projects-gumcentr,https://sobor-uspenie.ru/projects-gumcentr; https://sobor-uspenie.ru/page/page_007172?nocache=9uii; https://sobor-uspenie.ru/news/page_007171,UNVERIFIED,UNVERIFIED,UNVERIFIED,UNVERIFIED,RESTRICTIONS,UNVERIFIED,UNVERIFIED,UNVERIFIED,UNVERIFIED,UNVERIFIED,UNVERIFIED,UNVERIFIED,UNVERIFIED,UNVERIFIED,Гуманитарный центр принимает подопечных для бесплатной выдачи сезонной одежды и других предметов первой необходимости. Примечание: Приём социальных категорий строго по предварительной записи. Обновлённый режим подтверждён на сайте собора.,"Малоимущие, многодетные и неполные семьи, пенсионеры, люди с инвалидностью, беженцы",UNVERIFIED,UNVERIFIED,UNVERIFIED,YES,UNVERIFIED,Бесплатно,"Пн, чт, пт 10:00–16:00; вс 13:30–15:00; перерыв 12:00–14:05",UNVERIFIED,UNVERIFIED,UNVERIFIED,2026-09-25,VERIFIED_CURRENT_PRIMARY,UNVERIFIED,UNVERIFIED,UNVERIFIED,UNVERIFIED,UNVERIFIED,UNVERIFIED,UNVERIFIED,UNVERIFIED,OPEN,200,https://sobor-uspenie.ru/projects-gumcentr,LOOSE_REVIEW,LOOSE_REVIEW,https://sobor-uspenie.ru/projects-gumcentr,YES,CURRENT_LOCATION_AND_SERVICE_REPORTED,UNVERIFIED_NO_LIVE_CHECK,UNVERIFIED,"Web sources cannot confirm a place, supplies, admission, or walk-in access today; contact the point before travel.",2026-09-26
Свердловская область,Екатеринбург,Вознесенское архиерейское подворье — питание нуждающихся,,пункт бесплатного питания,UNVERIFIED,"Екатеринбург, ул. Клары Цеткин, 11",UNVERIFIED,UNVERIFIED,UNVERIFIED,UNVERIFIED,https://soee.ru/news/item_02630,https://soee.ru/news/item_02630; https://soee.ru/database-prihod-projects,YES,UNVERIFIED,UNVERIFIED,UNVERIFIED,UNVERIFIED,UNVERIFIED,UNVERIFIED,UNVERIFIED,UNVERIFIED,UNVERIFIED,UNVERIFIED,UNVERIFIED,UNVERIFIED,UNVERIFIED,Официальный список Екатеринбургской епархии указывает питание нуждающихся на благотворительной основе по этому адресу. Примечание: Недатированный официальный перечень епархии; актуальность работы точки в 2026 году отдельно не подтверждена.,UNVERIFIED,UNVERIFIED,UNVERIFIED,UNVERIFIED,UNVERIFIED,UNVERIFIED,Благотворительное питание для нуждающихся,UNVERIFIED,UNVERIFIED,UNVERIFIED,UNVERIFIED,2026-09-25,PARTIAL_OLD_SOURCE,UNVERIFIED,UNVERIFIED,UNVERIFIED,UNVERIFIED,UNVERIFIED,UNVERIFIED,UNVERIFIED,UNVERIFIED,OPEN,200,https://soee.ru/news/item_02630,EXACT_NORMALIZED,EXACT_NORMALIZED,https://soee.ru/news/item_02630,YES,OLD_SOURCE_ONLY,UNVERIFIED_NO_LIVE_CHECK,UNVERIFIED,"Web sources cannot confirm a place, supplies, admission, or walk-in access today; contact the point before travel.",2026-09-26
Свердловская область,Екатеринбург,Трапезная храма Преображения Господня,,пункт бесплатного питания,религиозная,"Екатеринбург, ул. Походная, 2",UNVERIFIED,UNVERIFIED,UNVERIFIED,UNVERIFIED,https://soee.ru/news/item_02630,https://soee.ru/news/item_02630; https://soee.ru/database-prihod-projects,YES,UNVERIFIED,UNVERIFIED,UNVERIFIED,UNVERIFIED,UNVERIFIED,UNVERIFIED,UNVERIFIED,UNVERIFIED,UNVERIFIED,UNVERIFIED,UNVERIFIED,UNVERIFIED,UNVERIFIED,Официальный список Екатеринбургской епархии указывает питание нуждающихся на благотворительной основе по этому адресу. Примечание: Недатированный официальный перечень епархии; актуальность работы точки в 2026 году отдельно не подтверждена.,UNVERIFIED,UNVERIFIED,UNVERIFIED,UNVERIFIED,UNVERIFIED,UNVERIFIED,Благотворительное питание для нуждающихся,UNVERIFIED,UNVERIFIED,UNVERIFIED,UNVERIFIED,2026-09-25,PARTIAL_OLD_SOURCE,UNVERIFIED,UNVERIFIED,UNVERIFIED,UNVERIFIED,UNVERIFIED,UNVERIFIED,UNVERIFIED,UNVERIFIED,OPEN,200,https://soee.ru/news/item_02630,EXACT_NORMALIZED,EXACT_NORMALIZED,https://soee.ru/news/item_02630,YES,OLD_SOURCE_ONLY,UNVERIFIED_NO_LIVE_CHECK,UNVERIFIED,"Web sources cannot confirm a place, supplies, admission, or walk-in access today; contact the point before travel.",2026-09-26
Свердловская область,Екатеринбург,Пункт вещевой помощи при храме Ксении Петербургской,,пункт выдачи вещей,религиозная,"Екатеринбург, ул. Шефская, 2Б, к. 2",+7 (908) 928-74-12,UNVERIFIED,UNVERIFIED,UNVERIFIED,https://sdat-veschi.ru/,https://sdat-veschi.ru/,UNVERIFIED,UNVERIFIED,UNVERIFIED,UNVERIFIED,RESTRICTIONS,UNVERIFIED,UNVERIFIED,UNVERIFIED,UNVERIFIED,UNVERIFIED,UNVERIFIED,UNVERIFIED,UNVERIFIED,UNVERIFIED,"Сайт центра гуманитарной помощи отдельно подтверждает выдачу вещей по адресу на ул. Шефской. Примечание: Запись и все вопросы по указанному телефону; выдача вещей по четвергам, субботам и воскресеньям.",UNVERIFIED,UNVERIFIED,UNVERIFIED,UNVERIFIED,YES,UNVERIFIED,Бесплатно,"Чт, сб, вс 10:00–15:00",UNVERIFIED,UNVERIFIED,UNVERIFIED,2026-09-25,VERIFIED_CURRENT_PRIMARY,UNVERIFIED,UNVERIFIED,UNVERIFIED,UNVERIFIED,UNVERIFIED,UNVERIFIED,UNVERIFIED,UNVERIFIED,OPEN,200,https://sdat-veschi.ru/,LOOSE_REVIEW,LOOSE_REVIEW,https://sdat-veschi.ru/,YES,CURRENT_LOCATION_AND_SERVICE_REPORTED,UNVERIFIED_NO_LIVE_CHECK,UNVERIFIED,"Web sources cannot confirm a place, supplies, admission, or walk-in access today; contact the point before travel.",2026-09-26
Свердловская область,Красноуфимск,Благотворительная столовая при Свято-Троицком соборе,,пункт бесплатного питания,религиозная,"Красноуфимск, ул. Куйбышева, 5",UNVERIFIED,UNVERIFIED,UNVERIFIED,UNVERIFIED,https://soee.ru/news/item_02630,https://soee.ru/news/item_02630; https://soee.ru/database-prihod-projects,YES,UNVERIFIED,UNVERIFIED,UNVERIFIED,UNVERIFIED,UNVERIFIED,UNVERIFIED,UNVERIFIED,UNVERIFIED,UNVERIFIED,UNVERIFIED,UNVERIFIED,UNVERIFIED,UNVERIFIED,Официальный список Екатеринбургской епархии указывает питание нуждающихся на благотворительной основе по этому адресу. Примечание: Недатированный официальный перечень епархии; актуальность работы точки в 2026 году отдельно не подтверждена.,UNVERIFIED,UNVERIFIED,UNVERIFIED,UNVERIFIED,UNVERIFIED,UNVERIFIED,Благотворительное питание для нуждающихся,UNVERIFIED,UNVERIFIED,UNVERIFIED,UNVERIFIED,2026-09-25,PARTIAL_OLD_SOURCE,UNVERIFIED,UNVERIFIED,UNVERIFIED,UNVERIFIED,UNVERIFIED,UNVERIFIED,UNVERIFIED,UNVERIFIED,OPEN,200,https://soee.ru/news/item_02630,EXACT_NORMALIZED,EXACT_NORMALIZED,https://soee.ru/news/item_02630,YES,OLD_SOURCE_ONLY,UNVERIFIED_NO_LIVE_CHECK,UNVERIFIED,"Web sources cannot confirm a place, supplies, admission, or walk-in access today; contact the point before travel.",2026-09-26
Свердловская область,Михайловск,Трапезная храма Архистратига Михаила,,пункт бесплатного питания,религиозная,"Михайловск, пер. Малый, 26",UNVERIFIED,UNVERIFIED,UNVERIFIED,UNVERIFIED,https://soee.ru/news/item_02630,https://soee.ru/news/item_02630; https://soee.ru/database-prihod-projects,YES,UNVERIFIED,UNVERIFIED,UNVERIFIED,UNVERIFIED,UNVERIFIED,UNVERIFIED,UNVERIFIED,UNVERIFIED,UNVERIFIED,UNVERIFIED,UNVERIFIED,UNVERIFIED,UNVERIFIED,Официальный список Екатеринбургской епархии указывает питание нуждающихся на благотворительной основе по этому адресу. Примечание: Недатированный официальный перечень епархии; актуальность работы точки в 2026 году отдельно не подтверждена.,UNVERIFIED,UNVERIFIED,UNVERIFIED,UNVERIFIED,UNVERIFIED,UNVERIFIED,Благотворительное питание для нуждающихся,UNVERIFIED,UNVERIFIED,UNVERIFIED,UNVERIFIED,2026-09-25,PARTIAL_OLD_SOURCE,UNVERIFIED,UNVERIFIED,UNVERIFIED,UNVERIFIED,UNVERIFIED,UNVERIFIED,UNVERIFIED,UNVERIFIED,OPEN,200,https://soee.ru/news/item_02630,EXACT_NORMALIZED,EXACT_NORMALIZED,https://soee.ru/news/item_02630,YES,OLD_SOURCE_ONLY,UNVERIFIED_NO_LIVE_CHECK,UNVERIFIED,"Web sources cannot confirm a place, supplies, admission, or walk-in access today; contact the point before travel.",2026-09-26
Свердловская область,Михайловск,Трапезная Вознесенского собора,,пункт бесплатного питания,религиозная,"Михайловск, ул. Кирова, 12",UNVERIFIED,UNVERIFIED,UNVERIFIED,UNVERIFIED,https://soee.ru/news/item_02630,https://soee.ru/news/item_02630; https://soee.ru/database-prihod-projects,YES,UNVERIFIED,UNVERIFIED,UNVERIFIED,UNVERIFIED,UNVERIFIED,UNVERIFIED,UNVERIFIED,UNVERIFIED,UNVERIFIED,UNVERIFIED,UNVERIFIED,UNVERIFIED,UNVERIFIED,Официальный список Екатеринбургской епархии указывает питание нуждающихся на благотворительной основе по этому адресу. Примечание: Недатированный официальный перечень епархии; актуальность работы точки в 2026 году отдельно не подтверждена.,UNVERIFIED,UNVERIFIED,UNVERIFIED,UNVERIFIED,UNVERIFIED,UNVERIFIED,Благотворительное питание для нуждающихся,UNVERIFIED,UNVERIFIED,UNVERIFIED,UNVERIFIED,2026-09-25,PARTIAL_OLD_SOURCE,UNVERIFIED,UNVERIFIED,UNVERIFIED,UNVERIFIED,UNVERIFIED,UNVERIFIED,UNVERIFIED,UNVERIFIED,OPEN,200,https://soee.ru/news/item_02630,EXACT_NORMALIZED,EXACT_NORMALIZED,https://soee.ru/news/item_02630,YES,OLD_SOURCE_ONLY,UNVERIFIED_NO_LIVE_CHECK,UNVERIFIED,"Web sources cannot confirm a place, supplies, admission, or walk-in access today; contact the point before travel.",2026-09-26
Свердловская область,Нижние Серги,Трапезная храма Иоанна Предтечи,,пункт бесплатного питания,религиозная,"Нижние Серги, ул. Победы, 79",UNVERIFIED,UNVERIFIED,UNVERIFIED,UNVERIFIED,https://soee.ru/news/item_02630,https://soee.ru/news/item_02630; https://soee.ru/database-prihod-projects,YES,UNVERIFIED,UNVERIFIED,UNVERIFIED,UNVERIFIED,UNVERIFIED,UNVERIFIED,UNVERIFIED,UNVERIFIED,UNVERIFIED,UNVERIFIED,UNVERIFIED,UNVERIFIED,UNVERIFIED,Официальный список Екатеринбургской епархии указывает питание нуждающихся на благотворительной основе по этому адресу. Примечание: Недатированный официальный перечень епархии; актуальность работы точки в 2026 году отдельно не подтверждена.,UNVERIFIED,UNVERIFIED,UNVERIFIED,UNVERIFIED,UNVERIFIED,UNVERIFIED,Благотворительное питание для нуждающихся,UNVERIFIED,UNVERIFIED,UNVERIFIED,UNVERIFIED,2026-09-25,PARTIAL_OLD_SOURCE,UNVERIFIED,UNVERIFIED,UNVERIFIED,UNVERIFIED,UNVERIFIED,UNVERIFIED,UNVERIFIED,UNVERIFIED,OPEN,200,https://soee.ru/news/item_02630,EXACT_NORMALIZED,EXACT_NORMALIZED,https://soee.ru/news/item_02630,YES,OLD_SOURCE_ONLY,UNVERIFIED_NO_LIVE_CHECK,UNVERIFIED,"Web sources cannot confirm a place, supplies, admission, or walk-in access today; contact the point before travel.",2026-09-26
Свердловская область,Нижние Серги,Трапезная храма Воздвижения Креста Господня,,пункт бесплатного питания,религиозная,"Нижние Серги, ул. Титова, 24",UNVERIFIED,UNVERIFIED,UNVERIFIED,UNVERIFIED,https://soee.ru/news/item_02630,https://soee.ru/news/item_02630; https://soee.ru/database-prihod-projects,YES,UNVERIFIED,UNVERIFIED,UNVERIFIED,UNVERIFIED,UNVERIFIED,UNVERIFIED,UNVERIFIED,UNVERIFIED,UNVERIFIED,UNVERIFIED,UNVERIFIED,UNVERIFIED,UNVERIFIED,Официальный список Екатеринбургской епархии указывает питание нуждающихся на благотворительной основе по этому адресу. Примечание: Недатированный официальный перечень епархии; актуальность работы точки в 2026 году отдельно не подтверждена.,UNVERIFIED,UNVERIFIED,UNVERIFIED,UNVERIFIED,UNVERIFIED,UNVERIFIED,Благотворительное питание для нуждающихся,UNVERIFIED,UNVERIFIED,UNVERIFIED,UNVERIFIED,2026-09-25,PARTIAL_OLD_SOURCE,UNVERIFIED,UNVERIFIED,UNVERIFIED,UNVERIFIED,UNVERIFIED,UNVERIFIED,UNVERIFIED,UNVERIFIED,OPEN,200,https://soee.ru/news/item_02630,EXACT_NORMALIZED,EXACT_NORMALIZED,https://soee.ru/news/item_02630,YES,OLD_SOURCE_ONLY,UNVERIFIED_NO_LIVE_CHECK,UNVERIFIED,"Web sources cannot confirm a place, supplies, admission, or walk-in access today; contact the point before travel.",2026-09-26
Свердловская область,Первоуральск,Центр гуманитарной помощи при храме святых апостолов Петра и Павла,Центр гуманитарной помощи,религиозный гуманитарный центр,религиозная,"ул. Орджоникидзе, 1",+7 (904) 545-68-23,UNVERIFIED,UNVERIFIED,https://ekaterinburg-eparhia.ru/,https://ekaterinburg-eparhia.ru/news/2024/11/12/156174/,https://ekaterinburg-eparhia.ru/news/2024/11/12/156174/; https://soee.ru/objects/item_02699/gum-tsentrpdf.pdf,UNVERIFIED,RESTRICTIONS,UNVERIFIED,UNVERIFIED,RESTRICTIONS,UNVERIFIED,UNVERIFIED,UNVERIFIED,RESTRICTIONS,UNVERIFIED,UNVERIFIED,UNVERIFIED,UNVERIFIED,RESTRICTIONS,"В центре по этому адресу выдают нуждающимся продукты, одежду, средства гигиены и вещи первой необходимости. Обратиться можно после предварительной записи по телефону.","люди в трудной жизненной ситуации, включая малоимущие семьи, пожилых и бездомных",UNVERIFIED,UNVERIFIED,UNVERIFIED,YES,UNVERIFIED,благотворительная выдача; денежная плата не указана,"пн, ср, пт 10:00–18:00; вс 11:00–15:00",UNVERIFIED,UNVERIFIED,UNVERIFIED,2026-09-25,PARTIAL_CURRENT,UNVERIFIED,UNVERIFIED,UNVERIFIED,UNVERIFIED,UNVERIFIED,UNVERIFIED,UNVERIFIED,UNVERIFIED,OPEN,200,https://ekaterinburg-eparhia.ru/news/2024/11/12/156174/,EXACT_NORMALIZED,EXACT_NORMALIZED,https://ekaterinburg-eparhia.ru/news/2024/11/12/156174/,YES,PARTIAL_CURRENT_REPORT,UNVERIFIED_NO_LIVE_CHECK,UNVERIFIED,"Web sources cannot confirm a place, supplies, admission, or walk-in access today; contact the point before travel.",2026-09-26
Свердловская область,Первоуральск,Общественное движение «Город Первых»,Площадка «ФриМаркет»,бесплатный вещевой пункт,НКО,"ул. Трубников, 46А",+7 (953) 600-15-15,UNVERIFIED,UNVERIFIED,UNVERIFIED,https://soee.ru/objects/item_02699/gum-tsentrpdf.pdf,https://soee.ru/objects/item_02699/gum-tsentrpdf.pdf; https://pervomedia.ru/post/eto-ekologichno-eto-pravilno-27176; https://prvadm.ru/socsfera/podderzhka-nko-1/reestr-svobodnyh-pomeshhenij/,UNVERIFIED,UNVERIFIED,UNVERIFIED,UNVERIFIED,YES,UNVERIFIED,UNVERIFIED,UNVERIFIED,UNVERIFIED,UNVERIFIED,UNVERIFIED,UNVERIFIED,UNVERIFIED,UNVERIFIED,"Официальный епархиальный перечень указывает адрес и выдачу вещей на площадке «ФриМаркет»; публикация июля 2026 подтверждает, что люди бесплатно забирают вещи на действующей площадке.","все желающие, особенно нуждающиеся",UNVERIFIED,UNVERIFIED,UNVERIFIED,UNVERIFIED,UNVERIFIED,бесплатно,суббота 11:00–15:00 по перечню епархии,UNVERIFIED,UNVERIFIED,UNVERIFIED,2026-09-25,CURRENT_OPERATION_CONFIRMED_SERVICES_OLDER,UNVERIFIED,UNVERIFIED,UNVERIFIED,UNVERIFIED,UNVERIFIED,UNVERIFIED,UNVERIFIED,UNVERIFIED,OPEN,200,https://soee.ru/objects/item_02699/gum-tsentrpdf.pdf,UNTESTED,EXACT_NORMALIZED,https://prvadm.ru/socsfera/podderzhka-nko-1/reestr-svobodnyh-pomeshhenij/,YES,CURRENT_OPERATION_SERVICE_DETAILS_OLDER,UNVERIFIED_NO_LIVE_CHECK,UNVERIFIED,"Web sources cannot confirm a place, supplies, admission, or walk-in access today; contact the point before travel.",2026-09-26
Свердловская область,Полевской,Трапезная храма Петра и Павла,,пункт бесплатного питания,религиозная,"Полевской, ул. Кологойды, 3",UNVERIFIED,UNVERIFIED,UNVERIFIED,UNVERIFIED,https://soee.ru/news/item_02630,https://soee.ru/news/item_02630; https://soee.ru/database-prihod-projects,RESTRICTIONS,YES,UNVERIFIED,UNVERIFIED,UNVERIFIED,UNVERIFIED,UNVERIFIED,UNVERIFIED,UNVERIFIED,UNVERIFIED,UNVERIFIED,UNVERIFIED,UNVERIFIED,UNVERIFIED,"Официальный перечень: нуждающимся выдают продукты, по большим праздникам кормят всех желающих. Примечание: Недатированный официальный перечень епархии; актуальность работы точки в 2026 году отдельно не подтверждена.",UNVERIFIED,UNVERIFIED,UNVERIFIED,UNVERIFIED,UNVERIFIED,UNVERIFIED,Благотворительное питание для нуждающихся,UNVERIFIED,UNVERIFIED,UNVERIFIED,UNVERIFIED,2026-09-25,PARTIAL_OLD_SOURCE,UNVERIFIED,UNVERIFIED,UNVERIFIED,UNVERIFIED,UNVERIFIED,UNVERIFIED,UNVERIFIED,UNVERIFIED,OPEN,200,https://soee.ru/news/item_02630,EXACT_NORMALIZED,EXACT_NORMALIZED,https://soee.ru/news/item_02630,YES,OLD_SOURCE_ONLY,UNVERIFIED_NO_LIVE_CHECK,UNVERIFIED,"Web sources cannot confirm a place, supplies, admission, or walk-in access today; contact the point before travel.",2026-09-26
Свердловская область,Ревда,ГАУСО «КЦСОН г. Ревды» — бесплатное питание,,пункт бесплатного питания,государственная,"Ревда, ул. Комсомольская, 55",UNVERIFIED,UNVERIFIED,UNVERIFIED,UNVERIFIED,https://soee.ru/news/item_02630,https://soee.ru/news/item_02630; https://soee.ru/database-prihod-projects,YES,UNVERIFIED,UNVERIFIED,UNVERIFIED,UNVERIFIED,UNVERIFIED,UNVERIFIED,UNVERIFIED,UNVERIFIED,UNVERIFIED,UNVERIFIED,UNVERIFIED,UNVERIFIED,UNVERIFIED,Официальный перечень епархии: в КЦСОН г. Ревды кормят нуждающихся по вторникам. Примечание: Недатированный официальный перечень епархии; актуальность работы точки в 2026 году отдельно не подтверждена.,UNVERIFIED,UNVERIFIED,UNVERIFIED,UNVERIFIED,UNVERIFIED,UNVERIFIED,Благотворительное питание для нуждающихся,UNVERIFIED,UNVERIFIED,UNVERIFIED,UNVERIFIED,2026-09-25,PARTIAL_OLD_SOURCE,UNVERIFIED,UNVERIFIED,UNVERIFIED,UNVERIFIED,UNVERIFIED,UNVERIFIED,UNVERIFIED,UNVERIFIED,OPEN,200,https://soee.ru/news/item_02630,EXACT_NORMALIZED,EXACT_NORMALIZED,https://soee.ru/news/item_02630,YES,OLD_SOURCE_ONLY,UNVERIFIED_NO_LIVE_CHECK,UNVERIFIED,"Web sources cannot confirm a place, supplies, admission, or walk-in access today; contact the point before travel.",2026-09-26
Свердловская область,Шаля,Трапезная храма Андрея Первозванного,,пункт бесплатного питания,религиозная,"Шаля, ул. Калинина, 93",UNVERIFIED,UNVERIFIED,UNVERIFIED,UNVERIFIED,https://soee.ru/news/item_02630,https://soee.ru/news/item_02630; https://soee.ru/database-prihod-projects,YES,YES,UNVERIFIED,UNVERIFIED,UNVERIFIED,UNVERIFIED,UNVERIFIED,UNVERIFIED,UNVERIFIED,UNVERIFIED,UNVERIFIED,UNVERIFIED,UNVERIFIED,UNVERIFIED,Официальный перечень: кормят нуждающихся и выдают сухой паёк. Примечание: Недатированный официальный перечень епархии; актуальность работы точки в 2026 году отдельно не подтверждена.,UNVERIFIED,UNVERIFIED,UNVERIFIED,UNVERIFIED,UNVERIFIED,UNVERIFIED,Благотворительное питание для нуждающихся,UNVERIFIED,UNVERIFIED,UNVERIFIED,UNVERIFIED,2026-09-25,PARTIAL_OLD_SOURCE,UNVERIFIED,UNVERIFIED,UNVERIFIED,UNVERIFIED,UNVERIFIED,UNVERIFIED,UNVERIFIED,UNVERIFIED,OPEN,200,https://soee.ru/news/item_02630,EXACT_NORMALIZED,EXACT_NORMALIZED,https://soee.ru/news/item_02630,YES,OLD_SOURCE_ONLY,UNVERIFIED_NO_LIVE_CHECK,UNVERIFIED,"Web sources cannot confirm a place, supplies, admission, or walk-in access today; contact the point before travel.",2026-09-26
Свердловская область,посёлок Уфимский,Трапезная храма Георгия Победоносца,,пункт бесплатного питания,религиозная,"посёлок Уфимский, ул. Терешковой, 1А",UNVERIFIED,UNVERIFIED,UNVERIFIED,UNVERIFIED,https://soee.ru/news/item_02630,https://soee.ru/news/item_02630; https://soee.ru/database-prihod-projects,YES,UNVERIFIED,UNVERIFIED,UNVERIFIED,UNVERIFIED,UNVERIFIED,UNVERIFIED,UNVERIFIED,UNVERIFIED,UNVERIFIED,UNVERIFIED,UNVERIFIED,UNVERIFIED,UNVERIFIED,Официальный список Екатеринбургской епархии указывает питание нуждающихся на благотворительной основе по этому адресу. Примечание: Недатированный официальный перечень епархии; актуальность работы точки в 2026 году отдельно не подтверждена.,UNVERIFIED,UNVERIFIED,UNVERIFIED,UNVERIFIED,UNVERIFIED,UNVERIFIED,Благотворительное питание для нуждающихся,UNVERIFIED,UNVERIFIED,UNVERIFIED,UNVERIFIED,2026-09-25,PARTIAL_OLD_SOURCE,UNVERIFIED,UNVERIFIED,UNVERIFIED,UNVERIFIED,UNVERIFIED,UNVERIFIED,UNVERIFIED,UNVERIFIED,OPEN,200,https://soee.ru/news/item_02630,NOT_IN_PRIMARY_TEXT,NOT_IN_PRIMARY_TEXT,https://soee.ru/news/item_02630,YES,OLD_SOURCE_ONLY,UNVERIFIED_NO_LIVE_CHECK,UNVERIFIED,"Web sources cannot confirm a place, supplies, admission, or walk-in access today; contact the point before travel.",2026-09-26
Свердловская область,село Афанасьевское,Трапезная храма Афанасия и Кирилла Александрийских,,пункт бесплатного питания,религиозная,"село Афанасьевское, ул. Уральская, 68",UNVERIFIED,UNVERIFIED,UNVERIFIED,UNVERIFIED,https://soee.ru/news/item_02630,https://soee.ru/news/item_02630; https://soee.ru/database-prihod-projects,YES,UNVERIFIED,UNVERIFIED,UNVERIFIED,UNVERIFIED,UNVERIFIED,UNVERIFIED,UNVERIFIED,UNVERIFIED,UNVERIFIED,UNVERIFIED,UNVERIFIED,UNVERIFIED,UNVERIFIED,Официальный список Екатеринбургской епархии указывает питание нуждающихся на благотворительной основе по этому адресу. Примечание: Недатированный официальный перечень епархии; актуальность работы точки в 2026 году отдельно не подтверждена.,UNVERIFIED,UNVERIFIED,UNVERIFIED,UNVERIFIED,UNVERIFIED,UNVERIFIED,Благотворительное питание для нуждающихся,UNVERIFIED,UNVERIFIED,UNVERIFIED,UNVERIFIED,2026-09-25,PARTIAL_OLD_SOURCE,UNVERIFIED,UNVERIFIED,UNVERIFIED,UNVERIFIED,UNVERIFIED,UNVERIFIED,UNVERIFIED,UNVERIFIED,OPEN,200,https://soee.ru/news/item_02630,NOT_IN_PRIMARY_TEXT,NOT_IN_PRIMARY_TEXT,https://soee.ru/news/item_02630,YES,OLD_SOURCE_ONLY,UNVERIFIED_NO_LIVE_CHECK,UNVERIFIED,"Web sources cannot confirm a place, supplies, admission, or walk-in access today; contact the point before travel.",2026-09-26
Свердловская область,село Кленовское,Трапезная храма Святителя Николая,,пункт бесплатного питания,религиозная,"село Кленовское, ул. Ленина, 81",UNVERIFIED,UNVERIFIED,UNVERIFIED,UNVERIFIED,https://soee.ru/news/item_02630,https://soee.ru/news/item_02630; https://soee.ru/database-prihod-projects,YES,UNVERIFIED,UNVERIFIED,UNVERIFIED,UNVERIFIED,UNVERIFIED,UNVERIFIED,UNVERIFIED,UNVERIFIED,UNVERIFIED,UNVERIFIED,UNVERIFIED,UNVERIFIED,UNVERIFIED,Официальный список Екатеринбургской епархии указывает питание нуждающихся на благотворительной основе по этому адресу. Примечание: Недатированный официальный перечень епархии; актуальность работы точки в 2026 году отдельно не подтверждена.,UNVERIFIED,UNVERIFIED,UNVERIFIED,UNVERIFIED,UNVERIFIED,UNVERIFIED,Благотворительное питание для нуждающихся,UNVERIFIED,UNVERIFIED,UNVERIFIED,UNVERIFIED,2026-09-25,PARTIAL_OLD_SOURCE,UNVERIFIED,UNVERIFIED,UNVERIFIED,UNVERIFIED,UNVERIFIED,UNVERIFIED,UNVERIFIED,UNVERIFIED,OPEN,200,https://soee.ru/news/item_02630,NOT_IN_PRIMARY_TEXT,NOT_IN_PRIMARY_TEXT,https://soee.ru/news/item_02630,YES,OLD_SOURCE_ONLY,UNVERIFIED_NO_LIVE_CHECK,UNVERIFIED,"Web sources cannot confirm a place, supplies, admission, or walk-in access today; contact the point before travel.",2026-09-26
Севастополь,Севастополь,Крымская митрополия,Пункт бесплатных обедов у кинотеатра «Россия»,пункт бесплатного питания,религиозная организация,"пл. 50-летия СССР, 9, у кинотеатра «Россия»",+7 (978) 725-73-88,UNVERIFIED,UNVERIFIED,https://crimea-eparhia.ru/,https://crimea-eparhia.ru/179678.html,https://crimea-eparhia.ru/179678.html; https://www.kinoafisha.info/russia/sevastopol/cinema/8327207/,YES,UNVERIFIED,UNVERIFIED,UNVERIFIED,UNVERIFIED,UNVERIFIED,UNVERIFIED,UNVERIFIED,UNVERIFIED,UNVERIFIED,UNVERIFIED,UNVERIFIED,UNVERIFIED,UNVERIFIED,Регулярная бесплатная раздача обедов людям в трудной жизненной ситуации; место и время указаны Крымской митрополией.,люди в трудной жизненной ситуации,UNVERIFIED,UNVERIFIED,UNVERIFIED,UNVERIFIED,UNVERIFIED,бесплатно,Ср 10:00,Ср 10:00,UNVERIFIED,UNVERIFIED,2026-09-25,VERIFIED_CURRENT_PRIMARY_ADDRESS_CROSSCHECKED,UNVERIFIED,UNVERIFIED,UNVERIFIED,UNVERIFIED,UNVERIFIED,UNVERIFIED,UNVERIFIED,UNVERIFIED,OPEN,200,https://crimea-eparhia.ru/179678.html,LOOSE_REVIEW,LOOSE_REVIEW,https://crimea-eparhia.ru/179678.html,YES,CURRENT_LOCATION_AND_SERVICE_REPORTED,UNVERIFIED_NO_LIVE_CHECK,UNVERIFIED,"Web sources cannot confirm a place, supplies, admission, or walk-in access today; contact the point before travel.",2026-09-26
Севастополь,Севастополь,Крымская митрополия,Пункт бесплатных обедов при храме святителя Николая,пункт бесплатного питания,религиозная организация,"пл. Свято-Никольская, 1, храм святителя Николая в Камышовой бухте",+7 (978) 077-44-11,UNVERIFIED,UNVERIFIED,https://crimea-eparhia.ru/,https://crimea-eparhia.ru/179678.html,https://crimea-eparhia.ru/179678.html; https://crimea-eparhia.ru/161551.html,YES,UNVERIFIED,UNVERIFIED,UNVERIFIED,UNVERIFIED,UNVERIFIED,UNVERIFIED,UNVERIFIED,UNVERIFIED,UNVERIFIED,UNVERIFIED,UNVERIFIED,UNVERIFIED,UNVERIFIED,Регулярная бесплатная раздача обедов людям в трудной жизненной ситуации; место и время указаны Крымской митрополией.,люди в трудной жизненной ситуации,UNVERIFIED,UNVERIFIED,UNVERIFIED,UNVERIFIED,UNVERIFIED,бесплатно,Пт 11:00,Пт 11:00,UNVERIFIED,UNVERIFIED,2026-09-25,VERIFIED_CURRENT_PRIMARY_ADDRESS_CROSSCHECKED,UNVERIFIED,UNVERIFIED,UNVERIFIED,UNVERIFIED,UNVERIFIED,UNVERIFIED,UNVERIFIED,UNVERIFIED,OPEN,200,https://crimea-eparhia.ru/179678.html,NOT_IN_PRIMARY_TEXT,LOOSE_REVIEW,https://crimea-eparhia.ru/161551.html,YES,CURRENT_LOCATION_AND_SERVICE_REPORTED,UNVERIFIED_NO_LIVE_CHECK,UNVERIFIED,"Web sources cannot confirm a place, supplies, admission, or walk-in access today; contact the point before travel.",2026-09-26
Севастополь,Севастополь,Крымская митрополия,Пункт бесплатных обедов у рынка «Славянский базар»,пункт бесплатного питания,религиозная организация,"ул. Павла Силаева, 8, рынок «Славянский базар»",+7 (978) 725-73-88,UNVERIFIED,UNVERIFIED,https://crimea-eparhia.ru/,https://crimea-eparhia.ru/179678.html,https://crimea-eparhia.ru/179678.html; https://tea-coffee-plus.ru/about_us/,YES,UNVERIFIED,UNVERIFIED,UNVERIFIED,UNVERIFIED,UNVERIFIED,UNVERIFIED,UNVERIFIED,UNVERIFIED,UNVERIFIED,UNVERIFIED,UNVERIFIED,UNVERIFIED,UNVERIFIED,Регулярная бесплатная раздача обедов людям в трудной жизненной ситуации; место и время указаны Крымской митрополией.,люди в трудной жизненной ситуации,UNVERIFIED,UNVERIFIED,UNVERIFIED,UNVERIFIED,UNVERIFIED,бесплатно,Пт 11:00,Пт 11:00,UNVERIFIED,UNVERIFIED,2026-09-25,VERIFIED_CURRENT_PRIMARY_ADDRESS_CROSSCHECKED,UNVERIFIED,UNVERIFIED,UNVERIFIED,UNVERIFIED,UNVERIFIED,UNVERIFIED,UNVERIFIED,UNVERIFIED,OPEN,200,https://crimea-eparhia.ru/179678.html,NOT_IN_PRIMARY_TEXT,LOOSE_REVIEW,https://tea-coffee-plus.ru/about_us/,YES,CURRENT_LOCATION_AND_SERVICE_REPORTED,UNVERIFIED_NO_LIVE_CHECK,UNVERIFIED,"Web sources cannot confirm a place, supplies, admission, or walk-in access today; contact the point before travel.",2026-09-26
Смоленская область,Смоленск,ОГБУ «Смоленский комплексный центр социального обслуживания населения»,Отделение срочного социального обслуживания,отделение срочной социальной помощи,государственная,"ул. Пригородная, 4, каб. 5",+7 (4812) 22-12-46,UNVERIFIED,smolenskiiktsson@ya.ru,https://smolcso.ru/,https://smolcso.ru/parts/otdelenie_srochnogo_socialnogo_obsluzhivaniya,https://smolcso.ru/parts/otdelenie_srochnogo_socialnogo_obsluzhivaniya,RESTRICTIONS,RESTRICTIONS,UNVERIFIED,UNVERIFIED,RESTRICTIONS,RESTRICTIONS,UNVERIFIED,UNVERIFIED,UNVERIFIED,UNVERIFIED,UNVERIFIED,UNVERIFIED,UNVERIFIED,RESTRICTIONS,"Бесплатный горячий обед или продуктовый набор; сезонная одежда, обувь и предметы первой необходимости по талонам; срочная социальная помощь. Примечание: Адрес отделения и конкретные услуги на одной действующей странице учреждения; талоны выдаёт поставщик соцуслуг.","Нуждающиеся жители Смоленска, Смоленского и Краснинского районов",UNVERIFIED,UNVERIFIED,UNVERIFIED,UNVERIFIED,UNVERIFIED,"Горячее питание или продуктовый набор бесплатно для признанных получателей; еда не чаще 1 раза в год, обед до 5 дней; одежда и обувь 1 раз в год, их стоимость отдельно не указана.",Пн–Пт 09:00–18:00; перерыв 13:00–14:00,UNVERIFIED,UNVERIFIED,UNVERIFIED,2026-09-25,VERIFIED_CURRENT_PRIMARY,UNVERIFIED,UNVERIFIED,UNVERIFIED,UNVERIFIED,UNVERIFIED,UNVERIFIED,UNVERIFIED,UNVERIFIED,OPEN,200,https://smolcso.ru/parts/otdelenie_srochnogo_socialnogo_obsluzhivaniya,LOOSE_REVIEW,LOOSE_REVIEW,https://smolcso.ru/parts/otdelenie_srochnogo_socialnogo_obsluzhivaniya,YES,CURRENT_LOCATION_AND_SERVICE_REPORTED,UNVERIFIED_NO_LIVE_CHECK,UNVERIFIED,"Web sources cannot confirm a place, supplies, admission, or walk-in access today; contact the point before travel.",2026-09-26
Ставропольский край,Александровское,ГБУСО «Александровский комплексный центр социального обслуживания населения»,Отделение срочного социального обслуживания,отделение срочной социальной помощи,государственное,"ул. Московская, 4",+7 (86557) 2-24-84,UNVERIFIED,cson01@minsoc26.ru,https://xn----7sbaijeyieddc3ahig0aogf8h.xn--p1ai/,https://xn----7sbaijeyieddc3ahig0aogf8h.xn--p1ai/?p=15425,https://xn----7sbaijeyieddc3ahig0aogf8h.xn--p1ai/?p=15425; https://xn----7sbaijeyieddc3ahig0aogf8h.xn--p1ai/?p=26553,RESTRICTIONS,RESTRICTIONS,UNVERIFIED,UNVERIFIED,YES,YES,UNVERIFIED,UNVERIFIED,UNVERIFIED,UNVERIFIED,UNVERIFIED,UNVERIFIED,UNVERIFIED,YES,"Официальный отчёт центра за 2020 год сообщает 1384 фактически оказанные услуги бесплатного горячего питания или наборов продуктов и 273 услуги обеспечения одеждой, обувью и предметами первой необходимости. Центр и адрес дополнительно подтверждаются работающим официальным сайтом. Примечание: Статистика конкретных услуг относится к 2020 году; более новая страница подтверждает работу центра, но не повторяет объём натуральной помощи. Требуется телефонное уточнение.","Граждане, нуждающиеся в срочной социальной помощи",UNVERIFIED,UNVERIFIED,UNVERIFIED,UNVERIFIED,UNVERIFIED,Бесплатное горячее питание или продуктовые наборы; вещeвая помощь,UNVERIFIED,UNVERIFIED,UNVERIFIED,https://xn----7sbaijeyieddc3ahig0aogf8h.xn--p1ai/,2026-09-25,CURRENT_OPERATION_CONFIRMED_SERVICES_OLDER,UNVERIFIED,UNVERIFIED,UNVERIFIED,UNVERIFIED,UNVERIFIED,UNVERIFIED,UNVERIFIED,UNVERIFIED,OPEN,200,https://xn----7sbaijeyieddc3ahig0aogf8h.xn--p1ai/?p=15425,EXACT_NORMALIZED,EXACT_NORMALIZED,https://xn----7sbaijeyieddc3ahig0aogf8h.xn--p1ai/?p=15425,YES,CURRENT_OPERATION_SERVICE_DETAILS_OLDER,UNVERIFIED_NO_LIVE_CHECK,UNVERIFIED,"Web sources cannot confirm a place, supplies, admission, or walk-in access today; contact the point before travel.",2026-09-26
Ставропольский край,Будённовск,ГБУСО «Будённовский комплексный центр социального обслуживания населения»,Отделение срочного социального обслуживания,отделение срочной социальной помощи,государственное,"ул. Пушкинская, 113",+7 (86559) 7-19-12,+7 (86559) 7-17-19,cson05@minsoc26.ru,https://xn--90asjdo3a.xn--p1ai/,https://xn--90asjdo3a.xn--p1ai/o-tsentre/,https://xn--90asjdo3a.xn--p1ai/o-tsentre/,RESTRICTIONS,RESTRICTIONS,UNVERIFIED,UNVERIFIED,RESTRICTIONS,RESTRICTIONS,UNVERIFIED,UNVERIFIED,UNVERIFIED,UNVERIFIED,UNVERIFIED,UNVERIFIED,UNVERIFIED,YES,"Официальный сайт центра прямо перечисляет бесплатное горячее питание или продуктовые наборы, выдачу одежды, обуви и предметов первой необходимости как срочные услуги; приглашает обращаться по физическому адресу. Примечание: Еда указана альтернативно; конкретная форма и наличие вещей зависят от дня обращения.","Граждане в трудной жизненной ситуации, нуждающиеся в срочной социальной помощи",UNVERIFIED,UNVERIFIED,UNVERIFIED,UNVERIFIED,UNVERIFIED,Бесплатное горячее питание или продуктовые наборы; натуральная вещeвая помощь,"Пн–пт 08:00–17:00, перерыв 12:00–13:00",UNVERIFIED,UNVERIFIED,https://xn--90asjdo3a.xn--p1ai/o-tsentre/,2026-09-25,VERIFIED_CURRENT_PRIMARY,UNVERIFIED,UNVERIFIED,UNVERIFIED,UNVERIFIED,UNVERIFIED,UNVERIFIED,UNVERIFIED,UNVERIFIED,OPEN,200,https://xn--90asjdo3a.xn--p1ai/o-tsentre/,EXACT_NORMALIZED,EXACT_NORMALIZED,https://xn--90asjdo3a.xn--p1ai/o-tsentre/,YES,CURRENT_LOCATION_AND_SERVICE_REPORTED,UNVERIFIED_NO_LIVE_CHECK,UNVERIFIED,"Web sources cannot confirm a place, supplies, admission, or walk-in access today; contact the point before travel.",2026-09-26
Ставропольский край,Георгиевск,ГБУСО «Георгиевский центр социального обслуживания населения»,Отделение срочного социального обслуживания,отделение срочной социальной помощи,государственное,"ул. Гагарина, 76",+7 (87951) 2-34-81,+7 (87951) 5-16-53,UNVERIFIED,UNVERIFIED,https://georgievsk.ru/gazeta-georgievskaya-okruga/2019/%E2%84%9649_19-07-2019.pdf,https://georgievsk.ru/gazeta-georgievskaya-okruga/2019/%E2%84%9649_19-07-2019.pdf; https://georgievsk.ru/gazeta-georgievskaya-okruga/2025/%E2%84%966_14-02-2025.pdf,RESTRICTIONS,RESTRICTIONS,UNVERIFIED,UNVERIFIED,RESTRICTIONS,RESTRICTIONS,UNVERIFIED,UNVERIFIED,UNVERIFIED,UNVERIFIED,UNVERIFIED,UNVERIFIED,UNVERIFIED,YES,"Муниципальная газета 2019 года прямо называла по адресу центра бесплатное горячее питание или продуктовые наборы, одежду, обувь и предметы первой необходимости. Публикация 2025 года подтверждает действующее отделение срочной помощи по тому же адресу, но не повторяет перечень бытовых услуг. Примечание: Конкретные услуги подтверждены старым муниципальным источником 2019 года, действующее отделение — муниципальной публикацией 2025 года. Перед визитом особенно важно позвонить.",Нуждающиеся в срочной социальной помощи,UNVERIFIED,UNVERIFIED,UNVERIFIED,UNVERIFIED,UNVERIFIED,Бесплатное горячее питание или продуктовый набор; условия вещевой выдачи уточняются,UNVERIFIED,UNVERIFIED,UNVERIFIED,https://georgievsk.ru/gazeta-georgievskaya-okruga/2025/%E2%84%966_14-02-2025.pdf,2026-09-25,CURRENT_OPERATION_CONFIRMED_SERVICES_OLDER,UNVERIFIED,UNVERIFIED,UNVERIFIED,UNVERIFIED,UNVERIFIED,UNVERIFIED,UNVERIFIED,UNVERIFIED,OPEN,200,https://georgievsk.ru/gazeta-georgievskaya-okruga/2019/%E2%84%9649_19-07-2019.pdf,UNTESTED,UNTESTED,https://georgievsk.ru/gazeta-georgievskaya-okruga/2019/%E2%84%9649_19-07-2019.pdf,YES,CURRENT_OPERATION_SERVICE_DETAILS_OLDER,UNVERIFIED_NO_LIVE_CHECK,UNVERIFIED,"Web sources cannot confirm a place, supplies, admission, or walk-in access today; contact the point before travel.",2026-09-26
Ставропольский край,Зеленокумск,ГБУСО «Советский комплексный центр социального обслуживания населения»,"Отделение срочного социального обслуживания, каб. 12",отделение срочной социальной помощи,государственное,"ул. Мира, 118, каб. 12",+7 (86552) 6-15-32,+7 (86552) 6-43-27,cson22@minsoc26.ru,https://www.sovetsky-kcson.ru/,https://xn----otbdcavqeeep8b.xn--p1ai/?p=15132,https://xn----otbdcavqeeep8b.xn--p1ai/?p=15132; https://www.sovetsky-kcson.ru/; https://xn----ctbjmfedybhydfh0e.xn--p1ai/index.php/example-pages/telefony; https://xn----ctbjmfedybhydfh0e.xn--p1ai/index.php/deyatelnost/osnovnye-pokazateli-tsentra,RESTRICTIONS,RESTRICTIONS,UNVERIFIED,UNVERIFIED,YES,UNVERIFIED,UNVERIFIED,UNVERIFIED,UNVERIFIED,UNVERIFIED,UNVERIFIED,UNVERIFIED,UNVERIFIED,YES,"Региональная ресурсная карта 2024 года прямо относит к отделению по ул. Мира, 118 срочную помощь продуктами питания, вещами и предметами первой необходимости. Действующий официальный сайт уточняет, что отделение принимает по этому адресу в кабинете 12. Официальная статистика центра отдельно фиксирует фактически оказанные бесплатные услуги питания и выдачи одежды/обуви. Примечание: Наличие конкретного вида еды и вещей на дату визита следует уточнять по телефону. Официальная статистика подтверждает фактическую выдачу, но год данных на странице неясен.",Жители Советского округа в трудной жизненной ситуации,UNVERIFIED,UNVERIFIED,UNVERIFIED,UNVERIFIED,UNVERIFIED,Бесплатное горячее питание или продуктовый набор; вещeвая помощь без указанной платы,UNVERIFIED,UNVERIFIED,UNVERIFIED,https://www.sovetsky-kcson.ru/,2026-09-25,CURRENT_OPERATION_CONFIRMED_SERVICES_OLDER,UNVERIFIED,UNVERIFIED,UNVERIFIED,UNVERIFIED,UNVERIFIED,UNVERIFIED,UNVERIFIED,UNVERIFIED,OPEN,200,https://xn----otbdcavqeeep8b.xn--p1ai/?p=15132,LOOSE_REVIEW,LOOSE_REVIEW,https://xn----otbdcavqeeep8b.xn--p1ai/?p=15132,YES,CURRENT_OPERATION_SERVICE_DETAILS_OLDER,UNVERIFIED_NO_LIVE_CHECK,UNVERIFIED,"Web sources cannot confirm a place, supplies, admission, or walk-in access today; contact the point before travel.",2026-09-26
Ставропольский край,Курсавка,ГБУСО «Андроповский центр социального обслуживания населения»,Отделение срочного социального обслуживания,отделение срочной социальной помощи,государственное,"ул. Стратийчука, 70",+7 (86556) 6-38-01,UNVERIFIED,UNVERIFIED,https://xn--80a0acly.xn--p1ai/,https://xn--80a0acly.xn--p1ai/index.php?Itemid=144&id=97&option=com_content&view=article,https://xn--80a0acly.xn--p1ai/index.php?Itemid=144&id=97&option=com_content&view=article; https://xn--80a0acly.xn--p1ai/index.php?Itemid=335&id=2&option=com_content&view=article,RESTRICTIONS,RESTRICTIONS,UNVERIFIED,UNVERIFIED,YES,YES,UNVERIFIED,UNVERIFIED,UNVERIFIED,UNVERIFIED,UNVERIFIED,UNVERIFIED,UNVERIFIED,YES,"Официальный отчёт за II квартал 2026 фиксирует 29 фактически оказанных услуг бесплатного горячего питания или наборов продуктов и 132 услуги обеспечения одеждой, обувью и предметами первой необходимости в отделении срочной помощи. Примечание: Услуги не только перечислены в положении: их фактическое оказание в 2026 году подтверждено отчётом учреждения. Дом в футере имеет опечатку «Статийчука», в основном тексте указан «Стратийчука».",Получатели срочных социальных услуг Андроповского района,UNVERIFIED,UNVERIFIED,UNVERIFIED,UNVERIFIED,UNVERIFIED,Бесплатное горячее питание или продукты; натуральная срочная помощь,"Пн–пт 08:00–17:00, перерыв 12:00–13:00",UNVERIFIED,UNVERIFIED,https://xn--80a0acly.xn--p1ai/index.php?Itemid=335&id=2&option=com_content&view=article,2026-09-25,VERIFIED_CURRENT_PRIMARY,UNVERIFIED,UNVERIFIED,UNVERIFIED,UNVERIFIED,UNVERIFIED,UNVERIFIED,UNVERIFIED,UNVERIFIED,OPEN,200,https://xn--80a0acly.xn--p1ai/index.php?Itemid=144&id=97&option=com_content&view=article,NOT_IN_PRIMARY_TEXT,EXACT_NORMALIZED,https://xn--80a0acly.xn--p1ai/index.php?Itemid=335&id=2&option=com_content&view=article,YES,CURRENT_LOCATION_AND_SERVICE_REPORTED,UNVERIFIED_NO_LIVE_CHECK,UNVERIFIED,"Web sources cannot confirm a place, supplies, admission, or walk-in access today; contact the point before travel.",2026-09-26
Ставропольский край,Лермонтов,ГБУСО «Лермонтовский комплексный центр социального обслуживания населения»,Отделение срочного социального обслуживания,отделение срочной социальной помощи,государственное,"ул. Патриса Лумумбы, 31",+7 (87935) 3-51-10,+7 (87935) 3-39-19,cson30@minsoc26.ru,https://xn--j1abhdo3a.xn--p1ai/,https://xn--j1abhdo3a.xn--p1ai/publ/otdelenie_srochnogo_socialnogo_obsluzhivanija/1-1-0-4,https://xn--j1abhdo3a.xn--p1ai/publ/otdelenie_srochnogo_socialnogo_obsluzhivanija/1-1-0-4; https://xn--j1abhdo3a.xn--p1ai/,RESTRICTIONS,RESTRICTIONS,UNVERIFIED,UNVERIFIED,RESTRICTIONS,RESTRICTIONS,UNVERIFIED,UNVERIFIED,UNVERIFIED,UNVERIFIED,UNVERIFIED,UNVERIFIED,UNVERIFIED,YES,"Официальная страница отделения указывает бесплатное горячее питание или продуктовые наборы, одежду, обувь и предметы первой необходимости; также сообщает о фактической выдаче бесплатной еды обслуживаемым гражданам. Отделение продолжает работать на действующем сайте центра. Примечание: Контакты отделения опубликованы на его странице. Наличие конкретного вида помощи на день визита не указано.","Граждане в острой нужде независимо от возраста, проживающие в Лермонтове и окрестностях",UNVERIFIED,UNVERIFIED,UNVERIFIED,UNVERIFIED,UNVERIFIED,Бесплатное горячее питание или продуктовый набор; платная «Служба сервиса» действует отдельно и в строку не включена,UNVERIFIED,UNVERIFIED,UNVERIFIED,https://xn--j1abhdo3a.xn--p1ai/publ/otdelenie_srochnogo_socialnogo_obsluzhivanija/1-1-0-4,2026-09-25,VERIFIED_CURRENT_PRIMARY,UNVERIFIED,UNVERIFIED,UNVERIFIED,UNVERIFIED,UNVERIFIED,UNVERIFIED,UNVERIFIED,UNVERIFIED,OPEN,200,https://xn--j1abhdo3a.xn--p1ai/publ/otdelenie_srochnogo_socialnogo_obsluzhivanija/1-1-0-4,NOT_IN_PRIMARY_TEXT,NOT_IN_PRIMARY_TEXT,https://xn--j1abhdo3a.xn--p1ai/publ/otdelenie_srochnogo_socialnogo_obsluzhivanija/1-1-0-4,YES,CURRENT_LOCATION_AND_SERVICE_REPORTED,UNVERIFIED_NO_LIVE_CHECK,UNVERIFIED,"Web sources cannot confirm a place, supplies, admission, or walk-in access today; contact the point before travel.",2026-09-26
Ставропольский край,Нефтекумск,ГБУСО «Нефтекумский комплексный центр социального обслуживания населения»,Отделение срочного социального обслуживания,отделение срочной социальной помощи,государственное,"1-й микрорайон, 29",+7 (86558) 4-50-14,UNVERIFIED,cson17@minsoc26.ru,https://xn----jtbamfbdarfbj2bilsn3a.xn--p1ai/,https://xn----jtbamfbdarfbj2bilsn3a.xn--p1ai/otdelenie-srochnogo-sotcial-nogo-obsluzhivaniya.html,https://xn----jtbamfbdarfbj2bilsn3a.xn--p1ai/otdelenie-srochnogo-sotcial-nogo-obsluzhivaniya.html,RESTRICTIONS,RESTRICTIONS,UNVERIFIED,UNVERIFIED,RESTRICTIONS,RESTRICTIONS,UNVERIFIED,UNVERIFIED,UNVERIFIED,UNVERIFIED,UNVERIFIED,UNVERIFIED,UNVERIFIED,YES,"Отделение официально обеспечивает бесплатным горячим питанием или наборами продуктов, одеждой, обувью и другими предметами первой необходимости; помощь разовая по заявлению/выявлению нуждаемости. Примечание: Адрес на сайте записан как «микрорайон1, д. 29». Точный вид еды и наличие вещей на день визита не опубликованы.","Граждане, нуждающиеся в срочных социальных услугах",Заявление получателя либо сведения о нуждаемости от организации,UNVERIFIED,UNVERIFIED,UNVERIFIED,UNVERIFIED,Бесплатное горячее питание или продуктовые наборы; бесплатная натуральная помощь по наличию,"Пн–пт 08:00–17:00, перерыв 12:00–13:00",UNVERIFIED,UNVERIFIED,https://xn----jtbamfbdarfbj2bilsn3a.xn--p1ai/otdelenie-srochnogo-sotcial-nogo-obsluzhivaniya.html,2026-09-25,VERIFIED_CURRENT_PRIMARY,UNVERIFIED,UNVERIFIED,UNVERIFIED,UNVERIFIED,UNVERIFIED,UNVERIFIED,UNVERIFIED,UNVERIFIED,OPEN,200,https://xn----jtbamfbdarfbj2bilsn3a.xn--p1ai/otdelenie-srochnogo-sotcial-nogo-obsluzhivaniya.html,LOOSE_REVIEW,LOOSE_REVIEW,https://xn----jtbamfbdarfbj2bilsn3a.xn--p1ai/otdelenie-srochnogo-sotcial-nogo-obsluzhivaniya.html,YES,CURRENT_LOCATION_AND_SERVICE_REPORTED,UNVERIFIED_NO_LIVE_CHECK,UNVERIFIED,"Web sources cannot confirm a place, supplies, admission, or walk-in access today; contact the point before travel.",2026-09-26
Ставропольский край,Новоалександровск,ГБУСО «Новоалександровский комплексный центр социального обслуживания населения»,Отделение срочного социального обслуживания,отделение срочной социальной помощи,государственное,"пер. Красноармейский, 1",+7 (86544) 6-31-74,UNVERIFIED,UNVERIFIED,https://novkcson26.ru/,https://novkcson26.ru/osso.php,https://novkcson26.ru/osso.php,RESTRICTIONS,RESTRICTIONS,UNVERIFIED,UNVERIFIED,RESTRICTIONS,RESTRICTIONS,UNVERIFIED,UNVERIFIED,UNVERIFIED,UNVERIFIED,UNVERIFIED,UNVERIFIED,UNVERIFIED,YES,"Отделение срочного обслуживания официально заявляет задачи бесплатного горячего питания или продуктовых наборов и обеспечения одеждой, обувью и предметами первой необходимости; ведёт устный приём граждан по адресу учреждения. Примечание: Сайт действует в 2026 году; конкретный график выдачи и наличие запасов не опубликованы.","Граждане, нуждающиеся в неотложной социальной помощи",Основание — заявление получателя или сведения о нуждаемости от организации,UNVERIFIED,UNVERIFIED,UNVERIFIED,UNVERIFIED,Бесплатное горячее питание или наборы продуктов; условия вещевой помощи уточняются,UNVERIFIED,UNVERIFIED,UNVERIFIED,https://novkcson26.ru/osso.php,2026-09-25,VERIFIED_CURRENT_PRIMARY,UNVERIFIED,UNVERIFIED,UNVERIFIED,UNVERIFIED,UNVERIFIED,UNVERIFIED,UNVERIFIED,UNVERIFIED,OPEN,200,https://novkcson26.ru/osso.php,EXACT_NORMALIZED,EXACT_NORMALIZED,https://novkcson26.ru/osso.php,YES,CURRENT_LOCATION_AND_SERVICE_REPORTED,UNVERIFIED_NO_LIVE_CHECK,UNVERIFIED,"Web sources cannot confirm a place, supplies, admission, or walk-in access today; contact the point before travel.",2026-09-26
Ставропольский край,Новоселицкое,ГБУСО «Новоселицкий комплексный центр социального обслуживания населения»,Отделение срочного социального обслуживания,отделение срочной социальной помощи,государственное,"ул. Школьная, 35",+7 (86548) 2-22-32,+7 (86548) 2-04-99,UNVERIFIED,https://gbusonsel.ru/,https://gbusonsel.ru/struktura-uchrezhdenija-175/polustatsionarnoe-obsluzhivanie/otdelenie-srochnogo-sotsialnogo-obsluzhivanija.html,https://gbusonsel.ru/struktura-uchrezhdenija-175/polustatsionarnoe-obsluzhivanie/otdelenie-srochnogo-sotsialnogo-obsluzhivanija.html; https://gbusonsel.ru/o-tsentre-158/o-tsentre.html; https://novosel-news.ru/articles/7560-zabota-o-budushchem-reabilitatsiia-detei-v-kraevom-tsentre-orlionok,RESTRICTIONS,RESTRICTIONS,UNVERIFIED,UNVERIFIED,UNVERIFIED,UNVERIFIED,UNVERIFIED,UNVERIFIED,UNVERIFIED,UNVERIFIED,UNVERIFIED,UNVERIFIED,UNVERIFIED,YES,"Официальная страница действующего отделения прямо указывает обеспечение бесплатным горячим питанием или продуктовыми наборами. Центр принимает граждан в здании на Школьной, 35. Примечание: Сайт медленно открывается, но страница отделения индексируется поиском и подтверждает конкретную бесплатную услугу. Адрес отдельно подтверждён публикацией 2026 года.","Граждане, нуждающиеся в срочной социальной помощи",UNVERIFIED,UNVERIFIED,UNVERIFIED,UNVERIFIED,UNVERIFIED,Горячее питание или продуктовый набор бесплатно,UNVERIFIED,UNVERIFIED,UNVERIFIED,https://gbusonsel.ru/struktura-uchrezhdenija-175/polustatsionarnoe-obsluzhivanie/otdelenie-srochnogo-sotsialnogo-obsluzhivanija.html,2026-09-25,PARTIAL_CURRENT_PRIMARY_LINK_UNAVAILABLE,UNVERIFIED,UNVERIFIED,UNVERIFIED,UNVERIFIED,UNVERIFIED,UNVERIFIED,UNVERIFIED,UNVERIFIED,TLS_ERROR,,,UNTESTED,EXACT_NORMALIZED,https://novosel-news.ru/articles/7560-zabota-o-budushchem-reabilitatsiia-detei-v-kraevom-tsentre-orlionok,YES,PARTIAL_CURRENT_REPORT,UNVERIFIED_NO_LIVE_CHECK,UNVERIFIED,"Web sources cannot confirm a place, supplies, admission, or walk-in access today; contact the point before travel.",2026-09-26
Ставропольский край,Пятигорск,ГБУСО «Пятигорский комплексный центр социального обслуживания населения»,Отделение срочного социального обслуживания,отделение срочной социальной помощи,государственное,"ул. Сельская, 40",+7 (8793) 98-24-03,+7 (8793) 98-00-43,UNVERIFIED,https://www.kcson.pyatigorsk.ru/,https://www.kcson.pyatigorsk.ru/index.php/o-nas/struktura-organizatsii/otdelenie-srochnogo-sotsialnogo-obsluzhivaniya,https://www.kcson.pyatigorsk.ru/index.php/o-nas/struktura-organizatsii/otdelenie-srochnogo-sotsialnogo-obsluzhivaniya; https://www.kcson.pyatigorsk.ru/index.php/kontakty; https://5-gorsk.ru/articles/21339-dorogoiu-dobra-mobilnaia-brigada-spesit-na-pomoshh,RESTRICTIONS,RESTRICTIONS,UNVERIFIED,UNVERIFIED,RESTRICTIONS,RESTRICTIONS,UNVERIFIED,UNVERIFIED,UNVERIFIED,UNVERIFIED,UNVERIFIED,UNVERIFIED,UNVERIFIED,YES,"Официальная страница отделения относит к срочным услугам бесплатное горячее питание или продуктовые наборы, выдачу одежды, обуви и предметов первой необходимости. Указан физический адрес отделения и телефон. Примечание: Еда указана альтернативно: горячий обед либо набор. Наличие каждого вида помощи на день визита уточнять. Содействие в получении временного жилья не равнозначно ночлегу по адресу центра.","Граждане любого возраста, остро нуждающиеся в социальной поддержке",UNVERIFIED,UNVERIFIED,UNVERIFIED,UNVERIFIED,UNVERIFIED,Бесплатное горячее питание или продуктовые наборы; условия иных услуг уточняются в отделении,Общий приём центра 08:00–16:00 по публикации 2026 года; часы конкретной выдачи не опубликованы,UNVERIFIED,UNVERIFIED,https://www.kcson.pyatigorsk.ru/index.php/o-nas/struktura-organizatsii/otdelenie-srochnogo-sotsialnogo-obsluzhivaniya,2026-09-25,PARTIAL_CURRENT_PRIMARY_LINK_UNAVAILABLE,UNVERIFIED,UNVERIFIED,UNVERIFIED,UNVERIFIED,UNVERIFIED,UNVERIFIED,UNVERIFIED,UNVERIFIED,TLS_ERROR,,,UNTESTED,NOT_IN_PRIMARY_TEXT,https://5-gorsk.ru/articles/21339-dorogoiu-dobra-mobilnaia-brigada-spesit-na-pomoshh,YES,PARTIAL_CURRENT_REPORT,UNVERIFIED_NO_LIVE_CHECK,UNVERIFIED,"Web sources cannot confirm a place, supplies, admission, or walk-in access today; contact the point before travel.",2026-09-26
Тамбовская область,Тамбов,Центр гуманитарной помощи Тамбовской епархии «Тёплый кров»,Центр выдачи помощи и благотворительная трапезная,религиозный гуманитарный центр и столовая,религиозная,"ул. Железнодорожная, 131",+7 (915) 888-70-30,+7 (4752) 75-99-85,UNVERIFIED,https://eparhia-tmb.ru/eparhialnoe-upravlenie/otdel-po-czerkovnoj-blagotvoritelnosti-i-soczialnomu-sluzheniyu/,https://eparhia-tmb.ru/eparhialnoe-upravlenie/otdel-po-czerkovnoj-blagotvoritelnosti-i-soczialnomu-sluzheniyu/,https://eparhia-tmb.ru/eparhialnoe-upravlenie/otdel-po-czerkovnoj-blagotvoritelnosti-i-soczialnomu-sluzheniyu/; https://club45841539.orgs.biz/,YES,YES,UNVERIFIED,UNVERIFIED,YES,UNVERIFIED,UNVERIFIED,UNVERIFIED,YES,UNVERIFIED,UNVERIFIED,UNVERIFIED,UNVERIFIED,YES,"Епархия подтверждает по адресу ул. Железнодорожная, 131 центр гуманитарной помощи с выдачей детских и взрослых вещей, средств гигиены, продуктовых наборов и благотворительной трапезной на территории. Страница центра приводит часы выдачи и обедов. Примечание: На странице епархии есть публикация о работе центра в ноябре 2025; часы со страницы центра могут меняться. Не путать с контактным адресом епархиального отдела на Набережной, 80.","нуждающиеся граждане, малоимущие, люди с инвалидностью, многодетные и неполные семьи, матери-одиночки",UNVERIFIED,UNVERIFIED,UNVERIFIED,UNVERIFIED,UNVERIFIED,благотворительная помощь; отдельная цена не указана,выдача вещей и помощи: вторник и четверг 15:00–17:00 по странице центра; подтвердить звонком,"понедельник, вторник, четверг, суббота 14:00–15:00 по странице центра; подтвердить звонком",UNVERIFIED,UNVERIFIED,2026-09-25,VERIFIED_CURRENT_PRIMARY,UNVERIFIED,UNVERIFIED,UNVERIFIED,UNVERIFIED,UNVERIFIED,UNVERIFIED,UNVERIFIED,UNVERIFIED,OPEN,200,https://eparhia-tmb.ru/eparhialnoe-upravlenie/otdel-po-czerkovnoj-blagotvoritelnosti-i-soczialnomu-sluzheniyu/,LOOSE_REVIEW,LOOSE_REVIEW,https://eparhia-tmb.ru/eparhialnoe-upravlenie/otdel-po-czerkovnoj-blagotvoritelnosti-i-soczialnomu-sluzheniyu/,YES,CURRENT_LOCATION_AND_SERVICE_REPORTED,UNVERIFIED_NO_LIVE_CHECK,UNVERIFIED,"Web sources cannot confirm a place, supplies, admission, or walk-in access today; contact the point before travel.",2026-09-26
Тверская область,Тверь,Отдел социального служения Тверской епархии,Пункт приёма и бесплатной раздачи вещей нуждающимся,пункт бесплатной выдачи одежды,религиозная,"бульвар Цанова, 8, корп. 3, склад № 10",+7 (904) 003-42-70,UNVERIFIED,UNVERIFIED,https://tversocsluzhenie.pravorg.ru/,https://tversocsluzhenie.pravorg.ru/punkt-priema-i-razdachi-veshhej-nuzhdayushhimsya/,https://tversocsluzhenie.pravorg.ru/punkt-priema-i-razdachi-veshhej-nuzhdayushhimsya/; https://tversocsluzhenie.pravorg.ru/nashi-proekty/; https://tverigrad.ru/publication/v-tveri-besplatno-razdajut-odezhdu-i-obuv/,UNVERIFIED,UNVERIFIED,UNVERIFIED,UNVERIFIED,YES,YES,UNVERIFIED,UNVERIFIED,UNVERIFIED,UNVERIFIED,UNVERIFIED,UNVERIFIED,UNVERIFIED,UNVERIFIED,Собственная страница епархии: в пункте бесплатно выдают нуждающимся одежду и обувь; приходят 30–40 человек в дни работы. Примечание: Адрес с корпусом 3 и режим работы подтверждены сообщением епархии за август 2026; на общей странице епархии осталось другое расписание.,"Многодетные, малообеспеченные и неполные семьи, и другие нуждающиеся.",UNVERIFIED,UNVERIFIED,UNVERIFIED,UNVERIFIED,UNVERIFIED,Бесплатно.,"Пн 14:00–18:00; Чт 11:00–15:00 (сообщение епархии через СМИ, август 2026).",UNVERIFIED,UNVERIFIED,UNVERIFIED,2026-09-25,VERIFIED_CURRENT_PRIMARY_ADDRESS_CROSSCHECKED,UNVERIFIED,UNVERIFIED,UNVERIFIED,UNVERIFIED,UNVERIFIED,UNVERIFIED,UNVERIFIED,UNVERIFIED,OPEN,200,https://tversocsluzhenie.pravorg.ru/punkt-priema-i-razdachi-veshhej-nuzhdayushhimsya/,EXACT_NORMALIZED,EXACT_NORMALIZED,https://tversocsluzhenie.pravorg.ru/punkt-priema-i-razdachi-veshhej-nuzhdayushhimsya/,YES,CURRENT_LOCATION_AND_SERVICE_REPORTED,UNVERIFIED_NO_LIVE_CHECK,UNVERIFIED,"Web sources cannot confirm a place, supplies, admission, or walk-in access today; contact the point before travel.",2026-09-26
Тверская область,Тверь,Тверская региональная благотворительная общественная организация «Гостиница для бездомных во имя святого праведного Иоанна Кронштадтского»,,благотворительный приют для бездомных,НКО,"просп. Николая Корыткова, 15 (бывш. просп. 50 лет Октября)",+7 (4822) 44-85-65,+7 (904) 008-50-49,Tver.bezdom@mail.ru,https://tversocsluzhenie.pravorg.ru/,https://tver.radiovera.ru/partners/tverskaja-regionalnaja-blagotvoritelnaja-obshhestvennaja-organizacija-gostinica-dlja-bezdomnyh-vo-imja-svjatogo-pravednogo-ioanna-kronshtadskogo,https://tver.radiovera.ru/partners/tverskaja-regionalnaja-blagotvoritelnaja-obshhestvennaja-organizacija-gostinica-dlja-bezdomnyh-vo-imja-svjatogo-pravednogo-ioanna-kronshtadskogo; https://tversocsluzhenie.pravorg.ru/gostinica-dlya-bezdomnyx-lyudej-vo-imya-svyatogo-pravednogo-ioanna-kronshtadtskogo/; https://tvereparhia.ru/news/statistika-soczialnogo-sluzheniya-na-territorii-tverskoj-eparhii-v-period-s-15-fevralya-po-15-marta-2026-goda/; https://tver.aif.ru/society/persona/istorii_padeniya_na_dno_reportazh_iz_nochlezhki_dlya_bezdomnyh,UNVERIFIED,UNVERIFIED,RESTRICTIONS,RESTRICTIONS,UNVERIFIED,UNVERIFIED,UNVERIFIED,UNVERIFIED,UNVERIFIED,UNVERIFIED,UNVERIFIED,UNVERIFIED,UNVERIFIED,UNVERIFIED,"Текущая страница партнёра и страница епархии подтверждают размещение бездомных и бесплатное питание; публикация епархии 2026 года подтверждает проживающих. Бесплатный ночлег прямо подтверждён старым репортажем; нынешние условия размещения требуют звонка. Примечание: Проспект 50 лет Октября переименован в проспект Николая Корыткова; это один адрес. Не утверждается, что душ или стирка доступны.",Люди без жилья.,UNVERIFIED,UNVERIFIED,UNVERIFIED,UNVERIFIED,UNVERIFIED,По репортажу 2017 года плату за ночлег не брали; текущая стоимость проживания не подтверждена. Питание названо бесплатным на действующей странице партнёра.,"По странице епархии приём ежедневно 19:00–21:00, выход до 09:00; актуальный порядок уточнять.",UNVERIFIED,Ежедневно 19:00–21:00 (действующая страница епархии; уточнять).,UNVERIFIED,2026-09-25,CURRENT_OPERATION_CONFIRMED_SERVICES_OLDER,UNVERIFIED,UNVERIFIED,UNVERIFIED,UNVERIFIED,Нетрезвых и людей в наркотическом опьянении не принимают (страница епархии).,UNVERIFIED,UNVERIFIED,UNVERIFIED,OPEN,200,https://tver.radiovera.ru/partners/tverskaja-regionalnaja-blagotvoritelnaja-obshhestvennaja-organizacija-gostinica-dlja-bezdomnyh-vo-imja-svjatogo-pravednogo-ioanna-kronshtadskogo,LOOSE_REVIEW,LOOSE_REVIEW,https://tver.radiovera.ru/partners/tverskaja-regionalnaja-blagotvoritelnaja-obshhestvennaja-organizacija-gostinica-dlja-bezdomnyh-vo-imja-svjatogo-pravednogo-ioanna-kronshtadskogo,YES,CURRENT_OPERATION_SERVICE_DETAILS_OLDER,UNVERIFIED_NO_LIVE_CHECK,UNVERIFIED,"Web sources cannot confirm a place, supplies, admission, or walk-in access today; contact the point before travel.",2026-09-26
Тверская область,Тверь,Отдел социального служения Тверской епархии,Кормление бездомных при храме иконы Божией Матери «Неупиваемая Чаша»,пункт бесплатного горячего питания,религиозная,"ул. Королёва, 5, корп. 1",+7 (904) 003-42-70,UNVERIFIED,UNVERIFIED,https://tversocsluzhenie.pravorg.ru/,https://tversocsluzhenie.pravorg.ru/kormlenie-bezdomnyx/,https://tversocsluzhenie.pravorg.ru/kormlenie-bezdomnyx/; https://tversocsluzhenie.pravorg.ru/nashi-proekty/,YES,UNVERIFIED,UNVERIFIED,UNVERIFIED,UNVERIFIED,UNVERIFIED,UNVERIFIED,UNVERIFIED,UNVERIFIED,UNVERIFIED,UNVERIFIED,UNVERIFIED,UNVERIFIED,UNVERIFIED,Собственная страница епархии подтверждает бесплатные горячие обеды для бездомных и людей в трудной жизненной ситуации ежедневно у храма.,Бездомные и люди в трудной жизненной ситуации.,UNVERIFIED,UNVERIFIED,UNVERIFIED,UNVERIFIED,UNVERIFIED,Бесплатно.,Ежедневно 14:00–15:00.,Ежедневно 14:00–15:00.,UNVERIFIED,UNVERIFIED,2026-09-25,VERIFIED_CURRENT_PRIMARY,UNVERIFIED,UNVERIFIED,UNVERIFIED,UNVERIFIED,UNVERIFIED,UNVERIFIED,UNVERIFIED,UNVERIFIED,OPEN,200,https://tversocsluzhenie.pravorg.ru/kormlenie-bezdomnyx/,LOOSE_REVIEW,LOOSE_REVIEW,https://tversocsluzhenie.pravorg.ru/kormlenie-bezdomnyx/,YES,CURRENT_LOCATION_AND_SERVICE_REPORTED,UNVERIFIED_NO_LIVE_CHECK,UNVERIFIED,"Web sources cannot confirm a place, supplies, admission, or walk-in access today; contact the point before travel.",2026-09-26
Томская область,Северск,Благотворительный фонд «Рука помощи» / церковь «Прославление»,Проект «Накорми голодного» — пункт горячего питания,пункт бесплатного горячего питания,НКО / религиозная,"ул. Мира, 10Б",+7 (913) 109-98-80,+7 (800) 250-71-91,UNVERIFIED,https://www.proslavlenie.ru/ministration/nakormi-golodnogo,https://www.proslavlenie.ru/ministration/nakormi-golodnogo,https://www.proslavlenie.ru/ministration/nakormi-golodnogo; https://www.riatomsk.ru/article/20260329/kuda-priiti-za-goryachim-obedom-nuzhdayuschimsya-tomicham; https://cef.ru/novosti/volontery-cerkvi-proslavleniya-zapustili-besplatnye-strizhki-dlya-bezdomnyx-i-maloimushhix-v-tomske/,YES,UNVERIFIED,UNVERIFIED,UNVERIFIED,RESTRICTIONS,UNVERIFIED,UNVERIFIED,UNVERIFIED,UNVERIFIED,UNVERIFIED,UNVERIFIED,UNVERIFIED,UNVERIFIED,UNVERIFIED,"Бесплатная раздача горячей пищи бездомным, пенсионерам, инвалидам и малоимущим; одежда может выдаваться при наличии. Примечание: Точная точка и время указаны на официальной странице церкви; работа сети подтверждена обзором марта 2026 года.","Люди без жилья, малоимущие, пенсионеры, инвалиды и другие нуждающиеся.",UNVERIFIED,UNVERIFIED,UNVERIFIED,UNVERIFIED,UNVERIFIED,Бесплатно.,ежедневно 19:00; в воскресенье 14:30,ежедневно 19:00; в воскресенье 14:30,UNVERIFIED,UNVERIFIED,2026-09-25,VERIFIED_CURRENT_PRIMARY,UNVERIFIED,UNVERIFIED,UNVERIFIED,UNVERIFIED,UNVERIFIED,UNVERIFIED,UNVERIFIED,UNVERIFIED,OPEN,200,https://www.proslavlenie.ru/ministration/nakormi-golodnogo,EXACT_NORMALIZED,EXACT_NORMALIZED,https://www.proslavlenie.ru/ministration/nakormi-golodnogo,YES,CURRENT_LOCATION_AND_SERVICE_REPORTED,UNVERIFIED_NO_LIVE_CHECK,UNVERIFIED,"Web sources cannot confirm a place, supplies, admission, or walk-in access today; contact the point before travel.",2026-09-26
Томская область,Северск,ОГАУ «Комплексный центр социального обслуживания населения ЗАТО Северск»,Срочные социальные услуги,отделение срочной социальной помощи,государственная,"ул. Свердлова, 2А",+7 (3823) 98-22-56,UNVERIFIED,kcsotm7@social.tomsk.gov.ru,https://kcson-severck.tom.socinfo.ru/,https://dszn.tomsk.gov.ru/people/front/view/id/798,https://dszn.tomsk.gov.ru/people/front/view/id/798; https://dszn.tomsk.gov.ru/srochnye-sotsialnye-uslugi; https://dszn.tomsk.gov.ru/documents/front/view/id/1270; https://dszn.tomsk.gov.ru/opendata/front/getTable/id/66,RESTRICTIONS,RESTRICTIONS,UNVERIFIED,UNVERIFIED,RESTRICTIONS,RESTRICTIONS,UNVERIFIED,UNVERIFIED,UNVERIFIED,UNVERIFIED,UNVERIFIED,UNVERIFIED,UNVERIFIED,YES,"Областной департамент указывает Северский КЦСОН среди адресов обращения за срочными социальными услугами; перечень включает питание или продуктовый набор, одежду, обувь и предметы первой необходимости. Примечание: ЗАТО: доступ в город ограничен пропускным режимом. Наличие конкретных запасов и возможность приема в день обращения не подтверждены.","Граждане, проживающие в ЗАТО Северск и признанные нуждающимися.",Заявление; прочие документы зависят от обстоятельств.,UNVERIFIED,UNVERIFIED,UNVERIFIED,UNVERIFIED,Срочные социальные услуги предоставляются бесплатно по порядку Томской области.,Пн–Чт 08:30–17:30; Пт до 16:15; перерыв 12:30–13:15,UNVERIFIED,UNVERIFIED,UNVERIFIED,2026-09-25,VERIFIED_CURRENT_GOVERNMENT,UNVERIFIED,UNVERIFIED,UNVERIFIED,UNVERIFIED,UNVERIFIED,UNVERIFIED,UNVERIFIED,UNVERIFIED,OPEN,200,https://dszn.tomsk.gov.ru/people/front/view/id/798,EXACT_NORMALIZED,EXACT_NORMALIZED,https://dszn.tomsk.gov.ru/people/front/view/id/798,YES,CURRENT_LOCATION_AND_SERVICE_REPORTED,UNVERIFIED_NO_LIVE_CHECK,UNVERIFIED,"Web sources cannot confirm a place, supplies, admission, or walk-in access today; contact the point before travel.",2026-09-26
Томская область,Томск,Православная служба милосердия Томской епархии,«Автобус милосердия» — остановка у ДК «Маяк»,постоянная остановка мобильного пункта питания,религиозная,"Иркутский тракт, 86/1 (площадка за ДК «Маяк»)",+7 (953) 912-00-26,UNVERIFIED,UNVERIFIED,https://socialte.tomsk.ru/,https://socialte.tomsk.ru/%D1%81%D0%BB%D1%83%D0%B6%D0%B5%D0%BD%D0%B8%D0%B5-%D0%BF%D1%80%D0%BE%D0%B5%D0%BA%D1%82%D0%BE%D0%B2-%D0%BF%D0%BE%D0%BF%D0%B5%D1%87%D0%B5%D0%BD%D0%B8%D1%8F-%D0%BE-%D0%B1%D0%B5%D0%B7%D0%B4%D0%BE%D0%BC/,https://socialte.tomsk.ru/%D1%81%D0%BB%D1%83%D0%B6%D0%B5%D0%BD%D0%B8%D0%B5-%D0%BF%D1%80%D0%BE%D0%B5%D0%BA%D1%82%D0%BE%D0%B2-%D0%BF%D0%BE%D0%BF%D0%B5%D1%87%D0%B5%D0%BD%D0%B8%D1%8F-%D0%BE-%D0%B1%D0%B5%D0%B7%D0%B4%D0%BE%D0%BC/; https://www.riatomsk.ru/article/20260329/kuda-priiti-za-goryachim-obedom-nuzhdayuschimsya-tomicham,YES,UNVERIFIED,UNVERIFIED,UNVERIFIED,RESTRICTIONS,UNVERIFIED,UNVERIFIED,UNVERIFIED,UNVERIFIED,UNVERIFIED,UNVERIFIED,UNVERIFIED,UNVERIFIED,UNVERIFIED,"Горячее питание бездомным по пятницам; также по наличию одежда и талоны в баню, помощь с документами. Примечание: Точка у ДК «Маяк» находится отдельно от ЦСА на Иркутском тракте, 69; это другой физический адрес.","Бездомные и другие нуждающиеся, обращение доступно любому.",UNVERIFIED,UNVERIFIED,UNVERIFIED,UNVERIFIED,UNVERIFIED,Бесплатно.,Пт 08:00,Пт 08:00,UNVERIFIED,UNVERIFIED,2026-09-25,VERIFIED_CURRENT_PRIMARY,UNVERIFIED,UNVERIFIED,UNVERIFIED,UNVERIFIED,UNVERIFIED,UNVERIFIED,UNVERIFIED,UNVERIFIED,OPEN,200,https://socialte.tomsk.ru/%D1%81%D0%BB%D1%83%D0%B6%D0%B5%D0%BD%D0%B8%D0%B5-%D0%BF%D1%80%D0%BE%D0%B5%D0%BA%D1%82%D0%BE%D0%B2-%D0%BF%D0%BE%D0%BF%D0%B5%D1%87%D0%B5%D0%BD%D0%B8%D1%8F-%D0%BE-%D0%B1%D0%B5%D0%B7%D0%B4%D0%BE%D0%BC/,LOOSE_REVIEW,LOOSE_REVIEW,https://socialte.tomsk.ru/%D1%81%D0%BB%D1%83%D0%B6%D0%B5%D0%BD%D0%B8%D0%B5-%D0%BF%D1%80%D0%BE%D0%B5%D0%BA%D1%82%D0%BE%D0%B2-%D0%BF%D0%BE%D0%BF%D0%B5%D1%87%D0%B5%D0%BD%D0%B8%D1%8F-%D0%BE-%D0%B1%D0%B5%D0%B7%D0%B4%D0%BE%D0%BC/,YES,CURRENT_LOCATION_AND_SERVICE_REPORTED,UNVERIFIED_NO_LIVE_CHECK,UNVERIFIED,"Web sources cannot confirm a place, supplies, admission, or walk-in access today; contact the point before travel.",2026-09-26
Томская область,Томск,Православная служба милосердия Томской епархии,«Автобус милосердия» — остановка в переулке Батенькова,постоянная остановка мобильного пункта питания,религиозная,"пер. Батенькова, 12",+7 (953) 912-00-26,UNVERIFIED,UNVERIFIED,https://socialte.tomsk.ru/,https://socialte.tomsk.ru/%D1%81%D0%BB%D1%83%D0%B6%D0%B5%D0%BD%D0%B8%D0%B5-%D0%BF%D1%80%D0%BE%D0%B5%D0%BA%D1%82%D0%BE%D0%B2-%D0%BF%D0%BE%D0%BF%D0%B5%D1%87%D0%B5%D0%BD%D0%B8%D1%8F-%D0%BE-%D0%B1%D0%B5%D0%B7%D0%B4%D0%BE%D0%BC/,https://socialte.tomsk.ru/%D1%81%D0%BB%D1%83%D0%B6%D0%B5%D0%BD%D0%B8%D0%B5-%D0%BF%D1%80%D0%BE%D0%B5%D0%BA%D1%82%D0%BE%D0%B2-%D0%BF%D0%BE%D0%BF%D0%B5%D1%87%D0%B5%D0%BD%D0%B8%D1%8F-%D0%BE-%D0%B1%D0%B5%D0%B7%D0%B4%D0%BE%D0%BC/; https://www.riatomsk.ru/article/20260329/kuda-priiti-za-goryachim-obedom-nuzhdayuschimsya-tomicham,YES,UNVERIFIED,UNVERIFIED,UNVERIFIED,RESTRICTIONS,UNVERIFIED,UNVERIFIED,UNVERIFIED,UNVERIFIED,UNVERIFIED,UNVERIFIED,UNVERIFIED,UNVERIFIED,UNVERIFIED,"Горячее питание бездомным по четвергам; также по наличию одежда и талоны в баню, помощь с документами. Примечание: Адрес и регулярность подтверждены официальной страницей епархии и обзором РИА Томск 2026 года.","Бездомные и другие нуждающиеся, обращение доступно любому.",UNVERIFIED,UNVERIFIED,UNVERIFIED,UNVERIFIED,UNVERIFIED,Бесплатно.,Чт 18:15,Чт 18:15 (в обзоре 2026 указано около 18:00),UNVERIFIED,UNVERIFIED,2026-09-25,VERIFIED_CURRENT_PRIMARY,UNVERIFIED,UNVERIFIED,UNVERIFIED,UNVERIFIED,UNVERIFIED,UNVERIFIED,UNVERIFIED,UNVERIFIED,OPEN,200,https://socialte.tomsk.ru/%D1%81%D0%BB%D1%83%D0%B6%D0%B5%D0%BD%D0%B8%D0%B5-%D0%BF%D1%80%D0%BE%D0%B5%D0%BA%D1%82%D0%BE%D0%B2-%D0%BF%D0%BE%D0%BF%D0%B5%D1%87%D0%B5%D0%BD%D0%B8%D1%8F-%D0%BE-%D0%B1%D0%B5%D0%B7%D0%B4%D0%BE%D0%BC/,LOOSE_REVIEW,LOOSE_REVIEW,https://socialte.tomsk.ru/%D1%81%D0%BB%D1%83%D0%B6%D0%B5%D0%BD%D0%B8%D0%B5-%D0%BF%D1%80%D0%BE%D0%B5%D0%BA%D1%82%D0%BE%D0%B2-%D0%BF%D0%BE%D0%BF%D0%B5%D1%87%D0%B5%D0%BD%D0%B8%D1%8F-%D0%BE-%D0%B1%D0%B5%D0%B7%D0%B4%D0%BE%D0%BC/,YES,CURRENT_LOCATION_AND_SERVICE_REPORTED,UNVERIFIED_NO_LIVE_CHECK,UNVERIFIED,"Web sources cannot confirm a place, supplies, admission, or walk-in access today; contact the point before travel.",2026-09-26
Томская область,Томск,Благотворительный фонд «Рука помощи» / церковь «Прославление»,Проект «Накорми голодного» — пункт горячего питания,пункт бесплатного горячего питания,НКО / религиозная,"пер. Войкова, 2А",+7 (913) 109-98-80,+7 (800) 250-71-91,UNVERIFIED,https://www.proslavlenie.ru/ministration/nakormi-golodnogo,https://www.proslavlenie.ru/ministration/nakormi-golodnogo,https://www.proslavlenie.ru/ministration/nakormi-golodnogo; https://www.riatomsk.ru/article/20260329/kuda-priiti-za-goryachim-obedom-nuzhdayuschimsya-tomicham; https://cef.ru/novosti/volontery-cerkvi-proslavleniya-zapustili-besplatnye-strizhki-dlya-bezdomnyx-i-maloimushhix-v-tomske/,YES,UNVERIFIED,UNVERIFIED,UNVERIFIED,RESTRICTIONS,UNVERIFIED,UNVERIFIED,UNVERIFIED,UNVERIFIED,UNVERIFIED,UNVERIFIED,UNVERIFIED,UNVERIFIED,UNVERIFIED,"Бесплатная раздача горячей пищи бездомным, пенсионерам, инвалидам и малоимущим; одежда может выдаваться при наличии. Примечание: Точная точка и время указаны на официальной странице церкви; работа сети подтверждена обзором марта 2026 года.","Люди без жилья, малоимущие, пенсионеры, инвалиды и другие нуждающиеся.",UNVERIFIED,UNVERIFIED,UNVERIFIED,UNVERIFIED,UNVERIFIED,Бесплатно.,ежедневно 19:00; в субботу 12:00,ежедневно 19:00; в субботу 12:00,UNVERIFIED,UNVERIFIED,2026-09-25,VERIFIED_CURRENT_PRIMARY,UNVERIFIED,UNVERIFIED,UNVERIFIED,UNVERIFIED,UNVERIFIED,UNVERIFIED,UNVERIFIED,UNVERIFIED,OPEN,200,https://www.proslavlenie.ru/ministration/nakormi-golodnogo,EXACT_NORMALIZED,EXACT_NORMALIZED,https://www.proslavlenie.ru/ministration/nakormi-golodnogo,YES,CURRENT_LOCATION_AND_SERVICE_REPORTED,UNVERIFIED_NO_LIVE_CHECK,UNVERIFIED,"Web sources cannot confirm a place, supplies, admission, or walk-in access today; contact the point before travel.",2026-09-26
Томская область,Томск,Благотворительный фонд «Рука помощи» / церковь «Прославление»,Проект «Накорми голодного» — пункт горячего питания,пункт бесплатного горячего питания,НКО / религиозная,"пер. Шумихинский, 9А",+7 (913) 109-98-80,+7 (800) 250-71-91,UNVERIFIED,https://www.proslavlenie.ru/ministration/nakormi-golodnogo,https://www.proslavlenie.ru/ministration/nakormi-golodnogo,https://www.proslavlenie.ru/ministration/nakormi-golodnogo; https://www.riatomsk.ru/article/20260329/kuda-priiti-za-goryachim-obedom-nuzhdayuschimsya-tomicham; https://cef.ru/novosti/volontery-cerkvi-proslavleniya-zapustili-besplatnye-strizhki-dlya-bezdomnyx-i-maloimushhix-v-tomske/,YES,UNVERIFIED,UNVERIFIED,UNVERIFIED,RESTRICTIONS,UNVERIFIED,UNVERIFIED,UNVERIFIED,UNVERIFIED,UNVERIFIED,UNVERIFIED,UNVERIFIED,UNVERIFIED,UNVERIFIED,"Бесплатная раздача горячей пищи бездомным, пенсионерам, инвалидам и малоимущим; одежда может выдаваться при наличии. Примечание: Точная точка и время указаны на официальной странице церкви; работа сети подтверждена обзором марта 2026 года.","Люди без жилья, малоимущие, пенсионеры, инвалиды и другие нуждающиеся.",UNVERIFIED,UNVERIFIED,UNVERIFIED,UNVERIFIED,UNVERIFIED,Бесплатно.,"ежедневно 19:00, кроме среды","ежедневно 19:00, кроме среды",UNVERIFIED,UNVERIFIED,2026-09-25,VERIFIED_CURRENT_PRIMARY,UNVERIFIED,UNVERIFIED,UNVERIFIED,UNVERIFIED,UNVERIFIED,UNVERIFIED,UNVERIFIED,UNVERIFIED,OPEN,200,https://www.proslavlenie.ru/ministration/nakormi-golodnogo,LOOSE_REVIEW,LOOSE_REVIEW,https://www.proslavlenie.ru/ministration/nakormi-golodnogo,YES,CURRENT_LOCATION_AND_SERVICE_REPORTED,UNVERIFIED_NO_LIVE_CHECK,UNVERIFIED,"Web sources cannot confirm a place, supplies, admission, or walk-in access today; contact the point before travel.",2026-09-26
Томская область,Томск,Благотворительный проект «Добродеи»,Раздача горячей еды у Петропавловского собора,постоянная уличная точка горячего питания,НКО / волонтерская,"у гаражей напротив ул. Тверская, 32 (рядом с Петропавловским собором)",UNVERIFIED,UNVERIFIED,UNVERIFIED,UNVERIFIED,https://www.riatomsk.ru/article/20260329/kuda-priiti-za-goryachim-obedom-nuzhdayuschimsya-tomicham,https://www.riatomsk.ru/article/20260329/kuda-priiti-za-goryachim-obedom-nuzhdayuschimsya-tomicham; https://www.riatomsk.ru/article/20260116/bezdomnie-pomosch-tomsk,YES,UNVERIFIED,UNVERIFIED,UNVERIFIED,UNVERIFIED,UNVERIFIED,UNVERIFIED,UNVERIFIED,UNVERIFIED,UNVERIFIED,UNVERIFIED,UNVERIFIED,UNVERIFIED,UNVERIFIED,"Бесплатная раздача горячей еды по вторникам на фиксированной площадке у гаражей напротив Тверской, 32. Примечание: Уличная точка, не помещение по адресу Тверская, 32; ориентир — гаражи у Петропавловского собора.",Бездомные и другие нуждающиеся.,UNVERIFIED,UNVERIFIED,UNVERIFIED,UNVERIFIED,UNVERIFIED,Бесплатно.,Вт 14:00–15:00,Вт 14:00–15:00,UNVERIFIED,UNVERIFIED,2026-09-25,VERIFIED_CURRENT_MEDIA,UNVERIFIED,UNVERIFIED,UNVERIFIED,UNVERIFIED,UNVERIFIED,UNVERIFIED,UNVERIFIED,UNVERIFIED,OPEN,200,https://www.riatomsk.ru/article/20260329/kuda-priiti-za-goryachim-obedom-nuzhdayuschimsya-tomicham,LOOSE_REVIEW,LOOSE_REVIEW,https://www.riatomsk.ru/article/20260329/kuda-priiti-za-goryachim-obedom-nuzhdayuschimsya-tomicham,YES,CURRENT_LOCATION_AND_SERVICE_REPORTED,UNVERIFIED_NO_LIVE_CHECK,UNVERIFIED,"Web sources cannot confirm a place, supplies, admission, or walk-in access today; contact the point before travel.",2026-09-26
Томская область,Томск,Благотворительный фонд «Рука помощи» / церковь «Прославление»,Проект «Накорми голодного» — пункт горячего питания,пункт бесплатного горячего питания,НКО / религиозная,"ул. Алтайская, 47",+7 (913) 109-98-80,+7 (800) 250-71-91,UNVERIFIED,https://www.proslavlenie.ru/ministration/nakormi-golodnogo,https://www.proslavlenie.ru/ministration/nakormi-golodnogo,https://www.proslavlenie.ru/ministration/nakormi-golodnogo; https://www.riatomsk.ru/article/20260329/kuda-priiti-za-goryachim-obedom-nuzhdayuschimsya-tomicham; https://cef.ru/novosti/volontery-cerkvi-proslavleniya-zapustili-besplatnye-strizhki-dlya-bezdomnyx-i-maloimushhix-v-tomske/,YES,UNVERIFIED,UNVERIFIED,UNVERIFIED,RESTRICTIONS,UNVERIFIED,UNVERIFIED,UNVERIFIED,UNVERIFIED,UNVERIFIED,UNVERIFIED,UNVERIFIED,UNVERIFIED,UNVERIFIED,"Бесплатная раздача горячей пищи бездомным, пенсионерам, инвалидам и малоимущим; одежда может выдаваться при наличии. Примечание: Точная точка и время указаны на официальной странице церкви; работа сети подтверждена обзором марта 2026 года.","Люди без жилья, малоимущие, пенсионеры, инвалиды и другие нуждающиеся.",UNVERIFIED,UNVERIFIED,UNVERIFIED,UNVERIFIED,UNVERIFIED,Бесплатно.,ежедневно 19:00,ежедневно 19:00,UNVERIFIED,UNVERIFIED,2026-09-25,VERIFIED_CURRENT_PRIMARY,UNVERIFIED,UNVERIFIED,UNVERIFIED,UNVERIFIED,UNVERIFIED,UNVERIFIED,UNVERIFIED,UNVERIFIED,OPEN,200,https://www.proslavlenie.ru/ministration/nakormi-golodnogo,LOOSE_REVIEW,LOOSE_REVIEW,https://www.proslavlenie.ru/ministration/nakormi-golodnogo,YES,CURRENT_LOCATION_AND_SERVICE_REPORTED,UNVERIFIED_NO_LIVE_CHECK,UNVERIFIED,"Web sources cannot confirm a place, supplies, admission, or walk-in access today; contact the point before travel.",2026-09-26
Томская область,Томск,Орден Сестёр Матери Терезы,Бесплатная столовая при приюте,благотворительная столовая,религиозная,"ул. Бакунина, 5",UNVERIFIED,UNVERIFIED,UNVERIFIED,UNVERIFIED,https://www.riatomsk.ru/article/20260329/kuda-priiti-za-goryachim-obedom-nuzhdayuschimsya-tomicham,https://www.riatomsk.ru/article/20260329/kuda-priiti-za-goryachim-obedom-nuzhdayuschimsya-tomicham; https://sib-catholic.ru/ordinariy-preobrazhenskoy-eparhii-nachal-advent-2023-s-pastyirskogo-vizita-v-tomsk-foto/,YES,UNVERIFIED,UNVERIFIED,UNVERIFIED,UNVERIFIED,UNVERIFIED,UNVERIFIED,UNVERIFIED,UNVERIFIED,UNVERIFIED,UNVERIFIED,UNVERIFIED,UNVERIFIED,UNVERIFIED,"В бесплатной столовой при приюте кормят нуждающихся ежедневно, кроме четверга, в 15:00. Примечание: Столовая по новому адресу Бакунина, 5 открыта в 2023 и подтверждена обзором марта 2026. Условия проживания в приюте отдельно не подтверждены.",Бездомные и другие нуждающиеся.,UNVERIFIED,UNVERIFIED,UNVERIFIED,UNVERIFIED,UNVERIFIED,Бесплатно.,"Ежедневно, кроме четверга, 15:00","Ежедневно, кроме четверга, 15:00",UNVERIFIED,UNVERIFIED,2026-09-25,VERIFIED_CURRENT_MEDIA,UNVERIFIED,UNVERIFIED,UNVERIFIED,UNVERIFIED,UNVERIFIED,UNVERIFIED,UNVERIFIED,UNVERIFIED,OPEN,200,https://www.riatomsk.ru/article/20260329/kuda-priiti-za-goryachim-obedom-nuzhdayuschimsya-tomicham,EXACT_NORMALIZED,EXACT_NORMALIZED,https://www.riatomsk.ru/article/20260329/kuda-priiti-za-goryachim-obedom-nuzhdayuschimsya-tomicham,YES,CURRENT_LOCATION_AND_SERVICE_REPORTED,UNVERIFIED_NO_LIVE_CHECK,UNVERIFIED,"Web sources cannot confirm a place, supplies, admission, or walk-in access today; contact the point before travel.",2026-09-26
Томская область,Томск,Благотворительный фонд «Право на детство»,Склад дарёных вещей,гуманитарный склад выдачи,НКО,"ул. Гагарина, 36",+7 (3822) 53-51-01,UNVERIFIED,UNVERIFIED,https://deti-fond.tomsk.ru/,https://deti-fond.tomsk.ru/services/sklad-vesej,https://deti-fond.tomsk.ru/services/sklad-vesej; https://deti-fond.tomsk.ru/about/get_help; https://www.riatomsk.ru/article/20230311/tomichi-mogut-pomochj-s-otkritiem-kompjyuternogo-klassa-dlya-molodih-mam/; https://deti-fond.tomsk.ru/uploads/files/%D0%A4%D0%BE%D0%BD%D0%B4%20%D0%9F%D1%80%D0%B0%D0%B2%D0%BE%20%D0%BD%D0%B0%20%D0%B4%D0%B5%D1%82%D1%81%D1%82%D0%B2%D0%BE%20%D0%BE%D1%82%D1%87%D0%B5%D1%82%202023%20%D0%B3%D0%BE%D0%B4.pdf; https://deti-fond.tomsk.ru/news/obavlenie-izmenilos-vrema-raboty-sklada,UNVERIFIED,UNVERIFIED,UNVERIFIED,UNVERIFIED,RESTRICTIONS,UNVERIFIED,UNVERIFIED,UNVERIFIED,UNVERIFIED,UNVERIFIED,UNVERIFIED,UNVERIFIED,UNVERIFIED,UNVERIFIED,"Подопечные фонда могут бесплатно выбрать одежду и вещи для себя и детей на складе; склад расположен на Гагарина, 36. Примечание: Это реальный отдельный от центра склад вещей по Гагарина, 36; в ноябре 2025 фонд изменял часы работы, поэтому актуальное время выдачи следует узнать по телефону.",Юные мамы и семьи с детьми в трудной ситуации; отчёт фонда за 2023 год также сообщает о выдаче вещей другим обратившимся нуждающимся.,UNVERIFIED,UNVERIFIED,UNVERIFIED,UNVERIFIED,UNVERIFIED,Вещи для подопечных совершенно бесплатно.,По предварительному звонку; часы выдачи не подтверждены.,UNVERIFIED,UNVERIFIED,UNVERIFIED,2026-09-25,VERIFIED_CURRENT_PRIMARY,UNVERIFIED,UNVERIFIED,UNVERIFIED,UNVERIFIED,UNVERIFIED,UNVERIFIED,UNVERIFIED,UNVERIFIED,OPEN,200,https://deti-fond.tomsk.ru/services/sklad-vesej,EXACT_NORMALIZED,EXACT_NORMALIZED,https://deti-fond.tomsk.ru/services/sklad-vesej,YES,CURRENT_LOCATION_AND_SERVICE_REPORTED,UNVERIFIED_NO_LIVE_CHECK,UNVERIFIED,"Web sources cannot confirm a place, supplies, admission, or walk-in access today; contact the point before travel.",2026-09-26
Томская область,Томск,Благотворительный фонд «Право на детство»,Кризисный центр «Маленькая мама» — приём подопечных,кризисный центр с временным проживанием,НКО,"ул. Гагарина, 46",+7 (3822) 53-51-01,UNVERIFIED,UNVERIFIED,https://deti-fond.tomsk.ru/,https://deti-fond.tomsk.ru/about/get_help,https://deti-fond.tomsk.ru/about/get_help; https://deti-fond.tomsk.ru/services/malenkaa-mama; https://deti-fond.tomsk.ru/news; https://deti-fond.tomsk.ru/uploads/files/%D0%A4%D0%BE%D0%BD%D0%B4%20%D0%9F%D1%80%D0%B0%D0%B2%D0%BE%20%D0%BD%D0%B0%20%D0%B4%D0%B5%D1%82%D1%81%D1%82%D0%B2%D0%BE%20%D0%BE%D1%82%D1%87%D0%B5%D1%82%202023%20%D0%B3%D0%BE%D0%B4.pdf; https://deti-fond.tomsk.ru/news/radostnaa-novost-nas-priut-malenkaa-mama-snova-otkryt,UNVERIFIED,UNVERIFIED,UNVERIFIED,RESTRICTIONS,UNVERIFIED,UNVERIFIED,UNVERIFIED,UNVERIFIED,UNVERIFIED,UNVERIFIED,UNVERIFIED,UNVERIFIED,UNVERIFIED,RESTRICTIONS,"Фонд принимает юных беременных и матерей с детьми; после телефонного обращения и беседы куратор составляет индивидуальную программу. Для нуждающихся мам предусмотрено временное жилье. В отчете фонда есть случай предоставления бесплатного жилья и продуктов. Примечание: Это подтвержденный адрес приёма в фонд, но точный адрес спальных помещений на сайте отдельно не раскрыт. Приют после ремонта вновь открыт по сообщению фонда 2026 года; заселение только через обращение и оценку случая.","Несовершеннолетние и юные беременные, юные матери с детьми в кризисной ситуации из Томска и области.",Личные документы для беседы; затем соглашение по программе помощи.,UNVERIFIED,UNVERIFIED,YES,UNVERIFIED,Бесплатное жильё подтверждено отчетом фонда для подопечной; общие условия проживания требуют уточнения по телефону.,Пн–Пт 09:00–16:00,UNVERIFIED,UNVERIFIED,UNVERIFIED,2026-09-25,VERIFIED_CURRENT_PRIMARY,6 мам и 6 детей (по описанию фонда),UNVERIFIED,UNVERIFIED,UNVERIFIED,UNVERIFIED,UNVERIFIED,UNVERIFIED,UNVERIFIED,OPEN,200,https://deti-fond.tomsk.ru/about/get_help,EXACT_NORMALIZED,EXACT_NORMALIZED,https://deti-fond.tomsk.ru/about/get_help,YES,CURRENT_LOCATION_AND_SERVICE_REPORTED,UNVERIFIED_NO_LIVE_CHECK,UNVERIFIED,"Web sources cannot confirm a place, supplies, admission, or walk-in access today; contact the point before travel.",2026-09-26
Томская область,Томск,Благотворительный фонд «Рука помощи» / церковь «Прославление»,Проект «Накорми голодного» — пункт горячего питания,пункт бесплатного горячего питания,НКО / религиозная,"ул. Железнодорожная, 7",+7 (913) 109-98-80,+7 (800) 250-71-91,UNVERIFIED,https://www.proslavlenie.ru/ministration/nakormi-golodnogo,https://www.proslavlenie.ru/ministration/nakormi-golodnogo,https://www.proslavlenie.ru/ministration/nakormi-golodnogo; https://www.riatomsk.ru/article/20260329/kuda-priiti-za-goryachim-obedom-nuzhdayuschimsya-tomicham; https://cef.ru/novosti/volontery-cerkvi-proslavleniya-zapustili-besplatnye-strizhki-dlya-bezdomnyx-i-maloimushhix-v-tomske/,YES,UNVERIFIED,UNVERIFIED,UNVERIFIED,RESTRICTIONS,UNVERIFIED,UNVERIFIED,UNVERIFIED,UNVERIFIED,UNVERIFIED,UNVERIFIED,UNVERIFIED,UNVERIFIED,UNVERIFIED,"Бесплатная раздача горячей пищи бездомным, пенсионерам, инвалидам и малоимущим; одежда может выдаваться при наличии. Примечание: Точная точка и время указаны на официальной странице церкви; работа сети подтверждена обзором марта 2026 года.","Люди без жилья, малоимущие, пенсионеры, инвалиды и другие нуждающиеся.",UNVERIFIED,UNVERIFIED,UNVERIFIED,UNVERIFIED,UNVERIFIED,Бесплатно.,ежедневно 19:00,ежедневно 19:00,UNVERIFIED,UNVERIFIED,2026-09-25,VERIFIED_CURRENT_PRIMARY,UNVERIFIED,UNVERIFIED,UNVERIFIED,UNVERIFIED,UNVERIFIED,UNVERIFIED,UNVERIFIED,UNVERIFIED,OPEN,200,https://www.proslavlenie.ru/ministration/nakormi-golodnogo,LOOSE_REVIEW,LOOSE_REVIEW,https://www.proslavlenie.ru/ministration/nakormi-golodnogo,YES,CURRENT_LOCATION_AND_SERVICE_REPORTED,UNVERIFIED_NO_LIVE_CHECK,UNVERIFIED,"Web sources cannot confirm a place, supplies, admission, or walk-in access today; contact the point before travel.",2026-09-26
Томская область,Томск,Благотворительный фонд «Рука помощи» / церковь «Прославление»,Проект «Накорми голодного» — пункт горячего питания,пункт бесплатного горячего питания,НКО / религиозная,"ул. Ивана Черных, 81/1",+7 (913) 109-98-80,+7 (800) 250-71-91,UNVERIFIED,https://www.proslavlenie.ru/ministration/nakormi-golodnogo,https://www.proslavlenie.ru/ministration/nakormi-golodnogo,https://www.proslavlenie.ru/ministration/nakormi-golodnogo; https://www.riatomsk.ru/article/20260329/kuda-priiti-za-goryachim-obedom-nuzhdayuschimsya-tomicham; https://cef.ru/novosti/volontery-cerkvi-proslavleniya-zapustili-besplatnye-strizhki-dlya-bezdomnyx-i-maloimushhix-v-tomske/,YES,UNVERIFIED,UNVERIFIED,UNVERIFIED,RESTRICTIONS,UNVERIFIED,UNVERIFIED,UNVERIFIED,UNVERIFIED,UNVERIFIED,UNVERIFIED,UNVERIFIED,UNVERIFIED,UNVERIFIED,"Бесплатная раздача горячей пищи бездомным, пенсионерам, инвалидам и малоимущим; одежда может выдаваться при наличии. Примечание: Точная точка и время указаны на официальной странице церкви; работа сети подтверждена обзором марта 2026 года.","Люди без жилья, малоимущие, пенсионеры, инвалиды и другие нуждающиеся.",UNVERIFIED,UNVERIFIED,UNVERIFIED,UNVERIFIED,UNVERIFIED,Бесплатно.,ежедневно 19:00,ежедневно 19:00,UNVERIFIED,UNVERIFIED,2026-09-25,VERIFIED_CURRENT_PRIMARY,UNVERIFIED,UNVERIFIED,UNVERIFIED,UNVERIFIED,UNVERIFIED,UNVERIFIED,UNVERIFIED,UNVERIFIED,OPEN,200,https://www.proslavlenie.ru/ministration/nakormi-golodnogo,LOOSE_REVIEW,LOOSE_REVIEW,https://www.proslavlenie.ru/ministration/nakormi-golodnogo,YES,CURRENT_LOCATION_AND_SERVICE_REPORTED,UNVERIFIED_NO_LIVE_CHECK,UNVERIFIED,"Web sources cannot confirm a place, supplies, admission, or walk-in access today; contact the point before travel.",2026-09-26
Томская область,Томск,ОГАУ «Комплексный центр социального обслуживания населения Томской области»,Отделение срочного социального обслуживания,отделение срочной социальной помощи,государственная,"ул. Мокрушина, 20/3",+7 (3822) 46-74-56,+7 (3822) 60-71-94,kcsoto@social.tomsk.gov.ru,https://kcson.tom.ru/,https://dszn.tomsk.gov.ru/srochnye-sotsialnye-uslugi,https://dszn.tomsk.gov.ru/srochnye-sotsialnye-uslugi; https://kcson.tom.ru/%D0%B8%D0%BD%D1%84%D0%BE%D1%80%D0%BC%D0%B0%D1%86%D0%B8%D1%8F-%D0%BE%D0%B1-%D1%83%D1%87%D1%80%D0%B5%D0%B6%D0%B4%D0%B5%D0%BD%D0%B8%D0%B8/sample-page/; https://dszn.tomsk.gov.ru/documents/front/view/id/1270,RESTRICTIONS,RESTRICTIONS,UNVERIFIED,UNVERIFIED,RESTRICTIONS,RESTRICTIONS,UNVERIFIED,UNVERIFIED,UNVERIFIED,UNVERIFIED,UNVERIFIED,UNVERIFIED,UNVERIFIED,YES,"Областной департамент прямо направляет сюда за срочными социальными услугами: бесплатное горячее питание или продуктовый набор, одежда, обувь, предметы первой необходимости, содействие с временным жильем. Конкретный вид помощи определяется обращением и нуждаемостью. Примечание: Наличие конкретных продуктов или одежды в день обращения не подтверждено; звонить в отделение. Не путать со столовой для получателей круглосуточного обслуживания.","Граждане, нуждающиеся в неотложной социальной помощи.",Заявление; прочие документы зависят от обстоятельств.,UNVERIFIED,UNVERIFIED,UNVERIFIED,UNVERIFIED,Срочные социальные услуги предоставляются бесплатно по порядку Томской области.,"Пн–Пт 09:00–17:30, обед 13:00–13:30",UNVERIFIED,UNVERIFIED,UNVERIFIED,2026-09-25,CURRENT_OPERATION_CONFIRMED_SERVICES_OLDER,UNVERIFIED,UNVERIFIED,UNVERIFIED,UNVERIFIED,UNVERIFIED,UNVERIFIED,UNVERIFIED,UNVERIFIED,OPEN,200,https://dszn.tomsk.gov.ru/srochnye-sotsialnye-uslugi,EXACT_NORMALIZED,EXACT_NORMALIZED,https://dszn.tomsk.gov.ru/srochnye-sotsialnye-uslugi,YES,CURRENT_OPERATION_SERVICE_DETAILS_OLDER,UNVERIFIED_NO_LIVE_CHECK,UNVERIFIED,"Web sources cannot confirm a place, supplies, admission, or walk-in access today; contact the point before travel.",2026-09-26
Томская область,Томск,Благотворительный фонд «Рука помощи» / церковь «Прославление»,Проект «Накорми голодного» — пункт горячего питания,пункт бесплатного горячего питания,НКО / религиозная,"ул. Нахимова, 44",+7 (913) 109-98-80,+7 (800) 250-71-91,UNVERIFIED,https://www.proslavlenie.ru/ministration/nakormi-golodnogo,https://www.proslavlenie.ru/ministration/nakormi-golodnogo,https://www.proslavlenie.ru/ministration/nakormi-golodnogo; https://www.riatomsk.ru/article/20260329/kuda-priiti-za-goryachim-obedom-nuzhdayuschimsya-tomicham; https://cef.ru/novosti/volontery-cerkvi-proslavleniya-zapustili-besplatnye-strizhki-dlya-bezdomnyx-i-maloimushhix-v-tomske/,YES,UNVERIFIED,UNVERIFIED,UNVERIFIED,RESTRICTIONS,UNVERIFIED,UNVERIFIED,UNVERIFIED,UNVERIFIED,UNVERIFIED,UNVERIFIED,UNVERIFIED,UNVERIFIED,UNVERIFIED,"Бесплатная раздача горячей пищи бездомным, пенсионерам, инвалидам и малоимущим; одежда может выдаваться при наличии. Примечание: Точная точка и время указаны на официальной странице церкви; работа сети подтверждена обзором марта 2026 года.","Люди без жилья, малоимущие, пенсионеры, инвалиды и другие нуждающиеся.",UNVERIFIED,UNVERIFIED,UNVERIFIED,UNVERIFIED,UNVERIFIED,Бесплатно.,ежедневно 19:00; в четверг 20:00,ежедневно 19:00; в четверг 20:00,UNVERIFIED,UNVERIFIED,2026-09-25,VERIFIED_CURRENT_PRIMARY,UNVERIFIED,UNVERIFIED,UNVERIFIED,UNVERIFIED,UNVERIFIED,UNVERIFIED,UNVERIFIED,UNVERIFIED,OPEN,200,https://www.proslavlenie.ru/ministration/nakormi-golodnogo,LOOSE_REVIEW,LOOSE_REVIEW,https://www.proslavlenie.ru/ministration/nakormi-golodnogo,YES,CURRENT_LOCATION_AND_SERVICE_REPORTED,UNVERIFIED_NO_LIVE_CHECK,UNVERIFIED,"Web sources cannot confirm a place, supplies, admission, or walk-in access today; contact the point before travel.",2026-09-26
Томская область,Томск,Благотворительный фонд «Рука помощи» / церковь «Прославление»,Проект «Накорми голодного» — пункт горячего питания,пункт бесплатного горячего питания,НКО / религиозная,"ул. Профсоюзная, 9А",+7 (913) 109-98-80,+7 (800) 250-71-91,UNVERIFIED,https://www.proslavlenie.ru/ministration/nakormi-golodnogo,https://www.proslavlenie.ru/ministration/nakormi-golodnogo,https://www.proslavlenie.ru/ministration/nakormi-golodnogo; https://www.riatomsk.ru/article/20260329/kuda-priiti-za-goryachim-obedom-nuzhdayuschimsya-tomicham; https://cef.ru/novosti/volontery-cerkvi-proslavleniya-zapustili-besplatnye-strizhki-dlya-bezdomnyx-i-maloimushhix-v-tomske/,YES,UNVERIFIED,UNVERIFIED,UNVERIFIED,RESTRICTIONS,UNVERIFIED,UNVERIFIED,UNVERIFIED,UNVERIFIED,UNVERIFIED,UNVERIFIED,UNVERIFIED,UNVERIFIED,UNVERIFIED,"Бесплатная раздача горячей пищи бездомным, пенсионерам, инвалидам и малоимущим; одежда может выдаваться при наличии. Примечание: Точная точка и время указаны на официальной странице церкви; работа сети подтверждена обзором марта 2026 года.","Люди без жилья, малоимущие, пенсионеры, инвалиды и другие нуждающиеся.",UNVERIFIED,UNVERIFIED,UNVERIFIED,UNVERIFIED,UNVERIFIED,Бесплатно.,ежедневно 19:00,ежедневно 19:00,UNVERIFIED,UNVERIFIED,2026-09-25,VERIFIED_CURRENT_PRIMARY,UNVERIFIED,UNVERIFIED,UNVERIFIED,UNVERIFIED,UNVERIFIED,UNVERIFIED,UNVERIFIED,UNVERIFIED,OPEN,200,https://www.proslavlenie.ru/ministration/nakormi-golodnogo,LOOSE_REVIEW,LOOSE_REVIEW,https://www.proslavlenie.ru/ministration/nakormi-golodnogo,YES,CURRENT_LOCATION_AND_SERVICE_REPORTED,UNVERIFIED_NO_LIVE_CHECK,UNVERIFIED,"Web sources cannot confirm a place, supplies, admission, or walk-in access today; contact the point before travel.",2026-09-26
Томская область,Томск,Отдел социального служения Томской епархии,Епархиальный гуманитарный склад,склад бесплатной выдачи вещей,религиозная,"ул. Транспортная, 12",+7 (913) 114-26-14,UNVERIFIED,UNVERIFIED,https://socialte.tomsk.ru/,https://socialte.tomsk.ru/%D0%B3%D1%83%D0%BC%D0%B0%D0%BD%D0%B8%D1%82%D0%B0%D1%80%D0%BD%D1%8B%D0%B9-%D1%81%D0%BA%D0%BB%D0%B0%D0%B4/,https://socialte.tomsk.ru/%D0%B3%D1%83%D0%BC%D0%B0%D0%BD%D0%B8%D1%82%D0%B0%D1%80%D0%BD%D1%8B%D0%B9-%D1%81%D0%BA%D0%BB%D0%B0%D0%B4/; https://tomskeparhia.ru/eparhia/structure/; https://postertomsk.ru/kuda-sdat-starye-veschi,UNVERIFIED,UNVERIFIED,UNVERIFIED,UNVERIFIED,RESTRICTIONS,RESTRICTIONS,UNVERIFIED,UNVERIFIED,RESTRICTIONS,UNVERIFIED,UNVERIFIED,UNVERIFIED,UNVERIFIED,UNVERIFIED,"Выдача пожертвованных одежды, обуви, предметов гигиены и ухода нуждающимся. Приём заявок через приходских соцработников или по телефону. Примечание: Официальный сайт епархии подтверждает именно выдачу вещей, а не только приём пожертвований. Перед посещением лучше позвонить.","Многодетные и малоимущие семьи, беременные в кризисе, одинокие матери, пенсионеры, погорельцы и люди в трудной ситуации.",UNVERIFIED,UNVERIFIED,UNVERIFIED,RESTRICTIONS,UNVERIFIED,Безвозмездная вещная помощь; наличие зависит от пожертвований.,Чт 13:30–17:00; Сб 10:00–13:00,UNVERIFIED,UNVERIFIED,UNVERIFIED,2026-09-25,VERIFIED_CURRENT_PRIMARY,UNVERIFIED,UNVERIFIED,UNVERIFIED,UNVERIFIED,UNVERIFIED,UNVERIFIED,UNVERIFIED,UNVERIFIED,OPEN,200,https://socialte.tomsk.ru/%D0%B3%D1%83%D0%BC%D0%B0%D0%BD%D0%B8%D1%82%D0%B0%D1%80%D0%BD%D1%8B%D0%B9-%D1%81%D0%BA%D0%BB%D0%B0%D0%B4/,EXACT_NORMALIZED,EXACT_NORMALIZED,https://socialte.tomsk.ru/%D0%B3%D1%83%D0%BC%D0%B0%D0%BD%D0%B8%D1%82%D0%B0%D1%80%D0%BD%D1%8B%D0%B9-%D1%81%D0%BA%D0%BB%D0%B0%D0%B4/,YES,CURRENT_LOCATION_AND_SERVICE_REPORTED,UNVERIFIED_NO_LIVE_CHECK,UNVERIFIED,"Web sources cannot confirm a place, supplies, admission, or walk-in access today; contact the point before travel.",2026-09-26
Томская область,п. Штамово (Томск),Благотворительный фонд «Рука помощи» / церковь «Прославление»,Проект «Накорми голодного» — пункт горячего питания,пункт бесплатного горячего питания,НКО / религиозная,"ул. Больничная, 37Б",+7 (913) 109-98-80,+7 (800) 250-71-91,UNVERIFIED,https://www.proslavlenie.ru/ministration/nakormi-golodnogo,https://www.proslavlenie.ru/ministration/nakormi-golodnogo,https://www.proslavlenie.ru/ministration/nakormi-golodnogo; https://www.riatomsk.ru/article/20260329/kuda-priiti-za-goryachim-obedom-nuzhdayuschimsya-tomicham; https://cef.ru/novosti/volontery-cerkvi-proslavleniya-zapustili-besplatnye-strizhki-dlya-bezdomnyx-i-maloimushhix-v-tomske/,YES,UNVERIFIED,UNVERIFIED,UNVERIFIED,RESTRICTIONS,UNVERIFIED,UNVERIFIED,UNVERIFIED,UNVERIFIED,UNVERIFIED,UNVERIFIED,UNVERIFIED,UNVERIFIED,UNVERIFIED,"Бесплатная раздача горячей пищи бездомным, пенсионерам, инвалидам и малоимущим; одежда может выдаваться при наличии. Примечание: Адрес и часы подтверждены официальной страницей церкви; мартовский обзор РИА Томск перечисляет остальные адреса сети, но этот поселок не упоминает.","Люди без жилья, малоимущие, пенсионеры, инвалиды и другие нуждающиеся.",UNVERIFIED,UNVERIFIED,UNVERIFIED,UNVERIFIED,UNVERIFIED,Бесплатно.,ежедневно 20:00,ежедневно 20:00,UNVERIFIED,UNVERIFIED,2026-09-25,VERIFIED_CURRENT_PRIMARY,UNVERIFIED,UNVERIFIED,UNVERIFIED,UNVERIFIED,UNVERIFIED,UNVERIFIED,UNVERIFIED,UNVERIFIED,OPEN,200,https://www.proslavlenie.ru/ministration/nakormi-golodnogo,EXACT_NORMALIZED,EXACT_NORMALIZED,https://www.proslavlenie.ru/ministration/nakormi-golodnogo,YES,CURRENT_LOCATION_AND_SERVICE_REPORTED,UNVERIFIED_NO_LIVE_CHECK,UNVERIFIED,"Web sources cannot confirm a place, supplies, admission, or walk-in access today; contact the point before travel.",2026-09-26
Тульская область,Тула,Благотворительный фонд «Добродомик»,Благотворительное кафе «Добродомик»,бесплатная столовая,НКО,"просп. Ленина, 28",8 (910) 862-25-98,UNVERIFIED,UNVERIFIED,https://xn--90afbqkklbbr.xn--p1ai/,https://xn--90afbqkklbbr.xn--p1ai/,https://xn--90afbqkklbbr.xn--p1ai/; https://tula.er.ru/activity/news/v-tule-otkrylos-blagotvoritelnoe-kafe-dlya-pozhilyh-lyudej-dobrodomik; https://yandex.com/maps/org/dobrodomik_tula/90301316843/,RESTRICTIONS,UNVERIFIED,UNVERIFIED,UNVERIFIED,UNVERIFIED,UNVERIFIED,UNVERIFIED,UNVERIFIED,UNVERIFIED,UNVERIFIED,UNVERIFIED,UNVERIFIED,UNVERIFIED,UNVERIFIED,"Благотворительное кафе бесплатно кормит пожилых. Актуальная страница фонда и карточка на карте, подтверждённая владельцем, указывают просп. Ленина, 28. Старая публикация фонда об открытии указывала 28Б; номер дома перед визитом лучше уточнить по телефону. Примечание: Собственный сайт фонда указывает д. 28Б; сторонние сообщения иногда пишут д. 28.",Пенсионеры,UNVERIFIED,UNVERIFIED,UNVERIFIED,UNVERIFIED,UNVERIFIED,Бесплатно для пенсионеров,пн–пт 12:00–16:00,пн–пт 12:00–16:00,UNVERIFIED,UNVERIFIED,2026-09-25,PARTIAL_CURRENT_ADDRESS_CONFLICT,UNVERIFIED,UNVERIFIED,UNVERIFIED,UNVERIFIED,UNVERIFIED,UNVERIFIED,UNVERIFIED,UNVERIFIED,OPEN,200,https://xn--90afbqkklbbr.xn--p1ai/,LOOSE_REVIEW,LOOSE_REVIEW,https://xn--90afbqkklbbr.xn--p1ai/,YES,CURRENT_SOURCE_ADDRESS_CONFLICT,UNVERIFIED_NO_LIVE_CHECK,UNVERIFIED,"Web sources cannot confirm a place, supplies, admission, or walk-in access today; contact the point before travel.",2026-09-26
Тюменская область,Тюмень,Региональный центр «Семья»,Социальная служба «Лавка добра»,пункт выдачи вещей,UNVERIFIED,"Тюмень, ул. Амурская, 150",+7 (905) 825-96-66,UNVERIFIED,UNVERIFIED,https://xn--72-7lctqm.xn--p1ai/,https://xn--72-7lctqm.xn--p1ai/poluchit-odezhdu-i-obuv/,https://xn--72-7lctqm.xn--p1ai/poluchit-odezhdu-i-obuv/; https://xn---72-qddb6beykh5b6eub.xn--p1ai/%D0%B2%D0%BE%D0%BF%D1%80%D0%BE%D1%81-%D0%BE%D1%82%D0%B2%D0%B5%D1%82/; https://72.rosguard.gov.ru/news/article/rosgvardejcy-v-den-semi-lyubvi-i-vernosti-okazali-pomoshh-zhitelyam-tyumeni-okazavshimsya-v-slozhnoj-zhiznennoj-situacii,UNVERIFIED,UNVERIFIED,UNVERIFIED,UNVERIFIED,RESTRICTIONS,RESTRICTIONS,UNVERIFIED,UNVERIFIED,UNVERIFIED,UNVERIFIED,UNVERIFIED,UNVERIFIED,UNVERIFIED,UNVERIFIED,"Центр безвозмездно выдаёт нуждающимся одежду, обувь и другие предметы первой необходимости; необходима запись, удостоверение личности и заявление. Примечание: Официальный FAQ прямо подтверждает выдачу по адресу; независимое госведомство подтвердило действующую службу в июле 2026 года. Заявки по телефону принимаются по будням 09:00–13:00.",Граждане в трудной жизненной ситуации,"Паспорт либо другое удостоверение личности, заявление",RESTRICTIONS,UNVERIFIED,YES,UNVERIFIED,Бесплатно,Выдача вт–чт 10:00–17:00; пт 10:00–16:00; обед 13:00–14:00,UNVERIFIED,UNVERIFIED,UNVERIFIED,2026-09-25,VERIFIED_CURRENT_PRIMARY,UNVERIFIED,UNVERIFIED,UNVERIFIED,UNVERIFIED,UNVERIFIED,UNVERIFIED,UNVERIFIED,UNVERIFIED,OPEN,200,https://xn--72-7lctqm.xn--p1ai/poluchit-odezhdu-i-obuv/,EXACT_NORMALIZED,EXACT_NORMALIZED,https://xn--72-7lctqm.xn--p1ai/poluchit-odezhdu-i-obuv/,YES,CURRENT_LOCATION_AND_SERVICE_REPORTED,UNVERIFIED_NO_LIVE_CHECK,UNVERIFIED,"Web sources cannot confirm a place, supplies, admission, or walk-in access today; contact the point before travel.",2026-09-26
Тюменская область,Тюмень,АНО «Помощь рядом»,Тюменская Дармарка — помощь рядом,пункт выдачи вещей,НКО,"Тюмень, ул. Холодильная, 13А",+7 (961) 782-57-40,UNVERIFIED,UNVERIFIED,UNVERIFIED,https://www.press-release.ru/branches/org/__03_09_2026_13_56/,https://www.press-release.ru/branches/org/__03_09_2026_13_56/; https://morepost.ru/tyumen/event/otkrytie-obnovlionnogo-prostranstva-tiumenskaia-darmarka-pomoshch-riadom-45967; https://www.press-release.ru/branches/org/__11_09_2026_10_07/,UNVERIFIED,UNVERIFIED,UNVERIFIED,UNVERIFIED,YES,YES,UNVERIFIED,UNVERIFIED,UNVERIFIED,UNVERIFIED,UNVERIFIED,UNVERIFIED,UNVERIFIED,UNVERIFIED,"В открывшемся 10.09.2026 пространстве можно бесплатно выбрать одежду, обувь и предметы быта; рассчитано на семьи с детьми, пенсионеров и людей в трудной жизненной ситуации. Примечание: Открытие и бесплатную выдачу подтверждают сообщения организаторов от сентября 2026 года. Остальные боксы Дармарки — только пункты приёма, не включены.","Семьи с детьми, одинокие пенсионеры, люди в трудной жизненной ситуации",UNVERIFIED,UNVERIFIED,UNVERIFIED,UNVERIFIED,UNVERIFIED,Бесплатно,UNVERIFIED,UNVERIFIED,UNVERIFIED,https://www.press-release.ru/branches/org/__03_09_2026_13_56/,2026-09-25,VERIFIED_CURRENT_PRIMARY,UNVERIFIED,UNVERIFIED,UNVERIFIED,UNVERIFIED,UNVERIFIED,UNVERIFIED,UNVERIFIED,UNVERIFIED,OPEN,200,https://www.press-release.ru/branches/org/__03_09_2026_13_56/,EXACT_NORMALIZED,EXACT_NORMALIZED,https://www.press-release.ru/branches/org/__03_09_2026_13_56/,YES,CURRENT_LOCATION_AND_SERVICE_REPORTED,UNVERIFIED_NO_LIVE_CHECK,UNVERIFIED,"Web sources cannot confirm a place, supplies, admission, or walk-in access today; contact the point before travel.",2026-09-26
Удмуртская Республика,Ижевск,Благотворительный фонд «Благодарю»,Благотворительный склад — пункт выдачи,пункт выдачи вещей,НКО,"Ижевск, ул. Мельничная, 46",UNVERIFIED,UNVERIFIED,b.daryu@mail.ru,http://b-daryu.ru/,http://b-daryu.ru/,http://b-daryu.ru/; https://2gis.ru/izhevsk/branches/70000001006480039,UNVERIFIED,UNVERIFIED,UNVERIFIED,UNVERIFIED,RESTRICTIONS,RESTRICTIONS,UNVERIFIED,UNVERIFIED,UNVERIFIED,UNVERIFIED,UNVERIFIED,UNVERIFIED,UNVERIFIED,UNVERIFIED,"Фонд ежемесячно бесплатно выдаёт одежду и обувь нуждающимся; склад по ул. Мельничной, 46 отдельно обозначен как склад-пункт выдачи. Примечание: Основной сайт фонда подтверждает программу бесплатной выдачи и адрес склада, 2ГИС прямо обозначает его как пункт выдачи; часы выдачи отдельно не подтверждены. Магазины фонда на Пушкинской и Орджоникидзе не включены: там вещи продаются.","Малоимущие, пенсионеры, люди с инвалидностью, одинокие родители, выпускники детдомов, погорельцы, беженцы, многодетные семьи",Подтверждение льготной/нуждающейся категории согласно таблице фонда,UNVERIFIED,UNVERIFIED,UNVERIFIED,UNVERIFIED,Бесплатно для соответствующих категорий,"Пн–пт 10:00–18:00; сб 10:00–15:00 — часы склада, часы выдачи уточнить",UNVERIFIED,UNVERIFIED,UNVERIFIED,2026-09-25,PARTIAL_CURRENT,UNVERIFIED,UNVERIFIED,UNVERIFIED,UNVERIFIED,UNVERIFIED,UNVERIFIED,UNVERIFIED,UNVERIFIED,OPEN,200,http://b-daryu.ru/,LOOSE_REVIEW,LOOSE_REVIEW,http://b-daryu.ru/,YES,PARTIAL_CURRENT_REPORT,UNVERIFIED_NO_LIVE_CHECK,UNVERIFIED,"Web sources cannot confirm a place, supplies, admission, or walk-in access today; contact the point before travel.",2026-09-26
Ульяновская область,Ишеевка,«Приют человека» — Ульяновск,Пункт горячего питания в Ишеевке,благотворительный пункт горячего питания,НКО,"ул. Мира, 7",+7 (937) 278-50-55,UNVERIFIED,UNVERIFIED,https://priyut-ulyanovsk.ru/,https://priyut-ulyanovsk.ru/,https://priyut-ulyanovsk.ru/,YES,UNVERIFIED,UNVERIFIED,UNVERIFIED,UNVERIFIED,UNVERIFIED,UNVERIFIED,UNVERIFIED,UNVERIFIED,UNVERIFIED,UNVERIFIED,UNVERIFIED,UNVERIFIED,UNVERIFIED,Один из четырёх стационарных пунктов раздачи горячей еды. Проект сообщает о ежедневной выдаче 330 порций по сети четырёх точек. Примечание: Название проекта не доказывает ночлег: подтверждено только горячее питание. Действующий сайт с отдельными карточками всех четырёх адресов.,"люди в трудной жизненной ситуации, люди с инвалидностью, погорельцы, пенсионеры, бездомные",UNVERIFIED,UNVERIFIED,UNVERIFIED,UNVERIFIED,UNVERIFIED,благотворительная раздача горячей еды; плата с получателей не указана,сеть работает ежедневно; часы этой точки не указаны,UNVERIFIED,UNVERIFIED,UNVERIFIED,2026-09-25,VERIFIED_CURRENT_PRIMARY,UNVERIFIED,UNVERIFIED,UNVERIFIED,UNVERIFIED,UNVERIFIED,UNVERIFIED,UNVERIFIED,UNVERIFIED,OPEN,200,https://priyut-ulyanovsk.ru/,LOOSE_REVIEW,LOOSE_REVIEW,https://priyut-ulyanovsk.ru/,YES,CURRENT_LOCATION_AND_SERVICE_REPORTED,UNVERIFIED_NO_LIVE_CHECK,UNVERIFIED,"Web sources cannot confirm a place, supplies, admission, or walk-in access today; contact the point before travel.",2026-09-26
Ульяновская область,Ульяновск,«Приют человека» — Ульяновск,Пункт горячего питания на Генерала Тюленева,благотворительный пункт горячего питания,НКО,"ул. Генерала Тюленева, 18",+7 (937) 278-50-55,UNVERIFIED,UNVERIFIED,https://priyut-ulyanovsk.ru/,https://priyut-ulyanovsk.ru/,https://priyut-ulyanovsk.ru/,YES,UNVERIFIED,UNVERIFIED,UNVERIFIED,UNVERIFIED,UNVERIFIED,UNVERIFIED,UNVERIFIED,UNVERIFIED,UNVERIFIED,UNVERIFIED,UNVERIFIED,UNVERIFIED,UNVERIFIED,Один из четырёх стационарных пунктов раздачи горячей еды. Проект сообщает о ежедневной выдаче 330 порций по сети четырёх точек. Примечание: Название проекта не доказывает ночлег: подтверждено только горячее питание. Действующий сайт с отдельными карточками всех четырёх адресов.,"люди в трудной жизненной ситуации, люди с инвалидностью, погорельцы, пенсионеры, бездомные",UNVERIFIED,UNVERIFIED,UNVERIFIED,UNVERIFIED,UNVERIFIED,благотворительная раздача горячей еды; плата с получателей не указана,сеть работает ежедневно; часы этой точки не указаны,UNVERIFIED,UNVERIFIED,UNVERIFIED,2026-09-25,VERIFIED_CURRENT_PRIMARY,UNVERIFIED,UNVERIFIED,UNVERIFIED,UNVERIFIED,UNVERIFIED,UNVERIFIED,UNVERIFIED,UNVERIFIED,OPEN,200,https://priyut-ulyanovsk.ru/,LOOSE_REVIEW,LOOSE_REVIEW,https://priyut-ulyanovsk.ru/,YES,CURRENT_LOCATION_AND_SERVICE_REPORTED,UNVERIFIED_NO_LIVE_CHECK,UNVERIFIED,"Web sources cannot confirm a place, supplies, admission, or walk-in access today; contact the point before travel.",2026-09-26
Ульяновская область,Ульяновск,«Приют человека» — Ульяновск,Пункт горячего питания на Марата,благотворительный пункт горячего питания,НКО,"ул. Марата, 45, территория Центрального рынка",+7 (937) 278-50-55,UNVERIFIED,UNVERIFIED,https://priyut-ulyanovsk.ru/,https://priyut-ulyanovsk.ru/,https://priyut-ulyanovsk.ru/,YES,UNVERIFIED,UNVERIFIED,UNVERIFIED,UNVERIFIED,UNVERIFIED,UNVERIFIED,UNVERIFIED,UNVERIFIED,UNVERIFIED,UNVERIFIED,UNVERIFIED,UNVERIFIED,UNVERIFIED,Один из четырёх стационарных пунктов раздачи горячей еды. Проект сообщает о ежедневной выдаче 330 порций по сети четырёх точек. Примечание: Название проекта не доказывает ночлег: подтверждено только горячее питание. Действующий сайт с отдельными карточками всех четырёх адресов.,"люди в трудной жизненной ситуации, люди с инвалидностью, погорельцы, пенсионеры, бездомные",UNVERIFIED,UNVERIFIED,UNVERIFIED,UNVERIFIED,UNVERIFIED,благотворительная раздача горячей еды; плата с получателей не указана,сеть работает ежедневно; часы этой точки не указаны,UNVERIFIED,UNVERIFIED,UNVERIFIED,2026-09-25,VERIFIED_CURRENT_PRIMARY,UNVERIFIED,UNVERIFIED,UNVERIFIED,UNVERIFIED,UNVERIFIED,UNVERIFIED,UNVERIFIED,UNVERIFIED,OPEN,200,https://priyut-ulyanovsk.ru/,LOOSE_REVIEW,LOOSE_REVIEW,https://priyut-ulyanovsk.ru/,YES,CURRENT_LOCATION_AND_SERVICE_REPORTED,UNVERIFIED_NO_LIVE_CHECK,UNVERIFIED,"Web sources cannot confirm a place, supplies, admission, or walk-in access today; contact the point before travel.",2026-09-26
Ульяновская область,Ульяновск,«Приют человека» — Ульяновск,Пункт горячего питания на Шолмова,благотворительный пункт горячего питания,НКО,"ул. Шолмова, 20",+7 (937) 278-50-55,UNVERIFIED,UNVERIFIED,https://priyut-ulyanovsk.ru/,https://priyut-ulyanovsk.ru/,https://priyut-ulyanovsk.ru/,YES,UNVERIFIED,UNVERIFIED,UNVERIFIED,UNVERIFIED,UNVERIFIED,UNVERIFIED,UNVERIFIED,UNVERIFIED,UNVERIFIED,UNVERIFIED,UNVERIFIED,UNVERIFIED,UNVERIFIED,Один из четырёх стационарных пунктов раздачи горячей еды. Проект сообщает о ежедневной выдаче 330 порций по сети четырёх точек. Примечание: Название проекта не доказывает ночлег: подтверждено только горячее питание. Действующий сайт с отдельными карточками всех четырёх адресов.,"люди в трудной жизненной ситуации, люди с инвалидностью, погорельцы, пенсионеры, бездомные",UNVERIFIED,UNVERIFIED,UNVERIFIED,UNVERIFIED,UNVERIFIED,благотворительная раздача горячей еды; плата с получателей не указана,сеть работает ежедневно; часы этой точки не указаны,UNVERIFIED,UNVERIFIED,UNVERIFIED,2026-09-25,VERIFIED_CURRENT_PRIMARY,UNVERIFIED,UNVERIFIED,UNVERIFIED,UNVERIFIED,UNVERIFIED,UNVERIFIED,UNVERIFIED,UNVERIFIED,OPEN,200,https://priyut-ulyanovsk.ru/,LOOSE_REVIEW,LOOSE_REVIEW,https://priyut-ulyanovsk.ru/,YES,CURRENT_LOCATION_AND_SERVICE_REPORTED,UNVERIFIED_NO_LIVE_CHECK,UNVERIFIED,"Web sources cannot confirm a place, supplies, admission, or walk-in access today; contact the point before travel.",2026-09-26
Хабаровский край,Комсомольск-на-Амуре,ХКОО «Милосердие»,Гуманитарный склад в Комсомольске-на-Амуре,гуманитарный склад НКО,НКО,"ул. Гагарина, 15",+7 (914) 204-19-46,UNVERIFIED,UNVERIFIED,https://hkmiloserdie.ru/,https://hkmiloserdie.ru/gumanitarnyj-sklad-v-komsomolske-na-amure/,https://hkmiloserdie.ru/gumanitarnyj-sklad-v-komsomolske-na-amure/; https://vestidv.ru/news/2025/01/30/94148,UNVERIFIED,UNVERIFIED,UNVERIFIED,UNVERIFIED,YES,YES,UNVERIFIED,UNVERIFIED,UNVERIFIED,UNVERIFIED,UNVERIFIED,UNVERIFIED,UNVERIFIED,UNVERIFIED,Любой желающий может подобрать на складе одежду и обувь для взрослых и детей; региональное ТВ прямо подтверждает бесплатную выдачу. Вход со двора. Примечание: Официальный сайт организации подтверждает адрес и режим; ТВ 30.01.2025 подтверждает безвозмездность.,"Все желающие, особенно нуждающиеся.",UNVERIFIED,UNVERIFIED,UNVERIFIED,UNVERIFIED,UNVERIFIED,Бесплатно.,Ср–Вс 11:00–16:00.,UNVERIFIED,UNVERIFIED,UNVERIFIED,2026-09-25,VERIFIED_CURRENT_PRIMARY,UNVERIFIED,UNVERIFIED,UNVERIFIED,UNVERIFIED,UNVERIFIED,UNVERIFIED,UNVERIFIED,UNVERIFIED,OPEN,200,https://hkmiloserdie.ru/gumanitarnyj-sklad-v-komsomolske-na-amure/,LOOSE_REVIEW,LOOSE_REVIEW,https://hkmiloserdie.ru/gumanitarnyj-sklad-v-komsomolske-na-amure/,YES,CURRENT_LOCATION_AND_SERVICE_REPORTED,UNVERIFIED_NO_LIVE_CHECK,UNVERIFIED,"Web sources cannot confirm a place, supplies, admission, or walk-in access today; contact the point before travel.",2026-09-26
Хабаровский край,Хабаровск,Хабаровская епархия,Епархиальный гуманитарный склад при Свято-Елизаветинском храме,религиозный гуманитарный склад,религиозная,"ул. Воронежская, 49А",+7 (4212) 20-27-76,UNVERIFIED,UNVERIFIED,https://miloserdiedv.ru/,https://miloserdiedv.ru/o-nas/,https://miloserdiedv.ru/o-nas/; https://miloserdiedv.ru/category/gumanitarnyj-sklad/; https://social.diaconia.ru/service/4583,UNVERIFIED,RESTRICTIONS,UNVERIFIED,UNVERIFIED,RESTRICTIONS,UNVERIFIED,UNVERIFIED,UNVERIFIED,RESTRICTIONS,UNVERIFIED,UNVERIFIED,UNVERIFIED,UNVERIFIED,UNVERIFIED,"Епархиальный склад выдаёт нуждающимся продуктовые наборы, детское питание, вещи и средства гигиены; официальный сайт уточняет адрес и график склада. Примечание: Действующая страница епархии с публикациями 2025 подтверждает склад и услуги; адрес указан на странице того же портала в ответе администратора и в церковном реестре. Номер service/4583 требует проверки — не использовать при финальном выводе без сверки.",Люди в сложной жизненной ситуации.,UNVERIFIED,UNVERIFIED,UNVERIFIED,UNVERIFIED,UNVERIFIED,Благотворительная выдача; конкретные условия следует уточнить.,Пн–Пт 09:00–17:00; Вс 09:00–15:00; Сб выходной.,UNVERIFIED,UNVERIFIED,UNVERIFIED,2026-09-25,CURRENT_OPERATION_CONFIRMED_SERVICES_OLDER,UNVERIFIED,UNVERIFIED,UNVERIFIED,UNVERIFIED,UNVERIFIED,UNVERIFIED,UNVERIFIED,UNVERIFIED,OPEN,200,https://miloserdiedv.ru/o-nas/,EXACT_NORMALIZED,EXACT_NORMALIZED,https://miloserdiedv.ru/o-nas/,YES,CURRENT_OPERATION_SERVICE_DETAILS_OLDER,UNVERIFIED_NO_LIVE_CHECK,UNVERIFIED,"Web sources cannot confirm a place, supplies, admission, or walk-in access today; contact the point before travel.",2026-09-26
Ханты-Мансийский автономный округ — Югра,Нижневартовск,РОО «Центр поддержки семьи»,Центр выдачи помощи проекта «Помоги продержаться»,благотворительный пункт выдачи вещей,НКО,"ул. Мира, 11, ТК «Городок», вход с фасада, цокольный этаж",+7 (951) 964-06-04,UNVERIFIED,UNVERIFIED,https://cpsnv.ru/,https://cpsnv.ru/help-survive.php,https://cpsnv.ru/help-survive.php; https://edu.dobro.ru/upload/uf/257/25797f8e325c980e78d924b08c904367.pdf,UNVERIFIED,UNVERIFIED,UNVERIFIED,UNVERIFIED,RESTRICTIONS,RESTRICTIONS,UNVERIFIED,UNVERIFIED,UNVERIFIED,UNVERIFIED,UNVERIFIED,UNVERIFIED,UNVERIFIED,UNVERIFIED,"Действующая страница организации различает благотворительный склад (приём пожертвований) и отдельный центр выдачи в том же ТК «Городок»: вход с фасада, цокольный этаж. Подопечные организации получают там одежду, обувь и другие вещи. Номер дома 11 указан для того же ТК в абзаце о складе. Сборник Добро.ру называет вещевую помощь бесплатной.",Подопечные организации в трудной жизненной ситуации; условия включения уточнить по телефону.,UNVERIFIED,UNVERIFIED,UNVERIFIED,UNVERIFIED,UNVERIFIED,Бесплатная вещeвая помощь по сборнику Добро.ру.,11:00–16:00; выходные вторник и четверг по официальной странице.,UNVERIFIED,UNVERIFIED,https://cpsnv.ru/help-survive.php,2026-09-25,VERIFIED_CURRENT_PRIMARY_ADDRESS_CROSSCHECKED,UNVERIFIED,UNVERIFIED,UNVERIFIED,UNVERIFIED,UNVERIFIED,UNVERIFIED,UNVERIFIED,UNVERIFIED,OPEN,200,https://cpsnv.ru/help-survive.php,LOOSE_REVIEW,LOOSE_REVIEW,https://cpsnv.ru/help-survive.php,YES,CURRENT_LOCATION_AND_SERVICE_REPORTED,UNVERIFIED_NO_LIVE_CHECK,UNVERIFIED,"Web sources cannot confirm a place, supplies, admission, or walk-in access today; contact the point before travel.",2026-09-26
Херсонская область,Скадовск,Патриаршая гуманитарная миссия,Центр помощи в Скадовск,гуманитарный центр,религиозная благотворительная организация,"ул. Гагарина, 147, Ильинский храм",+7 (990) 195-43-05,UNVERIFIED,UNVERIFIED,https://xn--90abhdb1bnbg7frc.xn--p1ai/,https://xn--90abhdb1bnbg7frc.xn--p1ai/branch/czentr-pomoshhi-v-skadovske/,https://xn--90abhdb1bnbg7frc.xn--p1ai/branch/czentr-pomoshhi-v-skadovske/; https://xn--90abhdb1bnbg7frc.xn--p1ai/necessary/; https://xn--90abhdb1bnbg7frc.xn--p1ai/help-types/,UNVERIFIED,RESTRICTIONS,UNVERIFIED,UNVERIFIED,RESTRICTIONS,UNVERIFIED,UNVERIFIED,UNVERIFIED,RESTRICTIONS,UNVERIFIED,UNVERIFIED,UNVERIFIED,UNVERIFIED,YES,"Приём нуждающихся дважды в неделю; обращаются за одеждой, продуктами и средствами ухода.","пострадавшие мирные жители, беженцы, нуждающиеся семьи",UNVERIFIED,UNVERIFIED,UNVERIFIED,UNVERIFIED,UNVERIFIED,Безвозмездно для пострадавших (официальная страница видов помощи миссии).,Пн и Чт 09:00–12:00,UNVERIFIED,UNVERIFIED,UNVERIFIED,2026-09-25,PARTIAL_CURRENT,UNVERIFIED,UNVERIFIED,UNVERIFIED,UNVERIFIED,UNVERIFIED,UNVERIFIED,UNVERIFIED,UNVERIFIED,OPEN,200,https://xn--90abhdb1bnbg7frc.xn--p1ai/branch/czentr-pomoshhi-v-skadovske/,EXACT_NORMALIZED,EXACT_NORMALIZED,https://xn--90abhdb1bnbg7frc.xn--p1ai/branch/czentr-pomoshhi-v-skadovske/,YES,PARTIAL_CURRENT_REPORT,UNVERIFIED_NO_LIVE_CHECK,UNVERIFIED,"Web sources cannot confirm a place, supplies, admission, or walk-in access today; contact the point before travel.",2026-09-26
Челябинская область,Миасс,Храм иконы Божией Матери «Достойно есть»,Бесплатное кормление на территории храма,пункт бесплатного питания при храме,религиозная,"просп. Макеева, 36Б",+7 (351) 777-36-68,UNVERIFIED,UNVERIFIED,https://socslujenie74.ru/map,https://socslujenie74.ru/map,https://socslujenie74.ru/map,YES,UNVERIFIED,UNVERIFIED,UNVERIFIED,UNVERIFIED,UNVERIFIED,UNVERIFIED,UNVERIFIED,UNVERIFIED,UNVERIFIED,UNVERIFIED,UNVERIFIED,UNVERIFIED,UNVERIFIED,Бесплатное горячее питание на территории храма.,нуждающиеся,UNVERIFIED,UNVERIFIED,UNVERIFIED,UNVERIFIED,UNVERIFIED,бесплатно,"Вт, Пт, Вс 13:00","Вт, Пт, Вс 13:00",UNVERIFIED,https://socslujenie74.ru/map,2026-09-25,VERIFIED_CURRENT_PRIMARY,UNVERIFIED,UNVERIFIED,UNVERIFIED,UNVERIFIED,UNVERIFIED,UNVERIFIED,UNVERIFIED,UNVERIFIED,OPEN,200,https://socslujenie74.ru/map,LOOSE_REVIEW,LOOSE_REVIEW,https://socslujenie74.ru/map,YES,CURRENT_LOCATION_AND_SERVICE_REPORTED,UNVERIFIED_NO_LIVE_CHECK,UNVERIFIED,"Web sources cannot confirm a place, supplies, admission, or walk-in access today; contact the point before travel.",2026-09-26
Челябинская область,Челябинск,АНО социальной помощи «Жизнь»,«ДУШевная прачечная»,санитарно-гигиенический пункт и вещевой склад,НКО,"Свердловский проспект, 12, цоколь",+7 (351) 222-68-88,+7 (919) 307-13-13,lifeandpeace74@mail.ru,https://buslife74.ru/,https://buslife74.ru/dushevnaya-prachechnaya,https://buslife74.ru/dushevnaya-prachechnaya,UNVERIFIED,UNVERIFIED,UNVERIFIED,UNVERIFIED,YES,UNVERIFIED,YES,YES,UNVERIFIED,UNVERIFIED,UNVERIFIED,YES,UNVERIFIED,UNVERIFIED,"Бесплатный душ, стирка и сушка, выдача чистой одежды и нового белья; адаптированный душ и туалет; администратор консультирует по помощи.",бездомные и все нуждающиеся,не требуются,NO,UNVERIFIED,NO,UNVERIFIED,бесплатно,Пн–Пт 10:00–17:00,UNVERIFIED,UNVERIFIED,https://buslife74.ru/dushevnaya-prachechnaya,2026-09-25,VERIFIED_CURRENT_PRIMARY,UNVERIFIED,UNVERIFIED,UNVERIFIED,UNVERIFIED,UNVERIFIED,UNVERIFIED,UNVERIFIED,UNVERIFIED,OPEN,200,https://buslife74.ru/dushevnaya-prachechnaya,EXACT_NORMALIZED,EXACT_NORMALIZED,https://buslife74.ru/dushevnaya-prachechnaya,YES,CURRENT_LOCATION_AND_SERVICE_REPORTED,UNVERIFIED_NO_LIVE_CHECK,UNVERIFIED,"Web sources cannot confirm a place, supplies, admission, or walk-in access today; contact the point before travel.",2026-09-26
Челябинская область,Челябинск,Челябинский благотворительный фонд «Банк еды „Русь“»,Собственный пункт выдачи помощи,пункт выдачи продовольственной помощи,НКО,"просп. Победы, 160, помещение/офис 108/245",+7 (951) 245-58-55,"+7 (495) 212-14-92, доб. 66",chelyabinsk@foodbankrus.ru,https://foodbankrus74.ru/,https://foodbankrus74.ru/o-fonde,https://foodbankrus74.ru/o-fonde; https://foodbankrus74.ru/kontakty,UNVERIFIED,RESTRICTIONS,UNVERIFIED,UNVERIFIED,UNVERIFIED,UNVERIFIED,UNVERIFIED,UNVERIFIED,UNVERIFIED,UNVERIFIED,UNVERIFIED,UNVERIFIED,UNVERIFIED,UNVERIFIED,Фонд прямо указывает собственный пункт выдачи помощи по этому адресу; передаёт продукты остронуждающимся. Примечание: Сайт не публикует порядок самостоятельного получения и часы; перед визитом нужно уточнить по телефону.,"малоимущие семьи с детьми, нуждающиеся пенсионеры, пострадавшие от ЧС",UNVERIFIED,UNVERIFIED,UNVERIFIED,UNVERIFIED,UNVERIFIED,бесплатно при отборе фондом,UNVERIFIED,UNVERIFIED,UNVERIFIED,https://foodbankrus74.ru/o-fonde,2026-09-25,VERIFIED_CURRENT_PRIMARY,UNVERIFIED,UNVERIFIED,UNVERIFIED,UNVERIFIED,UNVERIFIED,UNVERIFIED,UNVERIFIED,UNVERIFIED,OPEN,200,https://foodbankrus74.ru/o-fonde,LOOSE_REVIEW,LOOSE_REVIEW,https://foodbankrus74.ru/o-fonde,YES,CURRENT_LOCATION_AND_SERVICE_REPORTED,UNVERIFIED_NO_LIVE_CHECK,UNVERIFIED,"Web sources cannot confirm a place, supplies, admission, or walk-in access today; contact the point before travel.",2026-09-26
Челябинская область,Челябинск,Благотворительный фонд «Во славу Божию»,Бесплатное кормление,пункт раздачи горячего питания,НКО,"ул. Болейко, 7Б",+7 (351) 777-36-68,UNVERIFIED,UNVERIFIED,https://socslujenie74.ru/map,https://socslujenie74.ru/map,https://socslujenie74.ru/map,YES,UNVERIFIED,UNVERIFIED,UNVERIFIED,UNVERIFIED,UNVERIFIED,UNVERIFIED,UNVERIFIED,UNVERIFIED,UNVERIFIED,UNVERIFIED,UNVERIFIED,UNVERIFIED,UNVERIFIED,Епархиальная маршрутная карта подтверждает благотворительное кормление в будни.,нуждающиеся,UNVERIFIED,UNVERIFIED,UNVERIFIED,UNVERIFIED,UNVERIFIED,бесплатно,Пн–Пт 11:30,Пн–Пт 11:30,UNVERIFIED,https://socslujenie74.ru/map,2026-09-25,VERIFIED_CURRENT_PRIMARY,UNVERIFIED,UNVERIFIED,UNVERIFIED,UNVERIFIED,UNVERIFIED,UNVERIFIED,UNVERIFIED,UNVERIFIED,OPEN,200,https://socslujenie74.ru/map,EXACT_NORMALIZED,EXACT_NORMALIZED,https://socslujenie74.ru/map,YES,CURRENT_LOCATION_AND_SERVICE_REPORTED,UNVERIFIED_NO_LIVE_CHECK,UNVERIFIED,"Web sources cannot confirm a place, supplies, admission, or walk-in access today; contact the point before travel.",2026-09-26
Челябинская область,Челябинск,Храм «Нечаянная Радость»,Социальная помощь при храме,церковный пункт питания и выдачи одежды,религиозная,"ул. Воровского, 16А",+7 (351) 777-36-68,UNVERIFIED,UNVERIFIED,https://socslujenie74.ru/map,https://socslujenie74.ru/map,https://socslujenie74.ru/map,RESTRICTIONS,UNVERIFIED,UNVERIFIED,UNVERIFIED,RESTRICTIONS,UNVERIFIED,UNVERIFIED,UNVERIFIED,UNVERIFIED,UNVERIFIED,RESTRICTIONS,UNVERIFIED,UNVERIFIED,UNVERIFIED,"По обращению нуждающегося можно получить питание, одежду и первую медицинскую помощь/медикаменты.",нуждающиеся,UNVERIFIED,UNVERIFIED,UNVERIFIED,UNVERIFIED,UNVERIFIED,бесплатно для нуждающихся,"Пн–Пт, в течение дня, по обращению",UNVERIFIED,UNVERIFIED,https://socslujenie74.ru/map,2026-09-25,VERIFIED_CURRENT_PRIMARY,UNVERIFIED,UNVERIFIED,UNVERIFIED,UNVERIFIED,UNVERIFIED,UNVERIFIED,UNVERIFIED,UNVERIFIED,OPEN,200,https://socslujenie74.ru/map,EXACT_NORMALIZED,EXACT_NORMALIZED,https://socslujenie74.ru/map,YES,CURRENT_LOCATION_AND_SERVICE_REPORTED,UNVERIFIED_NO_LIVE_CHECK,UNVERIFIED,"Web sources cannot confirm a place, supplies, admission, or walk-in access today; contact the point before travel.",2026-09-26
Челябинская область,Челябинск,Храм великомученика Георгия Победоносца,Пункт выдачи одежды нуждающимся,церковный пункт выдачи одежды,религиозная,"ул. Жукова, 30",+7 (351) 777-36-68,UNVERIFIED,UNVERIFIED,https://socslujenie74.ru/map,https://socslujenie74.ru/map,https://socslujenie74.ru/map,UNVERIFIED,UNVERIFIED,UNVERIFIED,UNVERIFIED,YES,UNVERIFIED,UNVERIFIED,UNVERIFIED,UNVERIFIED,UNVERIFIED,UNVERIFIED,UNVERIFIED,UNVERIFIED,RESTRICTIONS,Бесплатная одежда для нуждающихся и многодетных семей; также помогает с социальными вопросами.,нуждающиеся,UNVERIFIED,UNVERIFIED,UNVERIFIED,UNVERIFIED,UNVERIFIED,бесплатно,Сб с 12:00,UNVERIFIED,UNVERIFIED,https://socslujenie74.ru/map,2026-09-25,VERIFIED_CURRENT_PRIMARY,UNVERIFIED,UNVERIFIED,UNVERIFIED,UNVERIFIED,UNVERIFIED,UNVERIFIED,UNVERIFIED,UNVERIFIED,OPEN,200,https://socslujenie74.ru/map,EXACT_NORMALIZED,EXACT_NORMALIZED,https://socslujenie74.ru/map,YES,CURRENT_LOCATION_AND_SERVICE_REPORTED,UNVERIFIED_NO_LIVE_CHECK,UNVERIFIED,"Web sources cannot confirm a place, supplies, admission, or walk-in access today; contact the point before travel.",2026-09-26
Челябинская область,Челябинск,Социальный отдел Челябинской епархии,Раздача горячего питания у Свято-Симеоновского собора,пункт раздачи горячего питания,религиозная,"ул. Каслинская, 24",+7 (351) 777-36-68,UNVERIFIED,UNVERIFIED,https://socslujenie74.ru/map,https://socslujenie74.ru/map,https://socslujenie74.ru/map,YES,UNVERIFIED,UNVERIFIED,UNVERIFIED,UNVERIFIED,UNVERIFIED,UNVERIFIED,UNVERIFIED,UNVERIFIED,UNVERIFIED,UNVERIFIED,UNVERIFIED,UNVERIFIED,UNVERIFIED,"Храм Иоанна Воина и Свято-Симеоновский собор проводят бесплатное кормление по адресу Каслинская, 24.",нуждающиеся,UNVERIFIED,UNVERIFIED,UNVERIFIED,UNVERIFIED,UNVERIFIED,бесплатно,"Пн, Ср, Пт 12:00–13:00","Пн, Ср, Пт 12:00–13:00",UNVERIFIED,https://socslujenie74.ru/map,2026-09-25,VERIFIED_CURRENT_PRIMARY,UNVERIFIED,UNVERIFIED,UNVERIFIED,UNVERIFIED,UNVERIFIED,UNVERIFIED,UNVERIFIED,UNVERIFIED,OPEN,200,https://socslujenie74.ru/map,EXACT_NORMALIZED,EXACT_NORMALIZED,https://socslujenie74.ru/map,YES,CURRENT_LOCATION_AND_SERVICE_REPORTED,UNVERIFIED_NO_LIVE_CHECK,UNVERIFIED,"Web sources cannot confirm a place, supplies, admission, or walk-in access today; contact the point before travel.",2026-09-26
Челябинская область,Челябинск,Благотворительный фонд «Добродомик»,Благотворительное кафе «Добродомик» — Челябинск,благотворительное кафе,НКО,"ул. Каслинская, 34",+7 (912) 773-34-33,UNVERIFIED,UNVERIFIED,https://xn--90afbqkklbbr.xn--p1ai/,https://xn--90afbqkklbbr.xn--p1ai/,https://xn--90afbqkklbbr.xn--p1ai/,RESTRICTIONS,UNVERIFIED,UNVERIFIED,UNVERIFIED,UNVERIFIED,UNVERIFIED,UNVERIFIED,UNVERIFIED,UNVERIFIED,UNVERIFIED,UNVERIFIED,UNVERIFIED,UNVERIFIED,UNVERIFIED,Бесплатный горячий обед для пожилых людей; адрес и время работы опубликованы фондом.,пожилые люди,UNVERIFIED,UNVERIFIED,UNVERIFIED,UNVERIFIED,UNVERIFIED,бесплатно,12:00–16:00,12:00–16:00,UNVERIFIED,UNVERIFIED,2026-09-25,VERIFIED_CURRENT_PRIMARY,UNVERIFIED,UNVERIFIED,UNVERIFIED,UNVERIFIED,UNVERIFIED,UNVERIFIED,UNVERIFIED,UNVERIFIED,OPEN,200,https://xn--90afbqkklbbr.xn--p1ai/,LOOSE_REVIEW,LOOSE_REVIEW,https://xn--90afbqkklbbr.xn--p1ai/,YES,CURRENT_LOCATION_AND_SERVICE_REPORTED,UNVERIFIED_NO_LIVE_CHECK,UNVERIFIED,"Web sources cannot confirm a place, supplies, admission, or walk-in access today; contact the point before travel.",2026-09-26
Челябинская область,Челябинск,АНО социальной помощи «Жизнь»,«Автобус жизни» — постоянная остановка,постоянная остановка мобильного пункта помощи,НКО,"ул. Культуры, 102 (у ПТУ)",+7 (351) 222-68-88,+7 (919) 307-13-13,lifeandpeace74@mail.ru,https://buslife74.ru/,https://buslife74.ru/avtobus-zhizni,https://buslife74.ru/avtobus-zhizni,YES,UNVERIFIED,UNVERIFIED,UNVERIFIED,RESTRICTIONS,RESTRICTIONS,UNVERIFIED,UNVERIFIED,RESTRICTIONS,UNVERIFIED,RESTRICTIONS,YES,UNVERIFIED,UNVERIFIED,"На регулярной стоянке выдают горячий обед, чистую одежду и обувь; средства гигиены раз в три месяца; социальный работник консультирует, при необходимости делает перевязки. Примечание: Постоянная стоянка по текущему расписанию на собственном сайте; мобильный автобус присутствует только в указанный день и час.","бездомные, малоимущие пенсионеры и инвалиды, другие люди в беде",UNVERIFIED,UNVERIFIED,UNVERIFIED,UNVERIFIED,UNVERIFIED,бесплатно,Пн 12:00,Пн 12:00,UNVERIFIED,https://buslife74.ru/avtobus-zhizni,2026-09-25,VERIFIED_CURRENT_PRIMARY,UNVERIFIED,UNVERIFIED,UNVERIFIED,UNVERIFIED,UNVERIFIED,UNVERIFIED,UNVERIFIED,UNVERIFIED,OPEN,200,https://buslife74.ru/avtobus-zhizni,LOOSE_REVIEW,LOOSE_REVIEW,https://buslife74.ru/avtobus-zhizni,YES,CURRENT_LOCATION_AND_SERVICE_REPORTED,UNVERIFIED_NO_LIVE_CHECK,UNVERIFIED,"Web sources cannot confirm a place, supplies, admission, or walk-in access today; contact the point before travel.",2026-09-26
Челябинская область,Челябинск,АНО социальной помощи «Жизнь»,«Автобус жизни» — постоянная остановка,постоянная остановка мобильного пункта помощи,НКО,"ул. Либединского, 31",+7 (351) 222-68-88,+7 (919) 307-13-13,lifeandpeace74@mail.ru,https://buslife74.ru/,https://buslife74.ru/avtobus-zhizni,https://buslife74.ru/avtobus-zhizni,YES,UNVERIFIED,UNVERIFIED,UNVERIFIED,RESTRICTIONS,RESTRICTIONS,UNVERIFIED,UNVERIFIED,RESTRICTIONS,UNVERIFIED,RESTRICTIONS,YES,UNVERIFIED,UNVERIFIED,"На регулярной стоянке выдают горячий обед, чистую одежду и обувь; средства гигиены раз в три месяца; социальный работник консультирует, при необходимости делает перевязки. Примечание: Постоянная стоянка по текущему расписанию на собственном сайте; мобильный автобус присутствует только в указанный день и час.","бездомные, малоимущие пенсионеры и инвалиды, другие люди в беде",UNVERIFIED,UNVERIFIED,UNVERIFIED,UNVERIFIED,UNVERIFIED,бесплатно,Пт 12:00,Пт 12:00,UNVERIFIED,https://buslife74.ru/avtobus-zhizni,2026-09-25,VERIFIED_CURRENT_PRIMARY,UNVERIFIED,UNVERIFIED,UNVERIFIED,UNVERIFIED,UNVERIFIED,UNVERIFIED,UNVERIFIED,UNVERIFIED,OPEN,200,https://buslife74.ru/avtobus-zhizni,EXACT_NORMALIZED,EXACT_NORMALIZED,https://buslife74.ru/avtobus-zhizni,YES,CURRENT_LOCATION_AND_SERVICE_REPORTED,UNVERIFIED_NO_LIVE_CHECK,UNVERIFIED,"Web sources cannot confirm a place, supplies, admission, or walk-in access today; contact the point before travel.",2026-09-26
Челябинская область,Челябинск,Приход храма святого мученика Иоанна Воина,Иоанновская благотворительная столовая,благотворительная столовая,религиозная,"ул. Молодогвардейцев, 31А",+7 (951) 804-46-23,UNVERIFIED,hramiv74@mail.ru,https://hramiv74.ru/socialservice,https://hramiv74.ru/socialservice,https://hramiv74.ru/socialservice; https://socslujenie74.ru/map,YES,UNVERIFIED,UNVERIFIED,UNVERIFIED,UNVERIFIED,UNVERIFIED,UNVERIFIED,UNVERIFIED,UNVERIFIED,UNVERIFIED,UNVERIFIED,UNVERIFIED,UNVERIFIED,UNVERIFIED,"Полноценное горячее питание малоимущим, многодетным семьям, пенсионерам, инвалидам и бездомным; столовая принимает 100–140 человек в день.","малоимущие, многодетные семьи, пенсионеры, инвалиды, бездомные",UNVERIFIED,UNVERIFIED,UNVERIFIED,UNVERIFIED,UNVERIFIED,бесплатно,Пн–Сб 12:00–15:00,Пн–Сб 12:00–15:00,UNVERIFIED,https://hramiv74.ru/socialservice,2026-09-25,VERIFIED_CURRENT_PRIMARY,UNVERIFIED,UNVERIFIED,UNVERIFIED,UNVERIFIED,UNVERIFIED,UNVERIFIED,UNVERIFIED,UNVERIFIED,OPEN,200,https://hramiv74.ru/socialservice,LOOSE_REVIEW,EXACT_NORMALIZED,https://socslujenie74.ru/map,YES,CURRENT_LOCATION_AND_SERVICE_REPORTED,UNVERIFIED_NO_LIVE_CHECK,UNVERIFIED,"Web sources cannot confirm a place, supplies, admission, or walk-in access today; contact the point before travel.",2026-09-26
Челябинская область,Челябинск,АНО социальной помощи «Жизнь»,«Автобус жизни» — постоянная остановка,постоянная остановка мобильного пункта помощи,НКО,"ул. Отечественная, 8",+7 (351) 222-68-88,+7 (919) 307-13-13,lifeandpeace74@mail.ru,https://buslife74.ru/,https://buslife74.ru/avtobus-zhizni,https://buslife74.ru/avtobus-zhizni,YES,UNVERIFIED,UNVERIFIED,UNVERIFIED,RESTRICTIONS,RESTRICTIONS,UNVERIFIED,UNVERIFIED,RESTRICTIONS,UNVERIFIED,RESTRICTIONS,YES,UNVERIFIED,UNVERIFIED,"На регулярной стоянке выдают горячий обед, чистую одежду и обувь; средства гигиены раз в три месяца; социальный работник консультирует, при необходимости делает перевязки. Примечание: Постоянная стоянка по текущему расписанию на собственном сайте; мобильный автобус присутствует только в указанный день и час.","бездомные, малоимущие пенсионеры и инвалиды, другие люди в беде",UNVERIFIED,UNVERIFIED,UNVERIFIED,UNVERIFIED,UNVERIFIED,бесплатно,Ср 12:00,Ср 12:00,UNVERIFIED,https://buslife74.ru/avtobus-zhizni,2026-09-25,VERIFIED_CURRENT_PRIMARY,UNVERIFIED,UNVERIFIED,UNVERIFIED,UNVERIFIED,UNVERIFIED,UNVERIFIED,UNVERIFIED,UNVERIFIED,OPEN,200,https://buslife74.ru/avtobus-zhizni,EXACT_NORMALIZED,EXACT_NORMALIZED,https://buslife74.ru/avtobus-zhizni,YES,CURRENT_LOCATION_AND_SERVICE_REPORTED,UNVERIFIED_NO_LIVE_CHECK,UNVERIFIED,"Web sources cannot confirm a place, supplies, admission, or walk-in access today; contact the point before travel.",2026-09-26
Челябинская область,Челябинск,Храм великомученика и целителя Пантелеимона,Уличная раздача горячих обедов,постоянная уличная точка питания,религиозная,"ул. Российская, 22/1 (двор дома)",+7 (351) 727-11-07,UNVERIFIED,UNVERIFIED,https://mitropolia74.ru/novosti/prikhozhane_khrama_velikomuchenika_i_tselitelya_panteleimona_kormyat_besplatnymi_obedami_nuzhdayushch/,https://mitropolia74.ru/novosti/prikhozhane_khrama_velikomuchenika_i_tselitelya_panteleimona_kormyat_besplatnymi_obedami_nuzhdayushch/,https://mitropolia74.ru/novosti/prikhozhane_khrama_velikomuchenika_i_tselitelya_panteleimona_kormyat_besplatnymi_obedami_nuzhdayushch/,YES,UNVERIFIED,UNVERIFIED,UNVERIFIED,UNVERIFIED,UNVERIFIED,UNVERIFIED,UNVERIFIED,UNVERIFIED,UNVERIFIED,UNVERIFIED,UNVERIFIED,UNVERIFIED,UNVERIFIED,Прихожане бесплатно кормят нуждающихся горячими обедами во дворе дома каждую неделю. Примечание: Расписание подтверждено епархиальной новостью от 04.07.2025; отдельного подтверждения в сентябре 2026 нет.,"бездомные, малообеспеченные, одинокие пожилые и другие нуждающиеся",UNVERIFIED,UNVERIFIED,UNVERIFIED,UNVERIFIED,UNVERIFIED,бесплатно,Вт 13:00,Вт 13:00,UNVERIFIED,https://mitropolia74.ru/novosti/prikhozhane_khrama_velikomuchenika_i_tselitelya_panteleimona_kormyat_besplatnymi_obedami_nuzhdayushch/,2026-09-25,CURRENT_OPERATION_CONFIRMED_SERVICES_OLDER,UNVERIFIED,UNVERIFIED,UNVERIFIED,UNVERIFIED,UNVERIFIED,UNVERIFIED,UNVERIFIED,UNVERIFIED,OPEN,200,https://mitropolia74.ru/novosti/prikhozhane_khrama_velikomuchenika_i_tselitelya_panteleimona_kormyat_besplatnymi_obedami_nuzhdayushch/,NOT_IN_PRIMARY_TEXT,NOT_IN_PRIMARY_TEXT,https://mitropolia74.ru/novosti/prikhozhane_khrama_velikomuchenika_i_tselitelya_panteleimona_kormyat_besplatnymi_obedami_nuzhdayushch/,YES,CURRENT_OPERATION_SERVICE_DETAILS_OLDER,UNVERIFIED_NO_LIVE_CHECK,UNVERIFIED,"Web sources cannot confirm a place, supplies, admission, or walk-in access today; contact the point before travel.",2026-09-26
Челябинская область,Челябинск,Храм Архангела Михаила,Кормление нуждающихся после богослужения,пункт бесплатного питания при храме,религиозная,"ул. Чоппа, 12",+7 (351) 777-36-68,UNVERIFIED,UNVERIFIED,https://socslujenie74.ru/map,https://socslujenie74.ru/map,https://socslujenie74.ru/map,RESTRICTIONS,UNVERIFIED,UNVERIFIED,UNVERIFIED,UNVERIFIED,UNVERIFIED,UNVERIFIED,UNVERIFIED,UNVERIFIED,UNVERIFIED,UNVERIFIED,UNVERIFIED,UNVERIFIED,UNVERIFIED,Кормление по воскресеньям и церковным праздникам после богослужения.,нуждающиеся,UNVERIFIED,UNVERIFIED,UNVERIFIED,UNVERIFIED,UNVERIFIED,бесплатно,"Вс и церковные праздники, около 11:00","Вс и церковные праздники, около 11:00",UNVERIFIED,https://socslujenie74.ru/map,2026-09-25,VERIFIED_CURRENT_PRIMARY,UNVERIFIED,UNVERIFIED,UNVERIFIED,UNVERIFIED,UNVERIFIED,UNVERIFIED,UNVERIFIED,UNVERIFIED,OPEN,200,https://socslujenie74.ru/map,EXACT_NORMALIZED,EXACT_NORMALIZED,https://socslujenie74.ru/map,YES,CURRENT_LOCATION_AND_SERVICE_REPORTED,UNVERIFIED_NO_LIVE_CHECK,UNVERIFIED,"Web sources cannot confirm a place, supplies, admission, or walk-in access today; contact the point before travel.",2026-09-26
Чеченская Республика,Ачхой-Мартан,АНО ЦРО «Хайра»,Пункт обслуживания в Ачхой-Мартане,"благотворительная организация, пункт обслуживания",НКО,"ул. Школьная, 28",+7 (928) 645-55-39,UNVERIFIED,info@hayra.ru,https://hayra.ru/,https://hayra.ru/kontakty/,https://hayra.ru/kontakty/; https://hayra.ru/get-help/; https://hayra.ru/author/hayra/page/8/; https://dobro.ru/organizations/10021676/about,UNVERIFIED,RESTRICTIONS,UNVERIFIED,UNVERIFIED,RESTRICTIONS,YES,UNVERIFIED,UNVERIFIED,UNVERIFIED,UNVERIFIED,UNVERIFIED,UNVERIFIED,UNVERIFIED,UNVERIFIED,Действующая страница организации называет этот адрес пунктом обслуживания. Страница «Получить помощь» подтверждает продуктовую помощь «Баракат» и выдачу одежды «Бутик добра». Официальная публикация 2024 года сообщает о доставке вещей в «Дома добра» для выдачи нуждающимся. Точный ассортимент и наличие продуктов в конкретном пункте необходимо уточнять у диспетчера. Примечание: На странице «Получить помощь» просят предварительно написать диспетчеру. Проверить выдачу и наличие вещей по телефону до поездки. Данные о бесплатной выдаче одежды/обуви также на DOBRO.RU; не путать с контейнерами только для приема вещей.,"нуждающиеся, в том числе малоимущие семьи",UNVERIFIED,UNVERIFIED,UNVERIFIED,Написать диспетчеру до обращения,UNVERIFIED,Бесплатная благотворительная помощь; условия получения продуктов уточнять у организации,Пн–Пт 09:00–18:00 (общий режим пунктов обслуживания),UNVERIFIED,UNVERIFIED,https://hayra.ru/get-help/,2026-09-25,VERIFIED_CURRENT_PRIMARY,UNVERIFIED,UNVERIFIED,UNVERIFIED,UNVERIFIED,UNVERIFIED,UNVERIFIED,UNVERIFIED,UNVERIFIED,OPEN,200,https://hayra.ru/kontakty/,EXACT_NORMALIZED,EXACT_NORMALIZED,https://hayra.ru/kontakty/,YES,CURRENT_LOCATION_AND_SERVICE_REPORTED,UNVERIFIED_NO_LIVE_CHECK,UNVERIFIED,"Web sources cannot confirm a place, supplies, admission, or walk-in access today; contact the point before travel.",2026-09-26
Чеченская Республика,Грозный,АНО ЦРО «Хайра»,Пункт обслуживания в Грозном,"благотворительная организация, пункт обслуживания",НКО,"ул. Сайханова, 53",+7 (928) 645-55-39,UNVERIFIED,info@hayra.ru,https://hayra.ru/,https://hayra.ru/kontakty/,https://hayra.ru/kontakty/; https://hayra.ru/get-help/; https://hayra.ru/author/hayra/page/8/; https://dobro.ru/organizations/10021676/about,UNVERIFIED,RESTRICTIONS,UNVERIFIED,UNVERIFIED,RESTRICTIONS,YES,UNVERIFIED,UNVERIFIED,UNVERIFIED,UNVERIFIED,UNVERIFIED,UNVERIFIED,UNVERIFIED,UNVERIFIED,Действующая страница организации называет этот адрес пунктом обслуживания. Страница «Получить помощь» подтверждает продуктовую помощь «Баракат» и выдачу одежды «Бутик добра». Официальная публикация 2024 года сообщает о доставке вещей в «Дома добра» для выдачи нуждающимся. Точный ассортимент и наличие продуктов в конкретном пункте необходимо уточнять у диспетчера. Примечание: На странице «Получить помощь» просят предварительно написать диспетчеру. Проверить выдачу и наличие вещей по телефону до поездки. Данные о бесплатной выдаче одежды/обуви также на DOBRO.RU; не путать с контейнерами только для приема вещей.,"нуждающиеся, в том числе малоимущие семьи",UNVERIFIED,UNVERIFIED,UNVERIFIED,Написать диспетчеру до обращения,UNVERIFIED,Бесплатная благотворительная помощь; условия получения продуктов уточнять у организации,Пн–Пт 09:00–18:00 (общий режим пунктов обслуживания),UNVERIFIED,UNVERIFIED,https://hayra.ru/get-help/,2026-09-25,VERIFIED_CURRENT_PRIMARY,UNVERIFIED,UNVERIFIED,UNVERIFIED,UNVERIFIED,UNVERIFIED,UNVERIFIED,UNVERIFIED,UNVERIFIED,OPEN,200,https://hayra.ru/kontakty/,EXACT_NORMALIZED,EXACT_NORMALIZED,https://hayra.ru/kontakty/,YES,CURRENT_LOCATION_AND_SERVICE_REPORTED,UNVERIFIED_NO_LIVE_CHECK,UNVERIFIED,"Web sources cannot confirm a place, supplies, admission, or walk-in access today; contact the point before travel.",2026-09-26
Чеченская Республика,Урус-Мартан,АНО ЦРО «Хайра»,Пункт обслуживания в Урус-Мартане,"благотворительная организация, пункт обслуживания",НКО,"ул. Кадырова, 97",+7 (928) 645-55-39,UNVERIFIED,info@hayra.ru,https://hayra.ru/,https://hayra.ru/kontakty/,https://hayra.ru/kontakty/; https://hayra.ru/get-help/; https://hayra.ru/author/hayra/page/8/; https://dobro.ru/organizations/10021676/about,UNVERIFIED,RESTRICTIONS,UNVERIFIED,UNVERIFIED,RESTRICTIONS,YES,UNVERIFIED,UNVERIFIED,UNVERIFIED,UNVERIFIED,UNVERIFIED,UNVERIFIED,UNVERIFIED,UNVERIFIED,Действующая страница организации называет этот адрес пунктом обслуживания. Страница «Получить помощь» подтверждает продуктовую помощь «Баракат» и выдачу одежды «Бутик добра». Официальная публикация 2024 года сообщает о доставке вещей в «Дома добра» для выдачи нуждающимся. Точный ассортимент и наличие продуктов в конкретном пункте необходимо уточнять у диспетчера. Примечание: На странице «Получить помощь» просят предварительно написать диспетчеру. Проверить выдачу и наличие вещей по телефону до поездки. Данные о бесплатной выдаче одежды/обуви также на DOBRO.RU; не путать с контейнерами только для приема вещей.,"нуждающиеся, в том числе малоимущие семьи",UNVERIFIED,UNVERIFIED,UNVERIFIED,Написать диспетчеру до обращения,UNVERIFIED,Бесплатная благотворительная помощь; условия получения продуктов уточнять у организации,Пн–Пт 09:00–18:00 (общий режим пунктов обслуживания),UNVERIFIED,UNVERIFIED,https://hayra.ru/get-help/,2026-09-25,VERIFIED_CURRENT_PRIMARY,UNVERIFIED,UNVERIFIED,UNVERIFIED,UNVERIFIED,UNVERIFIED,UNVERIFIED,UNVERIFIED,UNVERIFIED,OPEN,200,https://hayra.ru/kontakty/,EXACT_NORMALIZED,EXACT_NORMALIZED,https://hayra.ru/kontakty/,YES,CURRENT_LOCATION_AND_SERVICE_REPORTED,UNVERIFIED_NO_LIVE_CHECK,UNVERIFIED,"Web sources cannot confirm a place, supplies, admission, or walk-in access today; contact the point before travel.",2026-09-26
Чувашская Республика,Чебоксары,Центр гуманитарной помощи Чебоксарско-Чувашской епархии,При храме Новомучеников и Исповедников Российских,центр выдачи вещей,религиозная,"проспект Тракторостроителей, 4, правая часть храма, вход напротив просфорной",+7 (960) 300-65-95,UNVERIFIED,UNVERIFIED,https://miloserdie21.ru/,https://miloserdie21.ru/tsentr-gumanitarnoy-pomoshhi-g-cheboksaryi/,https://miloserdie21.ru/tsentr-gumanitarnoy-pomoshhi-g-cheboksaryi/; https://hnir21.cerkov.ru/o-xrame/centr-gumanitarnoj-pomoshhi-pri-xrame/,UNVERIFIED,UNVERIFIED,UNVERIFIED,UNVERIFIED,YES,YES,UNVERIFIED,UNVERIFIED,UNVERIFIED,UNVERIFIED,UNVERIFIED,UNVERIFIED,UNVERIFIED,UNVERIFIED,"Епархия указывает, что центр собирает и распределяет среди нуждающихся одежду, обувь и бытовые вещи; приводит точный вход и часы работы по адресу проспект Тракторостроителей, 4. Примечание: Действующие страницы епархии и храма без даты; наличие вещей и часы на день визита не проверены.","Многодетные семьи, инвалиды, пенсионеры, бездомные и другие нуждающиеся",UNVERIFIED,UNVERIFIED,UNVERIFIED,UNVERIFIED,UNVERIFIED,Бесплатная благотворительная помощь.,Ежедневно 09:00–18:00 по странице епархиального проекта без даты; подтвердить перед визитом.,UNVERIFIED,UNVERIFIED,https://miloserdie21.ru/tsentr-gumanitarnoy-pomoshhi-g-cheboksaryi/,2026-09-25,PARTIAL_CURRENT,UNVERIFIED,UNVERIFIED,UNVERIFIED,UNVERIFIED,UNVERIFIED,UNVERIFIED,UNVERIFIED,UNVERIFIED,OPEN,200,https://miloserdie21.ru/tsentr-gumanitarnoy-pomoshhi-g-cheboksaryi/,LOOSE_REVIEW,LOOSE_REVIEW,https://miloserdie21.ru/tsentr-gumanitarnoy-pomoshhi-g-cheboksaryi/,YES,PARTIAL_CURRENT_REPORT,UNVERIFIED_NO_LIVE_CHECK,UNVERIFIED,"Web sources cannot confirm a place, supplies, admission, or walk-in access today; contact the point before travel.",2026-09-26
Чувашская Республика,Чебоксары,Социальный склад «Хитон»,Склад при Покровско-Татианинском соборе,социальный склад выдачи вещей,Религиозная организация / НКО,"ул. Мичмана Павлова, 17, здание Воскресной школы при соборе",+7 (919) 673-73-59,+7 (8352) 37-09-89,UNVERIFIED,https://www.sobor-pokrova.ru/,https://www.sobor-pokrova.ru/info.aspx?id=17988&type=news,https://www.sobor-pokrova.ru/info.aspx?id=17988&type=news; https://www.nalog.gov.ru/html/sites/www.rn21.nalog.ru/press/psh13.pdf; https://mospat.ru/ru/news/90797/,UNVERIFIED,UNVERIFIED,UNVERIFIED,UNVERIFIED,YES,YES,UNVERIFIED,UNVERIFIED,UNVERIFIED,UNVERIFIED,UNVERIFIED,UNVERIFIED,UNVERIFIED,UNVERIFIED,Публикация собора 2021 года и правительственная газета того же года сообщают о бесплатной выдаче нуждающимся одежды и обуви по адресу склада. Работа склада упомянута в сообщении 2023 года; сведений за 2025–2026 годы не найдено. Примечание: Адрес и выдача подтверждены источниками 2021 года; последняя найденная публикация о работе склада датирована сентябрём 2023 года. Перед поездкой позвонить.,Нуждающиеся малоимущие жители Чебоксар,UNVERIFIED,UNVERIFIED,UNVERIFIED,UNVERIFIED,UNVERIFIED,Бесплатная выдача вещей.,Выдача вещей по воскресеньям по публикации 2021 года; актуальные часы уточнить по телефону.,UNVERIFIED,UNVERIFIED,https://www.sobor-pokrova.ru/,2026-09-25,PARTIAL_OLD_SOURCE,UNVERIFIED,UNVERIFIED,UNVERIFIED,UNVERIFIED,UNVERIFIED,UNVERIFIED,UNVERIFIED,UNVERIFIED,OPEN,200,https://www.sobor-pokrova.ru/info.aspx?id=17988&type=news,NOT_IN_PRIMARY_TEXT,NOT_IN_PRIMARY_TEXT,https://www.sobor-pokrova.ru/info.aspx?id=17988&type=news,YES,OLD_SOURCE_ONLY,UNVERIFIED_NO_LIVE_CHECK,UNVERIFIED,"Web sources cannot confirm a place, supplies, admission, or walk-in access today; contact the point before travel.",2026-09-26
Чукотский автономный округ,Анадырь,Центр социальной помощи при храме Преображения Господня,Центр социальной помощи,религиозный центр помощи,религиозная,"ул. Гриневецкого, 16",+7 (42722) 2-05-45,+7 (42722) 6-04-11,UNVERIFIED,UNVERIFIED,http://social.diaconia.ru/service/2420,http://social.diaconia.ru/service/2420,RESTRICTIONS,RESTRICTIONS,UNVERIFIED,UNVERIFIED,RESTRICTIONS,RESTRICTIONS,UNVERIFIED,UNVERIFIED,UNVERIFIED,UNVERIFIED,UNVERIFIED,UNVERIFIED,UNVERIFIED,UNVERIFIED,"Центр безвозмездно помогает малоимущим: бесплатные обеды, продуктовые наборы, теплая одежда, обувь и медикаменты; помогает жителям Анадыря и удалённых посёлков. Примечание: Церковная база обновлена 25.07.2024. Выдача в Анадыре привязана к указанному адресу; доставка в посёлки не считается отдельными точками.","Малоимущие, многодетные, матери-одиночки.",UNVERIFIED,UNVERIFIED,UNVERIFIED,UNVERIFIED,UNVERIFIED,Безвозмездно.,UNVERIFIED,UNVERIFIED,UNVERIFIED,UNVERIFIED,2026-09-25,PARTIAL_CURRENT,UNVERIFIED,UNVERIFIED,UNVERIFIED,UNVERIFIED,UNVERIFIED,UNVERIFIED,UNVERIFIED,UNVERIFIED,OPEN,200,http://social.diaconia.ru/service/2420,EXACT_NORMALIZED,EXACT_NORMALIZED,http://social.diaconia.ru/service/2420,YES,PARTIAL_CURRENT_REPORT,UNVERIFIED_NO_LIVE_CHECK,UNVERIFIED,"Web sources cannot confirm a place, supplies, admission, or walk-in access today; contact the point before travel.",2026-09-26
Ямало-Ненецкий автономный округ,Новый Уренгой,Архиерейское подворье храма преподобного Серафима Саровского,Вещевой склад проекта «Подари одежду»,церковный вещевой склад,религиозная,"ул. Захаренкова, 2, территория храма",+7 (912) 429-19-07,UNVERIFIED,UNVERIFIED,UNVERIFIED,https://milost-nur.orgs.biz/,https://milost-nur.orgs.biz/; https://base.garant.ru/409296536/,UNVERIFIED,UNVERIFIED,UNVERIFIED,UNVERIFIED,RESTRICTIONS,UNVERIFIED,UNVERIFIED,UNVERIFIED,UNVERIFIED,UNVERIFIED,UNVERIFIED,UNVERIFIED,UNVERIFIED,UNVERIFIED,"Публикация 23.04.2024 на странице партнёра проекта сообщает о вещевом складе при храме преподобного Серафима Саровского, где принимают и выдают одежду нуждающимся. Муниципальный документ указывает адрес храма: ул. Захаренкова, 2; на странице партнёра встречается 2А. Страница партнёра размещена в каталоге, а не на официальном сайте АНО. Продолжение работы склада в 2026 году и вход с улицы не подтверждены. Телефон принадлежит партнёру АНО «Милость»; услуги фонда по другому адресу к этому складу не относятся. Примечание: Два адресных обозначения 2 и 2А относятся к территории одного храма; уточнить вход и расписание у организаторов. Телефон принадлежит партнёру АНО «Милость». Душ и стирка фонда по другому адресу к этой точке не приписаны.",нуждающиеся в одежде,UNVERIFIED,UNVERIFIED,UNVERIFIED,UNVERIFIED,UNVERIFIED,благотворительная выдача бесплатно,UNVERIFIED,UNVERIFIED,UNVERIFIED,UNVERIFIED,2026-09-25,PARTIAL_OLD_SOURCE,UNVERIFIED,UNVERIFIED,UNVERIFIED,UNVERIFIED,UNVERIFIED,UNVERIFIED,UNVERIFIED,UNVERIFIED,OPEN,200,https://milost-nur.orgs.biz/,NOT_IN_PRIMARY_TEXT,NOT_IN_PRIMARY_TEXT,https://milost-nur.orgs.biz/,YES,OLD_SOURCE_ONLY,UNVERIFIED_NO_LIVE_CHECK,UNVERIFIED,"Web sources cannot confirm a place, supplies, admission, or walk-in access today; contact the point before travel.",2026-09-26
Ямало-Ненецкий автономный округ,Новый Уренгой,АНО Центр социальной помощи «Милость»,Центр помощи и мобильные проекты,центр срочной социальной помощи,НКО,"ул. имени К. Ф. Ватолина, 2; в шапке страницы указан адрес ул. Захаренкова, 2А",+7 (912) 429-19-07,+7 (922) 095-44-92,arhpodvorye@yandex.ru,https://milost-nur.orgs.biz/,https://milost-nur.orgs.biz/,https://milost-nur.orgs.biz/; https://xn--j1aaidmgm.xn--80aaaj6begwu4gyb.xn--p1ai/public/application/item?id=7d653aff-cd6e-424c-8a8f-cece2a766160,RESTRICTIONS,RESTRICTIONS,UNVERIFIED,UNVERIFIED,RESTRICTIONS,RESTRICTIONS,RESTRICTIONS,UNVERIFIED,RESTRICTIONS,UNVERIFIED,UNVERIFIED,UNVERIFIED,UNVERIFIED,RESTRICTIONS,"Публичная страница организации указывает бесплатное горячее питание или продуктовые наборы, одежду, обувь и предметы первой необходимости. Проект бесплатного мобильного душа подтверждён грантовой карточкой и новостями организации в 2026 году; выдаются средства гигиены и сменная одежда. На странице есть конфликт двух адресов, поэтому точное место каждой услуги необходимо узнать по телефону.",бездомные и люди в трудной жизненной ситуации; отдельные проекты доступны малоимущим,UNVERIFIED,UNVERIFIED,UNVERIFIED,UNVERIFIED,UNVERIFIED,питание и проект душа заявлены как бесплатные; условия остальной помощи уточнить,Пн–Пт 09:00–18:00 — режим организации; расписание отдельных проектов уточнить,UNVERIFIED,UNVERIFIED,https://milost-nur.orgs.biz/,2026-09-26,PARTIAL_CURRENT_ADDRESS_CONFLICT,UNVERIFIED,UNVERIFIED,UNVERIFIED,UNVERIFIED,UNVERIFIED,UNVERIFIED,UNVERIFIED,UNVERIFIED,OPEN,200,https://milost-nur.orgs.biz/,LOOSE_REVIEW,LOOSE_REVIEW,https://milost-nur.orgs.biz/,YES,CURRENT_SOURCE_ADDRESS_CONFLICT,UNVERIFIED_NO_LIVE_CHECK,UNVERIFIED,"Web sources cannot confirm a place, supplies, admission, or walk-in access today; contact the point before travel.",2026-09-26
Ярославская область,Ярославль,Благотворительный фонд «ДоброЯр»,Благотворительный склад на Машиностроителей,гуманитарный склад; пункт выдачи вещей,НКО,"просп. Машиностроителей, 62Д, вход слева от мойки",+7 (905) 130-17-45,UNVERIFIED,holse260687@mail.ru,https://dobro-yar.ru/,https://dobro.ru/organizations/10089099/about,https://dobro.ru/organizations/10089099/about,UNVERIFIED,UNVERIFIED,UNVERIFIED,UNVERIFIED,YES,UNVERIFIED,UNVERIFIED,UNVERIFIED,UNVERIFIED,UNVERIFIED,UNVERIFIED,UNVERIFIED,UNVERIFIED,UNVERIFIED,Благотворительный склад для людей в трудной жизненной ситуации; все вещи на складе абсолютно бесплатные. Примечание: Адреса заявлены самой организацией в профиле Добро.рф; обувь отдельно не подтверждена.,Люди в трудной жизненной ситуации,UNVERIFIED,UNVERIFIED,UNVERIFIED,UNVERIFIED,UNVERIFIED,Бесплатно,11:00–16:00 (дни уточнить),UNVERIFIED,UNVERIFIED,UNVERIFIED,2026-09-25,PARTIAL_CURRENT,UNVERIFIED,UNVERIFIED,UNVERIFIED,UNVERIFIED,UNVERIFIED,UNVERIFIED,UNVERIFIED,UNVERIFIED,OPEN,200,https://dobro.ru/organizations/10089099/about,LOOSE_REVIEW,LOOSE_REVIEW,https://dobro.ru/organizations/10089099/about,YES,PARTIAL_CURRENT_REPORT,UNVERIFIED_NO_LIVE_CHECK,UNVERIFIED,"Web sources cannot confirm a place, supplies, admission, or walk-in access today; contact the point before travel.",2026-09-26
Ярославская область,Ярославль,Социальный магазин бесплатных вещей для нуждающихся,Пункт выдачи вещей,социальный магазин бесплатных вещей,НКО,"ул. Стачек, 63, 3-й этаж",+7 (4852) 45-89-92,UNVERIFIED,UNVERIFIED,https://socmag.1c-umi.ru/,https://socmag.1c-umi.ru/,https://socmag.1c-umi.ru/,UNVERIFIED,UNVERIFIED,UNVERIFIED,UNVERIFIED,YES,YES,UNVERIFIED,UNVERIFIED,UNVERIFIED,UNVERIFIED,UNVERIFIED,UNVERIFIED,UNVERIFIED,UNVERIFIED,"Бесплатные вещи для нуждающихся; каталог включает женскую, мужскую, детскую одежду и обувь. Примечание: Собственный сайт действует без даты обновления; телефон и режим перед визитом уточнить.",Нуждающиеся,UNVERIFIED,UNVERIFIED,UNVERIFIED,UNVERIFIED,UNVERIFIED,Бесплатно,пн–пт 09:00–18:00,UNVERIFIED,UNVERIFIED,UNVERIFIED,2026-09-25,PARTIAL_CURRENT,UNVERIFIED,UNVERIFIED,UNVERIFIED,UNVERIFIED,UNVERIFIED,UNVERIFIED,UNVERIFIED,UNVERIFIED,OPEN,200,https://socmag.1c-umi.ru/,LOOSE_REVIEW,LOOSE_REVIEW,https://socmag.1c-umi.ru/,YES,PARTIAL_CURRENT_REPORT,UNVERIFIED_NO_LIVE_CHECK,UNVERIFIED,"Web sources cannot confirm a place, supplies, admission, or walk-in access today; contact the point before travel.",2026-09-26
Ярославская область,Ярославль,Благотворительный фонд «ДоброЯр»,Благотворительный склад на Труфанова,гуманитарный склад; пункт выдачи вещей,НКО,"ул. Труфанова, 19, ТЦ «Победа», цокольный этаж, левое крыло",+7 (905) 130-17-45,UNVERIFIED,holse260687@mail.ru,https://dobro-yar.ru/,https://dobro.ru/organizations/10089099/about,https://dobro.ru/organizations/10089099/about,UNVERIFIED,UNVERIFIED,UNVERIFIED,UNVERIFIED,YES,UNVERIFIED,UNVERIFIED,UNVERIFIED,UNVERIFIED,UNVERIFIED,UNVERIFIED,UNVERIFIED,UNVERIFIED,UNVERIFIED,Благотворительный склад для людей в трудной жизненной ситуации; все вещи на складе абсолютно бесплатные. Примечание: Адреса заявлены самой организацией в профиле Добро.рф; обувь отдельно не подтверждена.,Люди в трудной жизненной ситуации,UNVERIFIED,UNVERIFIED,UNVERIFIED,UNVERIFIED,UNVERIFIED,Бесплатно,11:00–16:00 (дни уточнить),UNVERIFIED,UNVERIFIED,UNVERIFIED,2026-09-25,PARTIAL_CURRENT,UNVERIFIED,UNVERIFIED,UNVERIFIED,UNVERIFIED,UNVERIFIED,UNVERIFIED,UNVERIFIED,UNVERIFIED,OPEN,200,https://dobro.ru/organizations/10089099/about,LOOSE_REVIEW,LOOSE_REVIEW,https://dobro.ru/organizations/10089099/about,YES,PARTIAL_CURRENT_REPORT,UNVERIFIED_NO_LIVE_CHECK,UNVERIFIED,"Web sources cannot confirm a place, supplies, admission, or walk-in access today; contact the point before travel.",2026-09-26
